ogc_fid,objectid,sector,nom_col,cod_col_1,cod_col_2,tipo,cod_col_3,observacio,cod_dist_1,cod_dist_2,cod_dist_3,cod_dist_4,uni_ind_1,uni_ind_2,uni_ind_3,ciudades
"1",1,SECTOR 02,COLONIA MIRAMESI,"0205",,BARRIO O COLONIA,,,DU07,,,,,,,TEGUCIGALPA
"2",2,SECTOR 02,BARRIO PUNTA CALIENTE,"0206",,BARRIO O COLONIA,,,DU07,,,,,,,TEGUCIGALPA
"3",3,SECTOR 02,COLONIA LAS CANTERAS,"0207",,BARRIO O COLONIA,,,DU07,,,,,,,TEGUCIGALPA
"4",4,SECTOR 02,BARRIO EL BOSQUE,"0202","0805",BARRIO O COLONIA,,,DU07,,,,,,,TEGUCIGALPA
"5",5,SECTOR 02,BARRIO BUENOS AIRES,"0201",,BARRIO O COLONIA,,,DU07,DU01,,,,,,TEGUCIGALPA
"6",6,SECTOR 02,BARRIO BUENA VISTA,"0212",,BARRIO O COLONIA,,,DU07,DU01,,,,,,TEGUCIGALPA
"7",7,SECTOR 01,BARRIO LA CONCORDIA,"0219","0107",BARRIO O COLONIA,,,DU01,DU07,,,,,,TEGUCIGALPA
"8",8,SECTOR 02,BARRIO LA FUENTE,"0213",,BARRIO O COLONIA,,,DU01,,,,,,,TEGUCIGALPA
"9",9,SECTOR 02,COLONIA ALAHAMBRA,"0210",,BARRIO O COLONIA,,,DU01,DU07,,,,,,TEGUCIGALPA
"10",10,SECTOR 02,COLONIA ZARAGOZA,"0211",,BARRIO O COLONIA,,,DU07,DU01,,,,,,TEGUCIGALPA
"11",11,SECTOR 02,BARRIO EL EDEN,"0204",,BARRIO O COLONIA,,,DU07,DU01,,,,,,TEGUCIGALPA
"12",12,SECTOR 02,BARRIO LA LEONA,"0209",,BARRIO O COLONIA,,,DU01,,,,,,,TEGUCIGALPA
"13",13,SECTOR 01,BARRIO ABAJO,"0101",,BARRIO O COLONIA,,,DU01,,,,,,,TEGUCIGALPA
"14",14,SECTOR 01,BARRIO LA MONCADA,"0115",,BARRIO O COLONIA,,,DU01,,,,,,,TEGUCIGALPA
"15",15,SECTOR 01,BARRIO EL JAZMIN,"0104",,BARRIO O COLONIA,,,DU01,,,,,,,TEGUCIGALPA
"16",16,SECTOR 01,BARRIO LA PLAZUELA,"0110",,BARRIO O COLONIA,,,DU01,DU02,,,,,,TEGUCIGALPA
"17",17,SECTOR 01,BARRIO EL OLVIDO,"0105",,BARRIO O COLONIA,,,DU01,DU02,,,,,,TEGUCIGALPA
"18",18,SECTOR 03,CONDOMINIOS VIERA,"0316",,BARRIO O COLONIA,,,DU07,,,,,,,TEGUCIGALPA
"19",19,SECTOR 03,BARRIO CASAMATA,"0302","0116",BARRIO O COLONIA,,NO HAY AREA DE ESTA COLONIA EN SECTOR 01,DU07,,,,,,,TEGUCIGALPA
"20",20,SECTOR 01,BARRIO GUANACASTE,"0106","0311",BARRIO O COLONIA,,,DU07,DU01,DU02,,,,,TEGUCIGALPA
"21",21,SECTOR 03,BARRIO SAN PABLO,"0304","0925",BARRIO O COLONIA,,NO HAY AREA DE ESTA COLONIA EN SECTOR 09,DU07,,,,,,,TEGUCIGALPA
"22",22,SECTOR 03,COLONIA JARDIN SANTA ROSA,"0306",,BARRIO O COLONIA,,,DU07,,,,,,,TEGUCIGALPA
"23",23,SECTOR 03,COLONIA JARDIN LAS MERCEDES,"0307","0917",BARRIO O COLONIA,,,DU07,,,,,,,TEGUCIGALPA
"24",24,SECTOR 03,COLONIA LA REFORMA,"0305","0425",BARRIO O COLONIA,"0926",NO HAY AREA DE ESTA COLONIA EN SECTOR 04 Y 09,DU07,,,,,,,TEGUCIGALPA
"25",25,SECTOR 11,COLONIA  LOMA LINDA SUR,"1110",,BARRIO O COLONIA,,,DU02,,,,,,,TEGUCIGALPA
"26",26,SECTOR 12,COLONIA ALTOS DE LA PRIMAVERA 1,"0621",,BARRIO O COLONIA,,,DU04,,,,,,,COMAYAGUELA
"27",27,SECTOR 12,COLONIA TILOARQUE NORTE,"1218",,BARRIO O COLONIA,,,DU04,,,,,,,COMAYAGUELA
"28",28,SECTOR 12,COLONIA OSCAR CASTRO TEJADA,"1236",,BARRIO O COLONIA,,,DU04,,,,,,,COMAYAGUELA
"29",29,SECTOR 12,COLONIA NUEVO AMANECER,"1217",,BARRIO O COLONIA,,,DU04,,,,,,,COMAYAGUELA
"30",30,SECTOR 12,COLONIA NUEVA ESPERANZA,"1221",,BARRIO O COLONIA,,,DU04,,,,,,,COMAYAGUELA
"31",31,SECTOR 12,SIN NOMBRE,"0000",,AREA SIN NOMBRE,,,DU04,,,,,,,COMAYAGUELA
"32",32,SECTOR 12,COLONIA LOMAS DE TILOARQUE ETAPA I,"1208",,BARRIO O COLONIA,,,DU04,,,,,,,COMAYAGUELA
"33",33,SECTOR 12,COLONIA LOMAS DE TILOARQUE ETAPA II,"1208",,BARRIO O COLONIA,,,DU04,,,,,,,COMAYAGUELA
"34",34,SECTOR 12,COLONIA PERITOS MERCANTILES,"1226",,BARRIO O COLONIA,,,DU04,,,,,,,COMAYAGUELA
"35",35,SECTOR 12,COLONIA ALTOS  DE TILOARQUE,"1216",,BARRIO O COLONIA,,,DU04,,,,,,,COMAYAGUELA
"36",36,SECTOR 12,RESIDENCIAL VILLA DE TILOARQUE I ETAPA,"1234",,BARRIO O COLONIA,,,DU04,,,,,,,COMAYAGUELA
"37",37,SECTOR 12,COLONIA  MILENIUN,"0000",,BARRIO O COLONIA,,,DU04,,,,,,,COMAYAGUELA
"38",38,SECTOR 12,METRO MALL,"0000",,REFERENCIA,,,DU04,,,,,,,COMAYAGUELA
"39",39,SECTOR 12,COLONIA EL VACILON,"1211",,BARRIO O COLONIA,,,DU04,,,,,,,COMAYAGUELA
"40",40,SECTOR 12,COLONIA MARIA CRISTINA,"1203",,BARRIO O COLONIA,,,DU04,,,,,,,COMAYAGUELA
"41",41,SECTOR 12,RESIDENCIAL LA GRANJA PRIMERA ETAPA,"1232",,BARRIO O COLONIA,,,DU04,,,,,,,COMAYAGUELA
"42",42,SECTOR 12,RESIDENCIAL LA GRANJA SEGUNDA ETAPA,"1233",,BARRIO O COLONIA,,,DU04,,,,,,,COMAYAGUELA
"43",43,SECTOR 12,CONDOMINIOS LAS MARIAS,"0000",,BARRIO O COLONIA,,,DU04,,,,,,,COMAYAGUELA
"44",44,SECTOR 12,COLONIA MARADIAGA,"1215",,BARRIO O COLONIA,,,DU04,,,,,,,COMAYAGUELA
"45",45,SECTOR 12,COLONIA EL TREBOL,"1231",,BARRIO O COLONIA,,,DU04,,,,,,,COMAYAGUELA
"46",46,SECTOR 12,COLONIA EL ALAMO,"1207",,BARRIO O COLONIA,,,DU04,,,,,,,COMAYAGUELA
"47",47,SECTOR 12,COLONIA VILLA ESPAÑOLA,"1206",,BARRIO O COLONIA,,,DU04,,,,,,,COMAYAGUELA
"48",48,SECTOR 12,SIN NOMBRE,"0000",,AREA SIN NOMBRE,,,DU04,,,,,,,COMAYAGUELA
"49",49,SECTOR 12,RESIDENCIAL ATLANTIS,"1223",,BARRIO O COLONIA,,,DU04,,,,,,,COMAYAGUELA
"50",50,SECTOR 12,COLONIA MIRAFLOR,"1222",,BARRIO O COLONIA,,,DU04,,,,,,,COMAYAGUELA
"51",51,SECTOR 12,MIRADOR DE TILOARQUE,"1235",,BARRIO O COLONIA,,,DU04,,,,,,,COMAYAGUELA
"52",52,SECTOR 13,BARRIO LA SOLEDAD,"1317",,BARRIO O COLONIA,,MISMO CODIGO QUE LA SOLEDAD 2,DU11,,,,,,,COMAYAGUELA
"53",53,SECTOR 13,COLONIA ISRAEL SUR,"1313",,BARRIO O COLONIA,,,DU11,,,,,,,COMAYAGUELA
"54",54,SECTOR 13,COLONIA  VISTA HERMOSA,"1312",,BARRIO O COLONIA,,,DU11,,,,,,,COMAYAGUELA
"55",55,SECTOR 13,COLONIA FATIMA,"1316",,BARRIO O COLONIA,,,DU11,,,,,,,COMAYAGUELA
"56",56,SECTOR 13,COLONIA  NUEVA JERUSALEM,"1372",,BARRIO O COLONIA,,,DU11,,,,,,,COMAYAGUELA
"57",57,SECTOR 13,COLONIA  SAN BUENAVENTURA,"1380",,BARRIO O COLONIA,,,DU11,,,,,,,COMAYAGUELA
"58",58,SECTOR 13,RESIDENCIAL NORTE FRESCO,"1376",,BARRIO O COLONIA,,,DU11,,,,,,,COMAYAGUELA
"59",59,SECTOR 13,COLONIA EL EDEN,"1309",,BARRIO O COLONIA,,,DU11,,,,,,,COMAYAGUELA
"60",60,SECTOR 13,COLONIA EL RETIRO,"1350",,BARRIO O COLONIA,,,DU11,,,,,,,COMAYAGUELA
"61",61,SECTOR 13,COLONIA PUEBLO NUEVO,"1377",,BARRIO O COLONIA,,,DU11,,,,,,,COMAYAGUELA
"62",62,SECTOR 13,COLONIA SANTA EDUVIGES,"1308",,BARRIO O COLONIA,,,DU11,,,,,,,COMAYAGUELA
"63",63,SECTOR 13,COLONIA NUEVA OROCUINA,"1304",,BARRIO O COLONIA,,,DU11,,,,,,,COMAYAGUELA
"64",64,SECTOR 13,COLONIA ALTOS  DE LOS LAURELES,"1303",,BARRIO O COLONIA,,,DU11,,,,,,,COMAYAGUELA
"65",65,SECTOR 13,COLONIA VILLA LOS LAURELES,"1378",,BARRIO O COLONIA,,,DU11,,,,,,,COMAYAGUELA
"66",66,SECTOR 13,COLONIA   19 DE SEPTIEMBRE,"1306",,BARRIO O COLONIA,,,DU11,,,,,,,COMAYAGUELA
"67",67,SECTOR 13,RESIDENCIAL LAURELES REAL,"1382",,BARRIO O COLONIA,,,DU11,,,,,,,COMAYAGUELA
"68",68,SECTOR 13,RESIDENCIAL FRANCISCO MORAZAN,"1354",,BARRIO O COLONIA,,,DU11,,,,,,,COMAYAGUELA
"69",69,SECTOR 13,RESIDENCIAL VILLA LOS LAURELES II ETAPA,"1307",,BARRIO O COLONIA,,,DU11,,,,,,,COMAYAGUELA
"70",70,SECTOR 13,RESIDENCIAL VILLA LOS LAURELES,"1381",,BARRIO O COLONIA,,CODIGO REPETIDO CON COLONIA 25 DE ENERO,DU11,,,,,,,COMAYAGUELA
"71",71,SECTOR 13,SIN NOMBRE,"0000",,AREA SIN NOMBRE,,,DU11,,,,UI06,,,COMAYAGUELA
"72",72,SECTOR 13,RESIDENCIAL MIRADOR DEL NORTE,"1374",,BARRIO O COLONIA,,,DU11,,,,,,,COMAYAGUELA
"73",73,SECTOR 13,RESIDENCIAL CIUDAD LEMPIRA I ETAPA,"1362",,BARRIO O COLONIA,,,DU11,,,,,,,COMAYAGUELA
"74",74,SECTOR 13,RESIDENCIAL CIUDAD LEMPIRA II ETAPA,"1362",,BARRIO O COLONIA,,,DU11,,,,,,,COMAYAGUELA
"75",75,SECTOR 13,COLONIA  ARTURO QUEZADA,"1346",,BARRIO O COLONIA,,,DU11,,,,,,,COMAYAGUELA
"76",76,SECTOR 13,COLONIA RAMON AMAYA AMADOR,"1369",,BARRIO O COLONIA,,,DU11,,,,,,,COMAYAGUELA
"77",77,SECTOR 13,COLONIA   MONTES  DE BENDICION,"1383",,BARRIO O COLONIA,,,DU11,,,,,,,COMAYAGUELA
"78",78,SECTOR 13,COLONIA DAVID BETANCOURHT,"1371",,BARRIO O COLONIA,,,DU11,,,,,,,COMAYAGUELA
"79",79,SECTOR 13,COLONIA ARCIERY SECTOR II,"1370",,BARRIO O COLONIA,,,DU11,,,,,,,COMAYAGUELA
"80",80,SECTOR 13,COLONIA NUEVA GALILEA,"1385",,BARRIO O COLONIA,,,DU11,,,,,,,COMAYAGUELA
"81",81,SECTOR 13,COLONIA NUEVA ESPAÑA,"1386",,BARRIO O COLONIA,,,DU11,,,,,,,COMAYAGUELA
"82",82,SECTOR 13,RESIDENCIAL CIUDAD LEMPIRA III ETAPA,"1362",,BARRIO O COLONIA,,,DU11,,,,,,,COMAYAGUELA
"83",83,SECTOR 13,COLONIA 25 DE ENERO,"1381",,BARRIO O COLONIA,,CODIGO REPETIDO CON RES. VILLA LOS LAURELES,DU11,,,,,,,COMAYAGUELA
"84",84,SECTOR 13,COLONIA NUEVA JERUSALEN No.2,"0000",,BARRIO O COLONIA,,,DU11,,,,,,,COMAYAGUELA
"85",85,SECTOR 13,SIN NOMBRE,"0000",,AREA SIN NOMBRE,,,,,,,UI06,,,COMAYAGUELA
"86",86,SECTOR 17,COLONIA FLORENCIA SUR,"1703",,BARRIO O COLONIA,,,DU02,,,,,,,TEGUCIGALPA
"87",87,SECTOR 17,CHALET FRANCES SAN IGNACIO,"1825",,BARRIO O COLONIA,,,DU02,,,,,,,TEGUCIGALPA
"88",88,SECTOR 17,COLONIA RUBEN ANTUNEZ,"1707",,BARRIO O COLONIA,,,DU02,,,,,,,TEGUCIGALPA
"89",89,SECTOR 17,RESIDENCIAL VILLA PALMERAS,"1727",,BARRIO O COLONIA,,,DU02,,,,,,,TEGUCIGALPA
"90",90,SECTOR 17,RESIDENCIAL EL TRAPICHE,"1726",,BARRIO O COLONIA,,,DU02,,,,,,,TEGUCIGALPA
"91",91,SECTOR 17,VILLAS SAN DIEGO,"1734",,BARRIO O COLONIA,,,DU02,,,,,,,TEGUCIGALPA
"92",92,SECTOR 17,RIVIERA DEL TRAPICHE IV,"1731",,BARRIO O COLONIA,,,DU02,,,,,,,TEGUCIGALPA
"93",93,SECTOR 17,VILLAS SAINT HONORE,"0000",,BARRIO O COLONIA,,,DU02,,,,,,,TEGUCIGALPA
"94",94,SECTOR 17,VENECIA DEL TRAPICHE ETAPA IIB,"1732",,BARRIO O COLONIA,,,DU02,,,,,,,TEGUCIGALPA
"95",95,SECTOR 17,VENECIA DEL TRAPICHE ETAPA IIA,"1733",,BARRIO O COLONIA,,,DU02,,,,,,,TEGUCIGALPA
"96",98,SECTOR 18,COLONIA HATO DE ENMEDIO AMPLIACION BLOQUE I Y J,"0000",,BARRIO O COLONIA,,,DU02,,,,,,,TEGUCIGALPA
"97",99,SECTOR 18,AREA DE RESERVA ECOLOGICA,"0000",,REFERENCIA,,,DU02,,,,,,,TEGUCIGALPA
"98",115,SECTOR 20,INFOP,"0000",,REFERENCIA,,,DU03,,,,,,,TEGUCIGALPA
"99",116,SECTOR 18,PLAZA CUBA,"0000",,REFERENCIA,,,DU03,,,,,,,TEGUCIGALPA
"100",117,SECTOR 19,PLAZA MIRAFLORES,"0000",,REFERENCIA,,,DU02,,,,,,,TEGUCIGALPA
"101",118,SECTOR 19,CEMCOL,"0000",,REFERENCIA,,,DU03,,,,,,,TEGUCIGALPA
"102",119,SECTOR 21,PLANTEL SANAA,"0000",,REFERENCIA,,,DU03,,,,,,,TEGUCIGALPA
"103",120,SECTOR 19,CORTE SUPREMA DE JUSTICIA,"0000",,REFERENCIA,,,DU03,,,,,,,TEGUCIGALPA
"104",121,SECTOR 22,AREA VERDE,"0000",,REFERENCIA,,,DU04,,,,,,,COMAYAGUELA
"105",124,SECTOR 23,COLONIA 15 DE SEPTIEMBRE,"2321",,BARRIO O COLONIA,,,DU04,,,,,,,COMAYAGUELA
"106",125,SECTOR 22,AEREOPUERTO INTERNACIONAL TONCONTIN,"0000",,REFERENCIA,,,DU04,,,,,,,COMAYAGUELA
"107",127,SECTOR 18,HOSPITAL MARIA,"0000",,REFERENCIA,,,DU08,,,,,,,TEGUCIGALPA
"108",128,SECTOR 18,ASERRADERO,"0000",,REFERENCIA,,,DU08,,,,,,,TEGUCIGALPA
"109",129,SECTOR 18,RESIDENCIAL SUYAPITA,"1819",,BARRIO O COLONIA,,,DU08,,,,,,,TEGUCIGALPA
"110",130,SECTOR 18,SIN NOMBRE,"0000",,AREA SIN NOMBRE,,,DU08,,,,UI01,,,TEGUCIGALPA
"111",131,SECTOR 18,RESIDENCIAL ALTOS DEL TRAPICHE I ETAPA,"1818",,BARRIO O COLONIA,,,DU08,,,,,,,TEGUCIGALPA
"112",132,SECTOR 18,RESIDENCIAL ALTOS DEL TRAPICHE II ETAPA,"1818",,BARRIO O COLONIA,,,DU08,,,,,,,TEGUCIGALPA
"113",133,SECTOR 18,COLONIA HATO DE ENMEDIO SECTOR 6,"1801",,BARRIO O COLONIA,,,DU02,,,,,,,TEGUCIGALPA
"114",134,SECTOR 18,COLONIA HATO DE ENMEDIO SECTOR 7,"1801",,BARRIO O COLONIA,,,DU02,,,,,,,TEGUCIGALPA
"115",135,SECTOR 18,COLONIA HATO DE ENMEDIO SECTOR 6A,"1801",,BARRIO O COLONIA,,,DU08,,,,,,,TEGUCIGALPA
"116",136,SECTOR 18,COLONIA HATO DE ENMEDIO SECTOR 3,"1801",,BARRIO O COLONIA,,,DU02,,,,,,,TEGUCIGALPA
"117",137,SECTOR 18,COLONIA HATO DE ENMEDIO SECTOR 5,"1801",,BARRIO O COLONIA,,,DU02,,,,,,,TEGUCIGALPA
"118",138,SECTOR 18,COLONIA HATO DE ENMEDIO SECTOR 2,"1801",,BARRIO O COLONIA,,,DU02,,,,,,,TEGUCIGALPA
"119",139,SECTOR 18,COLONIA HATO DE ENMEDIO SECTOR 8,"1801",,BARRIO O COLONIA,,,DU02,,,,,,,TEGUCIGALPA
"120",140,SECTOR 18,COLONIA HATO DE ENMEDIO SECTOR 9,"1801",,BARRIO O COLONIA,,,DU08,,,,,,,TEGUCIGALPA
"121",141,SECTOR 18,COLONIA HATO DE ENMEDIO SECTOR 1,"1801",,BARRIO O COLONIA,,,DU02,,,,,,,TEGUCIGALPA
"122",142,SECTOR 18,RESIDENCIAL VALENCIA,"1814",,BARRIO O COLONIA,,,DU02,,,,,,,TEGUCIGALPA
"123",143,SECTOR 18,COLONIA GLORIA A DIOS,"1816",,BARRIO O COLONIA,,,DU02,,,,,,,TEGUCIGALPA
"124",144,SECTOR 18,RESIDENCIAL BELLA ORIENTE,"1803",,BARRIO O COLONIA,,,DU02,,,,,,,TEGUCIGALPA
"125",145,SECTOR 18,RESIDENCIAL SAN JUAN,"1821",,BARRIO O COLONIA,,,DU08,,,,,,,TEGUCIGALPA
"126",146,SECTOR 18,COLONIA HATO DE ENMEDIO SECTOR10,"1801",,BARRIO O COLONIA,,,DU08,,,,,,,TEGUCIGALPA
"127",147,SECTOR 18,COLONIA  COVESPUL,"1817",,BARRIO O COLONIA,,,DU08,,,,,,,TEGUCIGALPA
"128",148,SECTOR 18,RESIDENCIAL ALTOS DEL TRAPICHE III ETAPA,"1818",,BARRIO O COLONIA,,,DU08,,,,,,,TEGUCIGALPA
"129",149,SECTOR 18,RESIDENCIAL ALTOS DEL TRAPICHE IV ETAPA,"1818",,BARRIO O COLONIA,,,DU08,,,,,,,TEGUCIGALPA
"130",150,SECTOR 18,RESIDENCIAL ALTOS DEL TRAPICHE V ETAPA,"1818",,BARRIO O COLONIA,,,DU08,,,,,,,TEGUCIGALPA
"131",151,SECTOR 18,RESIDENCIAL ALTOS DEL TRAPICHE VI ETAPA,"1826",,BARRIO O COLONIA,,,DU08,,,,,,,TEGUCIGALPA
"132",154,SECTOR 18,COLONIA EL HIGUERO,"1808",,BARRIO O COLONIA,,,DU08,,,,,,,TEGUCIGALPA
"133",155,SECTOR 18,COLONIA ALTOS DE AGAFAM,"0000",,BARRIO O COLONIA,,,DU08,,,,,,,TEGUCIGALPA
"134",156,SECTOR 18,COLONIA LA LIBERTAD,"1809",,BARRIO O COLONIA,,,DU08,,,,,,,TEGUCIGALPA
"135",157,SECTOR 18,COLONIA 17 DE SEPTIEMBRE,"1810",,BARRIO O COLONIA,,,DU08,,,,,,,TEGUCIGALPA
"136",158,SECTOR 18,COLONIA LA LIBERTAD 2,"0000",,BARRIO O COLONIA,,,DU08,,,,,,,TEGUCIGALPA
"137",161,SECTOR 18,COLONIA SAN IGNACIO,"1802",,BARRIO O COLONIA,,,DU02,,,,,,,TEGUCIGALPA
"138",162,SECTOR 18,RESIDENCIAL CASAVOLA,"1806",,BARRIO O COLONIA,,,DU02,,,,,,,TEGUCIGALPA
"139",163,SECTOR 18,COLONIA LUIS LANDA,"1805",,BARRIO O COLONIA,,,DU02,,,,,,,TEGUCIGALPA
"140",164,SECTOR 20,COLONIA SAN ANGEL,"2010",,BARRIO O COLONIA,,,DU03,,,,,,,TEGUCIGALPA
"141",165,SECTOR 20,COLONIA KENNEDY SUPER MANZANA 5,"2001",,BARRIO O COLONIA,,,DU03,,,,,,,TEGUCIGALPA
"142",166,SECTOR 20,COLONIA KENNEDY SUPER MANZANA 6,"2001",,BARRIO O COLONIA,,,DU03,,,,,,,TEGUCIGALPA
"143",167,SECTOR 20,COLONIA KENNEDY SUPER MANZANA 3,"2001",,BARRIO O COLONIA,,,DU03,,,,,,,TEGUCIGALPA
"144",168,SECTOR 20,COLONIA KENNEDY SUPER MANZANA 4,"2001",,BARRIO O COLONIA,,,DU03,,,,,,,TEGUCIGALPA
"145",169,SECTOR 20,RESIDENCIAL GUAYMURAS,"2009",,BARRIO O COLONIA,,,DU03,,,,,,,TEGUCIGALPA
"146",170,SECTOR 20,COLONIA KENNEDY SUPER MANZANA 2,"2001",,BARRIO O COLONIA,,,DU03,,,,,,,TEGUCIGALPA
"147",171,SECTOR 20,COLONIA KENNEDY SUPER MANZANA 1,"2001",,BARRIO O COLONIA,,,DU03,,,,,,,TEGUCIGALPA
"148",175,SECTOR 20,RESIDENCIAL LOMAS EL DORADO,"2025",,BARRIO O COLONIA,,,DU09,,,,,,,TEGUCIGALPA
"149",176,SECTOR 20,RESIDENCIAL HONDURAS,"2019",,BARRIO O COLONIA,,,DU09,,,,,,,TEGUCIGALPA
"150",177,SECTOR 20,RESIDENCIAL LOS PORTALES,"2028",,BARRIO O COLONIA,,,DU09,,,,,,,TEGUCIGALPA
"151",178,SECTOR 20,SIN NOMBRE,"0000",,AREA SIN NOMBRE,,,DU03,,,,,,,TEGUCIGALPA
"152",179,SECTOR 20,SIN NOMBRE,"0000",,AREA SIN NOMBRE,,,DU03,,,,,,,TEGUCIGALPA
"153",180,SECTOR 20,SIN NOMBRE,"0000",,AREA SIN NOMBRE,,,DU09,,,,,,,TEGUCIGALPA
"154",181,SECTOR 20,SIN NOMBRE,"0000",,AREA SIN NOMBRE,,,DU09,,,,,,,TEGUCIGALPA
"155",182,SECTOR 20,SIN NOMBRE,"0000",,AREA SIN NOMBRE,,,DU09,,,,,,,TEGUCIGALPA
"156",183,SECTOR 20,SIN NOMBRE,"0000",,AREA SIN NOMBRE,,,DU03,,,,,,,TEGUCIGALPA
"157",184,SECTOR 20,COLONIA VICTOR F ARDON,"2008",,BARRIO O COLONIA,,,DU09,DU03,,,,,,TEGUCIGALPA
"158",185,SECTOR 20,RESIDENCIAL VIENA,"2030",,BARRIO O COLONIA,,,DU09,,,,,,,TEGUCIGALPA
"159",186,SECTOR 20,AREA VERDE,"0000",,REFERENCIA,,,DU03,,,,,,,TEGUCIGALPA
"160",187,SECTOR 20,RESIDENCIAL LOMAS DE JACALEAPA,"2007",,BARRIO O COLONIA,,,DU03,,,,,,,TEGUCIGALPA
"161",188,SECTOR 20,RESIDENCIAL BERNARDO DAZZI II ETAPA,"2005",,BARRIO O COLONIA,,,DU03,,,,,,,TEGUCIGALPA
"162",189,SECTOR 20,SIN NOMBRE,"2016",,AREA SIN NOMBRE,,,DU03,,,,,,,TEGUCIGALPA
"163",190,SECTOR 20,COLONIA LOMAS DE SAN JOSE  I ETAPA,"2018",,BARRIO O COLONIA,,,DU03,,,,,,,TEGUCIGALPA
"164",191,SECTOR 20,RESIDENCIAL LAS PALMAS,"2035",,BARRIO O COLONIA,,,DU03,,,,,,,TEGUCIGALPA
"165",192,SECTOR 20,COLONIA DIOS PROVEERA,"2023",,BARRIO O COLONIA,,,DU03,,,,,,,TEGUCIGALPA
"166",193,SECTOR 21,COLONIA BRISAS DE JACALEAPA O LOMAS DE NAVOO I ETAPA,"2021",,BARRIO O COLONIA,,,DU03,,,,,,,TEGUCIGALPA
"167",194,SECTOR 20,ALDEA LA JOYA,"2021",,ALDEA O CASERIO,,,DU03,,,,,,,TEGUCIGALPA
"168",195,SECTOR 20,COLONIA LOMAS DE SAN JOSE  II ETAPA,"2018",,BARRIO O COLONIA,,,DU03,,,,,,,TEGUCIGALPA
"169",196,SECTOR 20,COLONIA LAS PALMAS,"2004",,BARRIO O COLONIA,,,DU03,,,,,,,TEGUCIGALPA
"170",197,SECTOR 20,RESIDENCIAL BERNARDO DAZZI III ETAPA,"2005",,BARRIO O COLONIA,,,DU03,,,,,,,TEGUCIGALPA
"171",198,SECTOR 20,RESIDENCIAL BERNARDO DAZZI I  ETAPA,"2005",,BARRIO O COLONIA,,,DU03,,,,,,,TEGUCIGALPA
"172",199,SECTOR 20,COLONIA SANTA ISABEL,"2003",,BARRIO O COLONIA,,,DU03,,,,,,,TEGUCIGALPA
"173",200,SECTOR 20,RESIDENCIAL PLAZA,"2017","1918",BARRIO O COLONIA,,,DU03,,,,,,,TEGUCIGALPA
"174",201,SECTOR 20,RESIDENCIAL PLAZA SUB DIVISION,"2027",,BARRIO O COLONIA,,,DU03,,,,,,,TEGUCIGALPA
"175",202,SECTOR 20,RESIDENCIAL VILLA COLONIAL,"2034",,BARRIO O COLONIA,,,DU03,,,,,,,TEGUCIGALPA
"176",203,SECTOR 20,RESIDENCIAL VEGAS DE LA JOYA,"2031",,BARRIO O COLONIA,,,DU03,,,,,,,TEGUCIGALPA
"177",204,SECTOR 20,SIN NOMBRE,"0000",,AREA SIN NOMBRE,,,DU03,,,,,,,TEGUCIGALPA
"178",205,SECTOR 20,RESIDENCIAL VISTA HERMOSA,"2011",,BARRIO O COLONIA,,,DU03,,,,,,,TEGUCIGALPA
"179",207,SECTOR 19,RESIDENCIAL LOMA VERDE,"1927",,BARRIO O COLONIA,,,DU02,,,,,,,TEGUCIGALPA
"180",208,SECTOR 19,COLONIA EL HOGAR,"1902",,BARRIO O COLONIA,,,DU02,,,,,,,TEGUCIGALPA
"181",209,SECTOR 19,COLONIA LAS COLINAS,"1904",,BARRIO O COLONIA,,,DU02,,,,,,,TEGUCIGALPA
"182",210,SECTOR 19,COLONIA EL DORADO,"1917",,BARRIO O COLONIA,,,DU02,,,,,,,TEGUCIGALPA
"183",211,SECTOR 19,SIN NOMBRE,"0000",,AREA SIN NOMBRE,,,DU02,,,,,,,TEGUCIGALPA
"184",212,SECTOR 19,SIN NOMBRE,"0000",,AREA SIN NOMBRE,,,DU02,,,,,,,TEGUCIGALPA
"185",213,SECTOR 19,RESIDENCAL ALTOS DE LAS COLINAS,"1905",,BARRIO O COLONIA,,,DU02,,,,,,,TEGUCIGALPA
"186",214,SECTOR 19,MALL LAS CASCADAS,"0000",,REFERENCIA,,,DU02,,,,,,,TEGUCIGALPA
"187",215,SECTOR 19,COLONIA MIRAFLORES,"1908","1906",BARRIO O COLONIA,,NO SE HA DEFINIDO LIMITE DE DIVISION,DU03,,,,,,,TEGUCIGALPA
"188",216,SECTOR 19,COLONIA JARDINES DE MIRAFLORES,"1919",,BARRIO O COLONIA,,,DU03,,,,,,,TEGUCIGALPA
"189",217,SECTOR 19,COLONIA MIRAFLORES SUR,"1907",,BARRIO O COLONIA,,,DU03,,,,,,,TEGUCIGALPA
"190",218,SECTOR 19,RESIDENCIAL ALTOS DE MIRAFLORES SUR III ETAPA,"1935",,BARRIO O COLONIA,,,DU03,,,,,,,TEGUCIGALPA
"191",219,SECTOR 19,RESIDENCIAL ALTOS DE MIRAFLORES SUR I ETAPA,"1933",,BARRIO O COLONIA,,,DU03,,,,,,,TEGUCIGALPA
"192",220,SECTOR 19,SIN NOMBRE,"0000",,AREA SIN NOMBRE,,,DU03,,,,,,,TEGUCIGALPA
"193",221,SECTOR 19,RESIDENCIAL LOMAS DE MIRAFLORES SUR,"1921",,BARRIO O COLONIA,,,DU03,,,,,,,TEGUCIGALPA
"194",222,SECTOR 19,RESIDENCIAL VILLA LOMAS DE MIRAFLORES,"1936",,BARRIO O COLONIA,,,DU03,,,,,,,TEGUCIGALPA
"195",223,SECTOR 19,COLONIA ALTOS DE LA JOYA,"1916",,BARRIO O COLONIA,,,DU03,,,,,,,TEGUCIGALPA
"196",224,SECTOR 19,COLONIA LA JOYA,"1912",,BARRIO O COLONIA,,,DU03,,,,,,,TEGUCIGALPA
"197",225,SECTOR 19,RESIDENCIAL LOS TULIPANES,"1939",,BARRIO O COLONIA,,,DU03,,,,,,,TEGUCIGALPA
"198",226,SECTOR 19,COLONIA LA JOYA FOSOVI,"1913",,BARRIO O COLONIA,,,DU03,,,,,,,TEGUCIGALPA
"199",227,SECTOR 19,ALDEA LA JOYA,"1923",,ALDEA O CASERIO,,,DU03,,,,,,,TEGUCIGALPA
"200",228,SECTOR 19,RESIDENCIAL VILLA BENETTON,"1930",,BARRIO O COLONIA,,,DU03,,,,,,,TEGUCIGALPA
"201",229,SECTOR 19,RESIDENCIAL VILLA SANTA CRISTINA,"1938",,BARRIO O COLONIA,,,DU03,,,,,,,TEGUCIGALPA
"202",230,SECTOR 19,COLONIA LAS BRISAS,"1911",,BARRIO O COLONIA,,,DU03,,,,,,,TEGUCIGALPA
"203",231,SECTOR 19,COLONIA BETANIA,"1929",,BARRIO O COLONIA,,,DU02,,,,,,,TEGUCIGALPA
"204",233,SECTOR 19,SIN NOMBRE,"0000",,AREA SIN NOMBRE,,,DU02,,,,,,,TEGUCIGALPA
"205",234,SECTOR 22,LA VEGA,"9981",,BARRIO O COLONIA,,,DU04,,,,,,,COMAYAGUELA
"206",235,SECTOR 19,COLONIA NORA DE MELGAR,"0000",,BARRIO O COLONIA,,,DU03,,,,,,,TEGUCIGALPA
"207",236,SECTOR 21,COLONIA KUWAYT,"0000",,BARRIO O COLONIA,,,DU03,,,,,,,TEGUCIGALPA
"208",238,SECTOR 21,COLONIA LAS GRANJITAS,"2117",,BARRIO O COLONIA,,,DU03,,,,,,,TEGUCIGALPA
"209",239,SECTOR 21,COLONIA LAS VEGAS  FECESITLIH,"2137",,BARRIO O COLONIA,,,DU03,,,,,,,TEGUCIGALPA
"210",240,SECTOR 21,COLONIA ROMA,"2118",,BARRIO O COLONIA,,,DU03,,,,,,,TEGUCIGALPA
"211",241,SECTOR 21,ANEXO LAS VEGAS,"2130",,BARRIO O COLONIA,,,DU03,,,,,,,TEGUCIGALPA
"212",242,SECTOR 21,RESIDENCIAL LAS VEGAS,"9985",,BARRIO O COLONIA,,,DU03,,,,,,,TEGUCIGALPA
"213",243,SECTOR 21,COLONIA VEGAS DEL RIO,"2138",,BARRIO O COLONIA,,,DU03,,,,,,,TEGUCIGALPA
"214",244,SECTOR 21,COLONIA COMUNIDAD SOCIAL,"0000",,BARRIO O COLONIA,,,DU03,,,,,,,TEGUCIGALPA
"215",245,SECTOR 21,SAN JOSE DE LA VEGA I ETAPA,"2114",,BARRIO O COLONIA,,,DU03,,,,,,,TEGUCIGALPA
"216",246,SECTOR 21,COLONIA RAMON ALVAREZ MALDONADO,"2148",,BARRIO O COLONIA,,,DU03,,,,,,,TEGUCIGALPA
"217",247,SECTOR 21,RESIDENCIAL ALEMAN,"2113",,BARRIO O COLONIA,,,DU03,,,,,,,TEGUCIGALPA
"218",248,SECTOR 21,CONVENTO MISIONERO,"0000",,REFERENCIA,,,DU03,,,,,,,TEGUCIGALPA
"219",249,SECTOR 21,COLONIA LOS ALPES No.2,"2142",,BARRIO O COLONIA,,,DU03,,,,,,,TEGUCIGALPA
"220",250,SECTOR 21,RESIDENCIAL LOS MOLINOS,"2149",,BARRIO O COLONIA,,,DU03,,,,,,,TEGUCIGALPA
"221",251,SECTOR 21,COLONIA 14 DE MARZO,"2108",,BARRIO O COLONIA,,,DU03,,,,,,,TEGUCIGALPA
"222",252,SECTOR 21,COLONIA CALPULES,"2109",,BARRIO O COLONIA,,,DU03,,,,,,,TEGUCIGALPA
"223",255,SECTOR 21,COLONIA MIRADOR DE SAN ISIDRO,"2122",,BARRIO O COLONIA,,,DU03,,,,,,,TEGUCIGALPA
"224",256,SECTOR 21,COLONIA ALTOS DE SAN ISIDRO,"0000",,BARRIO O COLONIA,,,DU03,,,,,,,TEGUCIGALPA
"225",257,SECTOR 21,COLONIA LUIS FERNANDO CORDOBA,"2153",,BARRIO O COLONIA,,,DU03,,,,,,,TEGUCIGALPA
"226",258,SECTOR 21,COLONIA VISTA HERMOSA,"2123",,BARRIO O COLONIA,,,DU03,,,,,,,TEGUCIGALPA
"227",259,SECTOR 21,RESIDENCIAL JESUS AGUILAR PAZ,"2140",,BARRIO O COLONIA,,,DU03,,,,,,,TEGUCIGALPA
"228",260,SECTOR 21,COLONIA BRISAS DE JACALEAPA O LOMAS DE NAVOO III ETAPA,"2147",,BARRIO O COLONIA,,,DU03,,,,,,,TEGUCIGALPA
"229",261,SECTOR 21,COLONIA BRISAS DE JACALEAPA O LOMAS DE NAVOO IV ETAPA,"2147",,BARRIO O COLONIA,,,DU03,,,,,,,TEGUCIGALPA
"230",262,SECTOR 21,COLONIA MONTERREY,"2120",,BARRIO O COLONIA,,,DU03,,,,,,,TEGUCIGALPA
"231",263,SECTOR 21,COLONIA SAN JOSE DE LOS LLANOS,"2119",,BARRIO O COLONIA,,,DU03,,,,,,,TEGUCIGALPA
"232",264,SECTOR 21,COLONIA MONTERREY NORTE,"0000",,BARRIO O COLONIA,,,DU03,,,,,,,TEGUCIGALPA
"233",265,SECTOR 21,RESIDENCIAL ALTOS DE VENECIA I ETAPA,"2152",,BARRIO O COLONIA,,,DU09,,,,,,,TEGUCIGALPA
"234",266,SECTOR 21,RESIDENCIAL VENECIA II ETAPA,"2151",,BARRIO O COLONIA,,,DU09,,,,,,,TEGUCIGALPA
"235",267,SECTOR 21,COLONIA LOARQUE,"9993",,BARRIO O COLONIA,,,DU09,,,,,,,TEGUCIGALPA
"236",268,SECTOR 21,ALDEA LOARQUE,"2132",,BARRIO O COLONIA,,,DU09,,,,,,,TEGUCIGALPA
"237",269,SECTOR 21,COLONIA LOARQUE SUR,"2104",,BARRIO O COLONIA,,,DU09,,,,,,,TEGUCIGALPA
"238",270,SECTOR 22,COLONIA  SATELITE,"2223","2323",BARRIO O COLONIA,,,DU10,DU04,,,,,,COMAYAGUELA
"239",271,SECTOR 21,COLONIA JARDINES DE LOARQUE,"2105","2305",BARRIO O COLONIA,"2224",,DU09,DU10,,,,,,TEGUCIGALPA
"240",272,SECTOR 23,SIN NOMBRE,"0000",,AREA SIN NOMBRE,,,DU10,DU04,,,,,,COMAYAGUELA
"241",273,SECTOR 21,EL AGUACATE,"0000",,ALDEA O CASERIO,,,DU09,DU03,,,,,,TEGUCIGALPA
"242",274,SECTOR 22,COLONIA LA PROVIDENCIA,"2226",,BARRIO O COLONIA,,,DU04,,,,,,,COMAYAGUELA
"243",275,SECTOR 22,COLONIA ROBERTO SUAZO CORDOVA,"2203",,BARRIO O COLONIA,,,DU04,,,,,,,COMAYAGUELA
"244",276,SECTOR 22,COLONIA FALDAS DEL PEDREGAL,"2204",,BARRIO O COLONIA,,,DU04,,,,,,,COMAYAGUELA
"245",277,SECTOR 22,COLONIA SAN JOSE DEL PEDREGAL,"2205",,BARRIO O COLONIA,,,DU04,,,,,,,COMAYAGUELA
"246",278,SECTOR 22,BARRIO SAN JOSE,"2202",,BARRIO O COLONIA,,,DU04,,,,,,,COMAYAGUELA
"247",280,SECTOR 22,COLONIA SANTO DOMINGO,"2209",,BARRIO O COLONIA,,,DU04,,,,,,,COMAYAGUELA
"248",282,SECTOR 22,COLONIA FRANCISCO MURILLO SOTO,"2210",,BARRIO O COLONIA,,,DU04,,,,,,,COMAYAGUELA
"249",283,SECTOR 22,BARRIO EL COCO,"2211",,BARRIO O COLONIA,,,DU04,,,,,,,COMAYAGUELA
"250",284,SECTOR 22,BARRIO EL CARRIZAL,"2212",,BARRIO O COLONIA,,,DU04,,,,,,,COMAYAGUELA
"251",285,SECTOR 22,COLONIA MONTELIMAR,"2219",,BARRIO O COLONIA,,,DU04,,,,,,,COMAYAGUELA
"252",286,SECTOR 22,COLONIAI JARDINES DE SAN JOSE,"2207",,BARRIO O COLONIA,,,DU04,,,,,,,COMAYAGUELA
"253",287,SECTOR 22,COLONIA OSCAR A FLORES,"2216",,BARRIO O COLONIA,,,DU04,,,,,,,COMAYAGUELA
"254",288,SECTOR 22,COLONIA LOMAS DEL CORTIJO,"2213",,BARRIO O COLONIA,,,DU04,,,,,,,COMAYAGUELA
"255",289,SECTOR 22,COLONIA LOS ZORZALES I,"2215",,BARRIO O COLONIA,,,DU04,,,,,,,COMAYAGUELA
"256",290,SECTOR 22,COLONIA LOS ZORZALES II,"2215",,BARRIO O COLONIA,,,DU04,,,,,,,COMAYAGUELA
"257",291,SECTOR 22,COLONIA BRISAS DEL CORTIJO,"2230",,BARRIO O COLONIA,,,DU04,,,,,,,COMAYAGUELA
"258",292,SECTOR 22,COLONIA ALTOS DE SAN JOSE,"2221",,BARRIO O COLONIA,,,DU04,,,,,,,COMAYAGUELA
"259",293,SECTOR 22,COLONIA RIVERAS DE LA VEGA,"2220",,BARRIO O COLONIA,,,DU04,,,,,,,COMAYAGUELA
"260",314,SECTOR 13,COLONIA LA HUERTA,"0000",,BARRIO O COLONIA,,,DU11,,,,,,,COMAYAGUELA
"261",315,SECTOR 13,SIN NOMBRE,"0000",,AREA SIN NOMBRE,,,DU11,,,,,,,COMAYAGUELA
"262",316,SECTOR 13,COLONIA ALTOS DE LA QUEZADA,"0000",,BARRIO O COLONIA,,,DU11,,,,,,,COMAYAGUELA
"263",317,SECTOR 13,COLONIA VICENTE LOPEZ,"0000",,BARRIO O COLONIA,,,DU11,,,,,,,COMAYAGUELA
"264",318,SECTOR 13,COLONIA BRISAS DEL MOGOTE,"0000",,BARRIO O COLONIA,,,DU11,,,,,,,COMAYAGUELA
"265",321,SECTOR 13,VILLA QUEZADA,"0000",,BARRIO O COLONIA,,,DU11,,,,,,,COMAYAGUELA
"266",323,SECTOR 18,VILLA DE SAN IGNACIO,"1823",,BARRIO O COLONIA,,,DU02,,,,,,,TEGUCIGALPA
"267",325,SECTOR 18,CONDOMINIOS QUINTA BELLA,"1824",,BARRIO O COLONIA,,,DU02,,,,,,,TEGUCIGALPA
"268",326,SECTOR 18,RESIDENCIAL GAUBANA,"1828",,BARRIO O COLONIA,,,DU02,,,,,,,TEGUCIGALPA
"269",327,SECTOR 19,RESIDENCIAL JOYAS DEL DORADO,"1237",,BARRIO O COLONIA,,,DU03,,,,,,,TEGUCIGALPA
"270",328,SECTOR 19,RESIDENCIAL VILLA ESMERALDA I ETAPA,"1932",,BARRIO O COLONIA,,,DU03,,,,,,,TEGUCIGALPA
"271",329,SECTOR 19,RESIDENCIAL VILLA ESMERALDA II ETAPA,"1932",,BARRIO O COLONIA,,,DU03,,,,,,,TEGUCIGALPA
"272",330,SECTOR 13,COLONIA  ALTOS DE SAN FRANCISCO,"1305",,BARRIO O COLONIA,,,DU11,,,,,,,COMAYAGUELA
"273",331,SECTOR 19,COLONIA LOMA DE LA JOYA,"1931",,BARRIO O COLONIA,,,DU03,,,,,,,TEGUCIGALPA
"274",332,SECTOR 17,VILLA FLORENCIA,"1738",,BARRIO O COLONIA,,,DU02,,,,,,,TEGUCIGALPA
"275",333,SECTOR 19,CONDOMINIOS ALTOS DE MIRAFLORES SUR LOTE 33,"0000",,BARRIO O COLONIA,,,DU03,,,,,,,TEGUCIGALPA
"276",334,SECTOR 20,RESIDENCIAL CIUDAD JARDIN,"2029",,BARRIO O COLONIA,,,DU09,,,,,,,TEGUCIGALPA
"277",335,SECTOR 18,SIN NOMBRE,"0000",,AREA SIN NOMBRE,,,DU02,,,,,,,TEGUCIGALPA
"278",336,SECTOR 18,COLONIA HATO DE ENMEDIO SECTOR 4,"1801",,BARRIO O COLONIA,,,DU02,,,,,,,TEGUCIGALPA
"279",337,SECTOR 18,AGAFAM,"0000",,REFERENCIA,,,DU08,,,,,,,TEGUCIGALPA
"280",338,SECTOR 19,VILLA SANTA MARIA,"0000",,BARRIO O COLONIA,,,DU03,,,,,,,TEGUCIGALPA
"281",339,SECTOR 19,RESIDENCIAL ALTOS DE MIRAFLORES SUR II ETAPA,"1934",,BARRIO O COLONIA,,,DU03,,,,,,,TEGUCIGALPA
"282",340,SECTOR 19,COLONIA LA JOYA MATAMOROS,"0000",,BARRIO O COLONIA,,,DU03,,,,,,,TEGUCIGALPA
"283",341,SECTOR 19,UNPFM,"0000",,REFERENCIA,,,DU02,,,,,,,TEGUCIGALPA
"284",342,SECTOR 20,SIN NOMBRE,"0000",,AREA SIN NOMBRE,,,DU03,,,,,,,TEGUCIGALPA
"285",343,SECTOR 21,COLONIA LOMA SUR,"2150",,BARRIO O COLONIA,,,DU03,,,,,,,TEGUCIGALPA
"286",344,SECTOR 21,RESIDENCIAL LA CAÑADA,"2133",,BARRIO O COLONIA,,,DU03,,,,,,,TEGUCIGALPA
"287",345,SECTOR 21,COLONIA MONTES DE SINAI,"2112",,BARRIO O COLONIA,,,DU03,,,,,,,TEGUCIGALPA
"288",346,SECTOR 21,COLONIA LA POPULAR,"2110",,BARRIO O COLONIA,,,DU03,,,,,,,TEGUCIGALPA
"289",347,SECTOR 21,COLONIA SAN JOSE DE LA PEÑA,"2111",,BARRIO O COLONIA,,,DU03,,,,,,,TEGUCIGALPA
"290",348,SECTOR 21,COLONIA LOS ALPES No.1,"2146",,BARRIO O COLONIA,,,DU03,,,,,,,TEGUCIGALPA
"291",351,SECTOR 21,SIN NOMBRE,"0000",,AREA SIN NOMBRE,,,DU03,,,,,,,TEGUCIGALPA
"292",352,SECTOR 19,COLONIA MIRAFLORES SUR LOTE 32,"1934",,BARRIO O COLONIA,,CODIGO REPETIDO CON ALTOS DE MIRAFLORES SUR,DU03,,,,,,,TEGUCIGALPA
"293",353,SECTOR 19,RESIDENSIAL ALTOS DE MIRAFLORES SUR  LOTE 37,"1934",,BARRIO O COLONIA,,CODIGO REPETIDO CON ALTOS DE MIRAFLORES SUR,DU03,,,,,,,TEGUCIGALPA
"294",354,SECTOR 13,COLONIA ARCIERY,"0000",,BARRIO O COLONIA,,,DU11,,,,,,,COMAYAGUELA
"295",355,SECTOR 13,SIN NOMBRE,"0000",,AREA SIN NOMBRE,,,DU11,,,,,,,COMAYAGUELA
"296",356,SECTOR 22,SIN NOMBRE,"0000",,AREA SIN NOMBRE,,,DU04,,,,,,,COMAYAGUELA
"297",359,SECTOR 19,VILLA MIRAFLORES NORTE,"0000",,BARRIO O COLONIA,,,DU03,,,,,,,TEGUCIGALPA
"298",360,SECTOR 17,SIN NOMBRE,"0000",,AREA SIN NOMBRE,,,DU02,,,,,,,TEGUCIGALPA
"299",361,SECTOR 23,SIN NOMBRE,"0000",,AREA SIN NOMBRE,,,DU04,,,,,,,COMAYAGUELA
"300",362,SECTOR 20,RESIDENCIAL VILLAS PLAZA,"0000",,BARRIO O COLONIA,,,DU03,,,,,,,TEGUCIGALPA
"301",363,SECTOR 18,VILLAS SAFIRO,"0000",,BARRIO O COLONIA,,,DU02,,,,,,,TEGUCIGALPA
"302",364,SECTOR 18,RESIDENCIAL AZULEJOS DE SAN IGNACIO,"0000",,BARRIO O COLONIA,,,DU02,,,,,,,TEGUCIGALPA
"303",365,SECTOR 18,RESIDENCIAL QUINTAS SAN IGNACIO,"0000",,BARRIO O COLONIA,,,DU02,,,,,,,TEGUCIGALPA
"304",366,SECTOR 12,RESIDENCIAL VILLA DE TILOARQUE II ETAPA,"1234",,BARRIO O COLONIA,,,DU04,,,,,,,COMAYAGUELA
"305",367,SECTOR 12,RESIDENCIAL ALTOS DE  LA GRANJA (PROYECTO),"9991",,BARRIO O COLONIA,,,DU04,,,,,,,COMAYAGUELA
"306",368,SECTOR 19,COLONIA FUENTES  DE MIRAFLORES,"1937",,BARRIO O COLONIA,,,DU03,,,,,,,TEGUCIGALPA
"307",369,SECTOR 21,COLONIA LA PEÑA,"2121",,BARRIO O COLONIA,,,DU03,,,,,,,TEGUCIGALPA
"308",371,SECTOR 21,RESIDENCIAL LOMAS DE VISTA REAL,"2125",,BARRIO O COLONIA,,,DU03,,,,,,,TEGUCIGALPA
"309",372,SECTOR 21,COLONIA RIO GRANDE NORTE,"2103",,BARRIO O COLONIA,,,DU09,,,,,,,TEGUCIGALPA
"310",373,SECTOR 21,COLONIA RIO GRANDE SUR,"0000",,BARRIO O COLONIA,,,DU09,,,,,,,TEGUCIGALPA
"311",374,SECTOR 21,COLONIA LOARQUE COMERCIAL,"9994",,BARRIO O COLONIA,,,DU09,,,,,,,TEGUCIGALPA
"312",375,SECTOR 21,COLONIA MIRADOR DEL LOARQUE,"2106",,BARRIO O COLONIA,,,DU09,,,,,,,TEGUCIGALPA
"313",376,SECTOR 21,COLONIA NUEVO LOARQUE,"2107",,BARRIO O COLONIA,,,DU09,,,,,,,TEGUCIGALPA
"314",377,SECTOR 21,RESIDENCIAL ALTOS DE VENECIA II ATAPA,"2152",,BARRIO O COLONIA,,,DU09,,,,,,,TEGUCIGALPA
"315",378,SECTOR 21,RESIDENCIAL ALTOS DE VENECIA III ATAPA,"2152",,BARRIO O COLONIA,,,DU09,,,,,,,TEGUCIGALPA
"316",379,SECTOR 21,RESIDENCIAL VENECIA I ETAPA,"2151",,BARRIO O COLONIA,,,DU09,,,,,,,TEGUCIGALPA
"317",380,SECTOR 21,RESIDENCIAL PARIS,"2154",,BARRIO O COLONIA,,,DU09,,,,,,,TEGUCIGALPA
"318",381,SECTOR 21,SIN NOMBRE,"0000",,AREA SIN NOMBRE,,,DU03,,,,,,,TEGUCIGALPA
"319",382,SECTOR 21,SAN JOSE DE LA VEGA II ETAPA,"2114",,BARRIO O COLONIA,,,DU03,,,,,,,TEGUCIGALPA
"320",383,SECTOR 21,COLONIA ABELARDO R FORTIN,"2139",,BARRIO O COLONIA,,,DU03,,,,,,,TEGUCIGALPA
"321",384,SECTOR 11,COLONIA ALTOS DE LA ELVEL,"1112",,BARRIO O COLONIA,,,DU02,,,,,,,TEGUCIGALPA
"322",385,SECTOR 22,FUERZA AEREA HONDUREÑA,"0000",,REFERENCIA,,,DU04,,,,,,,COMAYAGUELA
"323",387,SECTOR 23,RESIDENCIAL SANTA CRUZ I ETAPA,"2357",,BARRIO O COLONIA,,,DU10,,,,,,,COMAYAGUELA
"324",388,SECTOR 23,RESIDENCIAL LAS CANARIAS II ETAPA,"2368",,BARRIO O COLONIA,,,DU10,,,,,,,COMAYAGUELA
"325",389,SECTOR 23,RESIDENCIAL LOS HIDALGOS CIRCUITO I,"2356",,BARRIO O COLONIA,,,DU10,,,,,,,COMAYAGUELA
"326",390,SECTOR 23,RESIDENCIAL LOS HIDALGOS CIRCUITO II,"2356",,BARRIO O COLONIA,,,DU10,,,,,,,COMAYAGUELA
"327",391,SECTOR 23,ALDEA LAS CASITAS,"2324",,BARRIO O COLONIA,,,DU10,DU04,,,UI04,,,COMAYAGUELA
"328",392,SECTOR 23,COLONIA LA FELICIDAD,"2360",,BARRIO O COLONIA,,,DU04,,,,,,,COMAYAGUELA
"329",393,SECTOR 23,RESIDENCIAL ROBLE OESTE VI ETAPA,"2353",,BARRIO O COLONIA,,,DU04,,,,,,,COMAYAGUELA
"330",394,SECTOR 23,RESIDENCIAL PORTAL DEL BOSQUE I,"2349",,BARRIO O COLONIA,,,DU04,,,,,,,COMAYAGUELA
"331",395,SECTOR 23,COLONIA LOS ROBLES,"2303",,BARRIO O COLONIA,,,DU04,,,,,,,COMAYAGUELA
"332",396,SECTOR 23,LLANO DEL POTRERO,"2322",,BARRIO O COLONIA,,,DU04,,,,,,,COMAYAGUELA
"333",397,SECTOR 23,RESIDENCIAL LA CASCADA I ETAPA,"2307",,BARRIO O COLONIA,,,DU04,,,,,,,COMAYAGUELA
"334",398,SECTOR 23,RESIDENCIAL LA CASCADA II ETAPA,"2341",,BARRIO O COLONIA,,,DU04,,,,,,,COMAYAGUELA
"335",399,SECTOR 23,RESIDENCIAL PACIFICO HILLS,"2374",,BARRIO O COLONIA,,,DU04,,,,,,,COMAYAGUELA
"336",400,SECTOR 23,RESIDENCIAL CASA VERDE,"2355",,BARRIO O COLONIA,,,DU04,,,,,,,COMAYAGUELA
"337",401,SECTOR 23,RESIDENCIAL CATESA,"0000",,BARRIO O COLONIA,,,DU04,,,,,,,COMAYAGUELA
"338",402,SECTOR 23,COLONIA LOS ANGELES,"2315",,BARRIO O COLONIA,,,DU04,,,,,,,COMAYAGUELA
"339",403,SECTOR 23,RESIDENCIAL ALTOS DE LAS  HADAS,"2333",,BARRIO O COLONIA,,,DU04,,,,,,,COMAYAGUELA
"340",404,SECTOR 23,RESIDENCIAL LAS UVAS,"2329",,BARRIO O COLONIA,,,DU10,DU04,,,,,,COMAYAGUELA
"341",405,SECTOR 23,RESIDENCIAL VILLA DE REAL,"2347",,BARRIO O COLONIA,,,DU10,,,,,,,COMAYAGUELA
"342",406,SECTOR 23,RESIDENCIAL MIRADOR DE LOS ANGELES,"2363",,BARRIO O COLONIA,,,DU10,,,,,,,COMAYAGUELA
"343",408,SECTOR 23,VILLA LOS PINOS (EL SAUCE),"2362",,BARRIO O COLONIA,,,DU10,,,,,,,COMAYAGUELA
"344",409,SECTOR 23,VILLA LAS ACACIAS (EL SAUCE),"2358",,BARRIO O COLONIA,,,DU10,,,,,,,COMAYAGUELA
"345",410,SECTOR 23,RESIDENCIAL VILLAS DE LAS HADAS,"2348",,BARRIO O COLONIA,,,DU04,,,,,,,COMAYAGUELA
"346",411,SECTOR 23,AGUA DULCE,"2310",,BARRIO O COLONIA,,,DU10,DU04,,,,,,COMAYAGUELA
"347",413,SECTOR 23,RESIDENCIAL EL SAUCE,"9998",,BARRIO O COLONIA,,,DU10,,,,,,,COMAYAGUELA
"348",414,SECTOR 23,RESIDENCIAL LAS HADAS,"2319",,BARRIO O COLONIA,,,DU04,DU10,,,,,,COMAYAGUELA
"349",415,SECTOR 28,SIN NOMBRE,"0000",,BARRIO O COLONIA,,,DU10,,,,,,,COMAYAGUELA
"350",416,SECTOR 23,COLONIA LOS PERIODISTAS,"2316",,BARRIO O COLONIA,,,DU04,DU10,,,,,,COMAYAGUELA
"351",417,SECTOR 23,VILLA SANTA MONICA,"2334",,BARRIO O COLONIA,,,DU04,,,,,,,COMAYAGUELA
"352",418,SECTOR 23,COLONIA LOS ENSUEÑOS,"2352",,BARRIO O COLONIA,,,DU04,,,,,,,COMAYAGUELA
"353",419,SECTOR 23,COLONIA AMERICA,"2312",,BARRIO O COLONIA,,,DU04,,,,,,,COMAYAGUELA
"354",420,SECTOR 23,CONDOMINIOS EL DORAL,"2366",,BARRIO O COLONIA,,,DU04,,,,,,,COMAYAGUELA
"355",421,SECTOR 23,VILLA MARBELLA,"0000",,BARRIO O COLONIA,,,DU04,,,,,,,COMAYAGUELA
"356",422,SECTOR 23,COLONIA MODELO,"2318",,BARRIO O COLONIA,,,DU04,,,,,,,COMAYAGUELA
"357",423,SECTOR 23,COLONIA ZUNLACAL,"2301",,BARRIO O COLONIA,,,DU04,,,,,,,COMAYAGUELA
"358",424,SECTOR 23,VILLAS MARIA,"0000",,BARRIO O COLONIA,,,DU04,,,,,,,COMAYAGUELA
"359",425,SECTOR 23,VILLAS ALONDRA,"0000",,BARRIO O COLONIA,,,DU04,,,,,,,COMAYAGUELA
"360",426,SECTOR 23,VILLA TERRANOVA,"0000",,BARRIO O COLONIA,,,DU04,,,,,,,COMAYAGUELA
"361",427,SECTOR 23,RESIDENCIAL ROBLE ALTO II ETAPA,"2304",,BARRIO O COLONIA,,,DU04,,,,,,,COMAYAGUELA
"362",428,SECTOR 23,RESIDENCIAL ROBLE ALTO I ETAPA,"2304",,BARRIO O COLONIA,,,DU04,,,,,,,COMAYAGUELA
"363",429,SECTOR 23,RESIDENCIAL ROBLE OESTE V ETAPA,"2313",,BARRIO O COLONIA,,,DU04,,,,,,,COMAYAGUELA
"364",430,SECTOR 23,RESIDENCIAL ROBLE OESTE I ETAPA,"2346",,BARRIO O COLONIA,,,DU04,,,,,,,COMAYAGUELA
"365",431,SECTOR 23,RESIDENCIAL ROBLE OESTE IV ETAPA,"2343",,BARRIO O COLONIA,,,DU04,,,,,,,COMAYAGUELA
"366",432,SECTOR 23,RESIDENCIAL ROBLE OESTE II ETAPA,"2345",,BARRIO O COLONIA,,,DU04,,,,,,,COMAYAGUELA
"367",433,SECTOR 23,UNIVERSIDAD CATOLICA DE HONDURAS,"0000",,REFERENCIA,,,DU04,,,,,,,COMAYAGUELA
"368",434,SECTOR 23,RESIDENCIAL ROBLE OESTE III ETAPA,"2342",,BARRIO O COLONIA,,,DU04,,,,,,,COMAYAGUELA
"369",435,SECTOR 23,RESIDENCIAL PORTAL DEL BOSQUE II,"2367",,BARRIO O COLONIA,,,DU04,,,,,,,COMAYAGUELA
"370",436,SECTOR 23,RESIDENCIAL ALESSA,"0000",,BARRIO O COLONIA,,,DU04,,,,,,,COMAYAGUELA
"371",437,SECTOR 23,RESIDENCIAL LA GRAN VILLA,"0000",,BARRIO O COLONIA,,,DU04,,,,,,,COMAYAGUELA
"372",438,SECTOR 23,RESIDENCIAL TONCONTIN,"2331",,BARRIO O COLONIA,,,DU04,,,,,,,COMAYAGUELA
"373",439,SECTOR 23,RESIDENCIAL CONDOMINIOS TONCONTIN,"2339",,BARRIO O COLONIA,,,DU04,,,,,,,COMAYAGUELA
"374",440,SECTOR 23,RESIDENCIAL PALMA REAL,"2330",,BARRIO O COLONIA,,,DU04,,,,,,,COMAYAGUELA
"375",441,SECTOR 23,RESIDENCIAL LOS EUCALIPTOS,"2351",,BARRIO O COLONIA,,,DU04,,,,,,,COMAYAGUELA
"376",442,SECTOR 23,URBANIZACION AGUA DULCE,"2328",,BARRIO O COLONIA,,,DU04,,,,,,,COMAYAGUELA
"377",443,SECTOR 23,CASERIO LAS CASITAS,"0000",,ALDEA O CASERIO,,,DU04,,,,,,,COMAYAGUELA
"378",444,SECTOR 23,RESIDENCIAL LOS HIDALGOS,"2356",,BARRIO O COLONIA,,,DU10,,,,,,,COMAYAGUELA
"379",445,SECTOR 23,RESIDENCIAL SANTA CRUZ III ETAPA,"2344",,BARRIO O COLONIA,,,DU10,,,,,,,COMAYAGUELA
"380",446,SECTOR 23,RESIDENCIAL COPACABANA,"0000",,BARRIO O COLONIA,,,DU04,,,,,,,COMAYAGUELA
"381",447,SECTOR 23,VILLA LOS NOPALES EL (EL SAUCE),"2370",,BARRIO O COLONIA,,,DU10,,,,,,,COMAYAGUELA
"382",448,SECTOR 23,SIN NOMBRE,"0000",,AREA SIN NOMBRE,,,DU04,,,,,,,COMAYAGUELA
"383",449,SECTOR 23,SIN NOMBRE,"0000",,AREA SIN NOMBRE,,,DU04,,,,,,,COMAYAGUELA
"384",451,SECTOR 23,SIN NOMBRE,"0000",,AREA SIN NOMBRE,,,DU04,,,,,,,COMAYAGUELA
"385",452,SECTOR 23,RESIDENCIAL LAS HADAS AMPLIACION FEHCOVIL,"0000",,BARRIO O COLONIA,,,DU04,,,,,,,COMAYAGUELA
"386",453,SECTOR 02,COLONIA SAN JOSE DE LA MONTAÑA,"0208",,BARRIO O COLONIA,,,DU07,,,,,,,TEGUCIGALPA
"387",454,SECTOR 02,COLONIA  ALTOS DEL BOSQUE,"0000",,BARRIO O COLONIA,,,DU07,,,,,,,TEGUCIGALPA
"388",455,SECTOR 02,RESIDENCIAL BUENA VISTA,"0000",,BARRIO O COLONIA,,,DU01,,,,,,,TEGUCIGALPA
"389",456,SECTOR 02,RESIDENCIAL LAS DELICIAS,"0000",,BARRIO O COLONIA,,,DU01,,,,,,,TEGUCIGALPA
"390",457,SECTOR 01,BARRIO LAS DELICIAS,"0215","0123",BARRIO O COLONIA,,,DU01,,,,,,,TEGUCIGALPA
"391",458,SECTOR 02,COLONIA LAS DELICIAS,"9982",,BARRIO O COLONIA,,,DU01,,,,,,,TEGUCIGALPA
"392",459,SECTOR 01,BARRIO GUAJOCO,"0121",,BARRIO O COLONIA,,,DU01,,,,,,,TEGUCIGALPA
"393",460,SECTOR 02,BARRIO LA CABAÑA,"0203","0309",BARRIO O COLONIA,"0119",NO HAY AREA DE ESTA COLONIA EN SECTOR 01,DU07,DU01,,,,,,TEGUCIGALPA
"394",461,SECTOR 01,BARRIO LOS DOLORES,"0114",,BARRIO O COLONIA,,,DU01,,,,,,,TEGUCIGALPA
"395",462,SECTOR 01,BARRIO EL CENTRO,"0103",,BARRIO O COLONIA,,,DU01,,,,,,,TEGUCIGALPA
"396",463,SECTOR 01,BARRIO LA HOYA,"0108","0510",BARRIO O COLONIA,"0427",,DU01,DU02,,,,,,TEGUCIGALPA
"397",464,SECTOR 01,BARRIO LA RONDA,"0111","0221",BARRIO O COLONIA,,NO HAY AREA DE ESTA COLONIA EN SECTOR 02,DU01,,,,,,,TEGUCIGALPA
"398",465,SECTOR 01,BARRIO LA MERCED,"0109",,BARRIO O COLONIA,,,DU01,DU02,,,,,,TEGUCIGALPA
"399",466,SECTOR 01,BARRIO LA PEDRERA,"0118",,BARRIO O COLONIA,,,DU01,,,,,,,TEGUCIGALPA
"400",467,SECTOR 02,BARRIO ALTOS DE LA CABAÑA,"0000",,BARRIO O COLONIA,,,DU07,,,,,,,TEGUCIGALPA
"401",468,SECTOR 03,COLONIA VIERA,"0301",,BARRIO O COLONIA,,,DU07,,,,,,,TEGUCIGALPA
"402",469,SECTOR 03,COLONA LAS JACARANDAS,"0310",,BARRIO O COLONIA,,,DU07,,,,,,,TEGUCIGALPA
"403",470,SECTOR 03,BARRIO EL MANCHEN,"0303",,BARRIO O COLONIA,,,DU07,,,,,,,TEGUCIGALPA
"404",471,SECTOR 03,COLONIA JARDINES LAS COLINAS,"0308",,BARRIO O COLONIA,,,DU07,,,,,,,TEGUCIGALPA
"405",472,SECTOR 03,COLONIA MEJIA,"0315",,BARRIO O COLONIA,,,DU07,,,,,,,TEGUCIGALPA
"406",473,SECTOR 04,COLONIA JARDIN NORMA,"0430",,BARRIO O COLONIA,,,DU02,,,,,,,TEGUCIGALPA
"407",474,SECTOR 04,COLONIA LA CAMPAÑA,"0410",,BARRIO O COLONIA,,,DU02,,,,,,,TEGUCIGALPA
"408",475,SECTOR 04,COLONIA MATAMOROS,"0409",,BARRIO O COLONIA,,,DU02,,,,,,,TEGUCIGALPA
"409",476,SECTOR 04,AVENIDA LA PAZ,"0418",,BARRIO O COLONIA,,,DU02,,,,,,,TEGUCIGALPA
"410",477,SECTOR 04,COLONIA LARA NORTE,"9992",,BARRIO O COLONIA,,,DU02,,,,,,,TEGUCIGALPA
"411",478,SECTOR 09,COLONIA FERNANDO CALDERON,"0000",,BARRIO O COLONIA,,,DU07,,,,,,,TEGUCIGALPA
"412",479,SECTOR 04,COLONIA LARA,"0408",,BARRIO O COLONIA,,,DU02,,,,,,,TEGUCIGALPA
"413",480,SECTOR 04,BARRIO SABANAGRANDE,"0419","1016",BARRIO O COLONIA,"1624",,DU02,,,,,,,TEGUCIGALPA
"414",481,SECTOR 04,BARRIO PARCALTAGUA,"0417","1022",BARRIO O COLONIA,,NO HAY AREA DE ESTA COLONIA EN SECTOR 10,DU02,,,,,,,TEGUCIGALPA
"415",482,SECTOR 04,BARRIO SAN FELIPE,"0412",,BARRIO O COLONIA,,,DU02,,,,,,,TEGUCIGALPA
"416",483,SECTOR 04,COLONIA SAN CARLOS,"0407",,BARRIO O COLONIA,,,DU02,,,,,,,TEGUCIGALPA
"417",484,SECTOR 04,COLONIA LAS PALOMAS,"0411",,BARRIO O COLONIA,,,DU02,,,,,,,TEGUCIGALPA
"418",485,SECTOR 04,BARRIO PUEBLO NUEVO,"0413",,BARRIO O COLONIA,,,DU02,,,,,,,TEGUCIGALPA
"419",486,SECTOR 04,COLONIA LOS CASTAÑOS,"0401",,BARRIO O COLONIA,,,DU02,,,,,,,TEGUCIGALPA
"420",487,SECTOR 04,COLONIA  ARGENTINA,"0428",,BARRIO O COLONIA,,,DU02,,,,,,,TEGUCIGALPA
"421",488,SECTOR 04,COLONIA PALMIRA,"0433",,BARRIO O COLONIA,,,DU02,,,,,,,TEGUCIGALPA
"422",489,SECTOR 04,BARRIO SAN RAFAEL,"0415",,BARRIO O COLONIA,,,DU02,,,,,,,TEGUCIGALPA
"423",490,SECTOR 05,COLONIA PALERMO,"0501",,BARRIO O COLONIA,,,DU02,,,,,,,TEGUCIGALPA
"424",491,SECTOR 05,BARRIO LA GUADALUPE,"0507","0421",BARRIO O COLONIA,"0506",CODIGO DE COLONIA REPETIDO,DU02,,,,,,,TEGUCIGALPA
"425",492,SECTOR 05,BARRIO MORAZAN,"0504",,BARRIO O COLONIA,,,DU02,,,,,,,TEGUCIGALPA
"426",493,SECTOR 05,BARRIO LA ISLA,"0509",,BARRIO O COLONIA,,,DU02,,,,,,,TEGUCIGALPA
"427",494,SECTOR 05,CERRO JUANA LAINEZ,"0508",,REFERENCIA,,,DU02,,,,,,,TEGUCIGALPA
"428",495,SECTOR 05,COLONIA ALTAMIRA,"0502",,BARRIO O COLONIA,,,DU02,,,,,,,TEGUCIGALPA
"429",496,SECTOR 05,BARRIO LA PAGODA,"0505",,BARRIO O COLONIA,,,DU02,,,,,,,TEGUCIGALPA
"430",498,SECTOR 06,BARRIO CENTRO DE COMAYAGUELA,"0617",,BARRIO O COLONIA,,,DU01,DU02,DU06,,,,,COMAYAGUELA
"431",499,SECTOR 06,BARRIO LA CHIVERA,"0611",,BARRIO O COLONIA,,,DU06,,,,,,,COMAYAGUELA
"432",500,SECTOR 06,BARRIO SIPILE,"0610","0737",BARRIO O COLONIA,,,DU06,,,,,,,COMAYAGUELA
"433",501,SECTOR 07,BARRIO LAS CRUCITAS,"0733","0625",BARRIO O COLONIA,,,DU05,DU06,,,,,,COMAYAGUELA
"434",502,SECTOR 06,BARRIO CONCEPCION,"0606",,BARRIO O COLONIA,,,DU01,DU02,DU05,,,,,COMAYAGUELA
"435",503,SECTOR 07,BARRIO BELLA VISTA,"0701","0624",BARRIO O COLONIA,,,DU05,,,,,,,COMAYAGUELA
"436",504,SECTOR 06,BARRIO PERPETUO SOCORRO,"0607",,BARRIO O COLONIA,,,DU05,,,,,,,COMAYAGUELA
"437",505,SECTOR 12,BARRIO LA BOLSA,"1201",,BARRIO O COLONIA,,,DU04,,,,,,,COMAYAGUELA
"438",506,SECTOR 06,BARRIO EL OBELISCO,"0612",,BARRIO O COLONIA,,,DU01,DU02,DU04,DU05,,,,COMAYAGUELA
"439",507,SECTOR 06,BARRIO EL CALVARIO,"0609",,BARRIO O COLONIA,,,DU05,DU01,,,,,,COMAYAGUELA
"440",508,SECTOR 06,BARRIO LEMPIRA,"0602",,BARRIO O COLONIA,,,DU05,,,,,,,COMAYAGUELA
"441",509,SECTOR 06,BARRIO CAMAGUARA,"0000",,BARRIO O COLONIA,,,DU05,,,,,,,COMAYAGUELA
"442",510,SECTOR 13,BARRIO SAN JUAN DE DIOS,"1339","0628",BARRIO O COLONIA,,,DU05,,,,,,,COMAYAGUELA
"443",511,SECTOR 13,COLONIA BENDECK,"1337",,BARRIO O COLONIA,,,DU05,,,,,,,COMAYAGUELA
"444",512,SECTOR 13,COLONIA ALTOS DE LA DIVANNA,"1343","0623",BARRIO O COLONIA,,,DU05,,,,,,,COMAYAGUELA
"445",513,SECTOR 06,COLONIA ALTOS DE LA PRIMAVERA,"0621",,BARRIO O COLONIA,,,DU05,,,,,,,COMAYAGUELA
"446",514,SECTOR 06,COLONIA RODRIGUEZ,"0616",,BARRIO O COLONIA,,,DU05,,,,,,,COMAYAGUELA
"447",515,SECTOR 06,BARRIO VILLA ADELA,"0603",,BARRIO O COLONIA,,,DU05,,,,,,,COMAYAGUELA
"448",516,SECTOR 06,COLONIA JUAN LINDO,"0000",,BARRIO O COLONIA,,,DU05,,,,,,,COMAYAGUELA
"449",517,SECTOR 08,COLONIA CERRO GRANDE ZONA 4,"0814",,BARRIO O COLONIA,,,DU06,,,,,,,COMAYAGUELA
"450",518,SECTOR 08,COLONIA EL MIRADOR,"0000",,BARRIO O COLONIA,,,DU06,,,,,,,COMAYAGUELA
"451",519,SECTOR 08,COLONIA CERRO GRANDE ZONA 3,"0813",,BARRIO O COLONIA,,,DU06,,,,,,,COMAYAGUELA
"452",520,SECTOR 08,RESIDENCIAL KASSANDRA,"0841",,BARRIO O COLONIA,,,DU06,,,,,,,COMAYAGUELA
"453",521,SECTOR 08,RESIDENCIAL VISBELLA,"0844",,BARRIO O COLONIA,,,DU06,,,,,,,COMAYAGUELA
"454",522,SECTOR 08,RESIDENCIAL VISTALY,"0843",,BARRIO O COLONIA,,,DU06,,,,,,,COMAYAGUELA
"455",523,SECTOR 08,COLONIA CERRO GRANDE ZONA 8 I ETAPA,"0840",,BARRIO O COLONIA,,,DU06,,,,,,,COMAYAGUELA
"456",524,SECTOR 08,EL BERRINCHE,"0824",,BARRIO O COLONIA,,,DU06,,,,,,,COMAYAGUELA
"457",525,SECTOR 08,BARRIO SAUCIQUE,"0802",,BARRIO O COLONIA,,,DU07,,,,,,,TEGUCIGALPA
"458",526,SECTOR 08,COLONIA SAGASTUME,"0823",,BARRIO O COLONIA,,,DU07,,,,,,,TEGUCIGALPA
"459",527,SECTOR 08,COLONIA EL JAPON,"0819",,BARRIO O COLONIA,,,DU07,,,,,,,TEGUCIGALPA
"460",528,SECTOR 08,COLONIA PICACHITO,"0801",,BARRIO O COLONIA,,,DU07,,,,,,,TEGUCIGALPA
"461",529,SECTOR 08,COLONIA  MINA DE AGUA O BRISAS DEL PICACHO,"0827","0808",BARRIO O COLONIA,"0816",TRES CODIGOS UNA COLONIA,DU07,,,,,,,TEGUCIGALPA
"462",530,SECTOR 08,COLONIA  NUEVA VIERA,"0000",,BARRIO O COLONIA,,,DU07,,,,,,,TEGUCIGALPA
"463",531,SECTOR 08,COLONIA LAS CRUCITAS,"0809",,BARRIO O COLONIA,,,DU07,,,,,,,TEGUCIGALPA
"464",532,SECTOR 08,COLONIA LAS CRUCITAS No. 2,"0000",,BARRIO O COLONIA,,,DU07,,,,,,,TEGUCIGALPA
"465",533,SECTOR 08,RESIDENCIAL FLORESTA DEL PICACHO,"0842",,BARRIO O COLONIA,,,DU07,,,,,,,TEGUCIGALPA
"466",534,SECTOR 08,ZONA 2 EL HATILLO,"0826",,BARRIO O COLONIA,,,DU07,,,,,,,TEGUCIGALPA
"467",535,SECTOR 08,CERRO EL PICACHO,"0000",,REFERENCIA,,,DU07,,,,,,,TEGUCIGALPA
"468",536,SECTOR 09,ALDEA  EL CHIMBO,"9996",,ALDEA O CASERIO,,,DU07,,,,,,,TEGUCIGALPA
"469",537,SECTOR 09,COLONIA SITIO ARRIBA,"0927",,BARRIO O COLONIA,,,DU07,,,,,,,TEGUCIGALPA
"470",538,SECTOR 09,EL TRIGO,"0940",,BARRIO O COLONIA,,,DU07,,,,,,,TEGUCIGALPA
"471",539,SECTOR 15,ALDEA EL HATILLO,"1509","0910",ALDEA O CASERIO,,,DU07,,,,,,,TEGUCIGALPA
"472",540,SECTOR 09,CERRITOS,"0904",,BARRIO O COLONIA,,,DU07,,,,,,,TEGUCIGALPA
"473",541,SECTOR 09,RESIDENCIAL LOS 3 HERMANOS,"0000",,BARRIO O COLONIA,,,DU07,,,,,,,TEGUCIGALPA
"474",542,SECTOR 09,RESIDENCIAL PINARES,"0911",,BARRIO O COLONIA,,,DU07,,,,,,,TEGUCIGALPA
"475",543,SECTOR 09,CONDOMINIOS MONTE VISTA,"0000",,BARRIO O COLONIA,,,DU07,,,,,,,TEGUCIGALPA
"476",544,SECTOR 09,COLONIA  EL MIRADOR,"0218",,BARRIO O COLONIA,,,DU07,,,,,,,TEGUCIGALPA
"477",545,SECTOR 09,COLONIA VILLA ESTANZUELA,"0000",,BARRIO O COLONIA,,,DU07,,,,,,,TEGUCIGALPA
"478",546,SECTOR 09,COLONIA CANAAN,"0947",,BARRIO O COLONIA,,,DU07,,,,,,,TEGUCIGALPA
"479",547,SECTOR 09,COLONIA EL REPARTO,"0902",,BARRIO O COLONIA,,,DU07,,,,,,,TEGUCIGALPA
"480",548,SECTOR 09,COLONIA GUILLEN,"0906",,BARRIO O COLONIA,,,DU07,,,,,,,TEGUCIGALPA
"481",549,SECTOR 09,COLONIA JOSE SIMON AZCONA,"0948",,BARRIO O COLONIA,,,DU07,,,,,,,TEGUCIGALPA
"482",550,SECTOR 09,RESIDENCIAL VILLA DELMY,"0914",,BARRIO O COLONIA,,,DU07,,,,,,,TEGUCIGALPA
"483",551,SECTOR 09,COLONIA ROBERTO SUAZO CORDOVA,"0919",,BARRIO O COLONIA,,,DU07,,,,,,,TEGUCIGALPA
"484",552,SECTOR 09,COLONIA NUEVA SANTA ROSA,"0928","0913",BARRIO O COLONIA,,,DU07,,,,,,,TEGUCIGALPA
"485",553,SECTOR 09,COLONIA VIEJA SANTA ROSA,"0913","0928",BARRIO O COLONIA,,DOS CODIGOS UNA COLONIA,DU07,,,,,,,TEGUCIGALPA
"486",554,SECTOR 09,COLONIA RIO ALTO,"0924",,BARRIO O COLONIA,,,DU07,,,,,,,TEGUCIGALPA
"487",556,SECTOR 09,COLONIA BOLIVAR,"0901",,BARRIO O COLONIA,,,DU07,,,,,,,TEGUCIGALPA
"488",557,SECTOR 09,COLONIA VILLAS DEL RIO,"0915",,BARRIO O COLONIA,,,DU07,,,,,,,TEGUCIGALPA
"489",558,SECTOR 09,COLONIA GIRASOLES,"0908",,BARRIO O COLONIA,,,DU07,,,,,,,TEGUCIGALPA
"490",559,SECTOR 09,COLONIA LA FRATERNIDAD,"0905",,BARRIO O COLONIA,,,DU02,,,,,,,TEGUCIGALPA
"491",560,SECTOR 09,COLONIA 21 DE OCTUBRE,"0912",,BARRIO O COLONIA,,,DU07,,,,,,,TEGUCIGALPA
"492",561,SECTOR 09,COLONIA EL CERRITO,"0916",,BARRIO O COLONIA,,,DU07,,,,,,,TEGUCIGALPA
"493",562,SECTOR 09,COLONIA MODESTO RODAS ALVARADO,"0909",,BARRIO O COLONIA,,,DU07,,,,,,,TEGUCIGALPA
"494",563,SECTOR 09,COLONIA VILLA SANTA MARGARITA,"0942",,BARRIO O COLONIA,,,DU07,,,,,,,TEGUCIGALPA
"495",564,SECTOR 09,COLONIA  LOMA LA MINITA,"0923",,BARRIO O COLONIA,,,DU07,,,,,,,TEGUCIGALPA
"496",565,SECTOR 09,RESIDENCIAL EL JARDIN,"0937",,BARRIO O COLONIA,,,DU07,,,,,,,TEGUCIGALPA
"497",566,SECTOR 09,SIN NOMBRE,"0000",,AREA SIN NOMBRE,,,DU07,,,,,,,TEGUCIGALPA
"498",567,SECTOR 09,COLONIA LA JOYA,"0907",,BARRIO O COLONIA,,,DU07,,,,,,,TEGUCIGALPA
"499",568,SECTOR 09,RESIDENCIAL FLORIDA I ETAPA,"0945",,BARRIO O COLONIA,,,DU07,,,,,,,TEGUCIGALPA
"500",569,SECTOR 09,RESIDENCIAL FLORIDA II ETAPA,"0943",,BARRIO O COLONIA,,,DU07,,,,,,,TEGUCIGALPA
"501",570,SECTOR 09,SIN NOMBRE,"0000",,AREA SIN NOMBRE,,,DU07,,,,,,,TEGUCIGALPA
"502",571,SECTOR 09,COLONIA LA LEONA DEL RINCON,"0941",,BARRIO O COLONIA,,,DU07,,,,,,,TEGUCIGALPA
"503",572,SECTOR 09,BARRIO EL RINCON,"0903",,BARRIO O COLONIA,,,DU07,,,,,,,TEGUCIGALPA
"504",573,SECTOR 09,RESIDENCIAL LOMAS DEL MOLINO,"0946",,BARRIO O COLONIA,,,DU07,,,,,,,TEGUCIGALPA
"505",575,SECTOR 09,PROPIEDAD DE  COHDEFOR,"0000",,REFERENCIA,,,DU07,,,,,,,TEGUCIGALPA
"506",576,SECTOR 10,COLONIA LOS ALMENDROS,"1010",,BARRIO O COLONIA,,,DU02,,,,,,,TEGUCIGALPA
"507",577,SECTOR 10,COLONIA LA ESTANCIA,"1025",,BARRIO O COLONIA,,,DU02,,,,,,,TEGUCIGALPA
"508",578,SECTOR 10,COLONIA BRISAS DEL VALLE,"1017",,BARRIO O COLONIA,,,DU02,,,,,,,TEGUCIGALPA
"509",579,SECTOR 10,COLONIA LOMA ALTA,"1026",,BARRIO O COLONIA,,,DU02,,,,,,,TEGUCIGALPA
"510",580,SECTOR 10,CONDOMINIOS LOMA ALTA,"0000",,BARRIO O COLONIA,,,DU02,,,,,,,TEGUCIGALPA
"511",581,SECTOR 10,RESIDENCIAL LA CUMBRE,"1007",,BARRIO O COLONIA,,,DU02,,,,,,,TEGUCIGALPA
"512",582,SECTOR 10,RESIDENCIAL LAS MARIAS,"1031",,BARRIO O COLONIA,,,DU02,,,,,,,TEGUCIGALPA
"513",583,SECTOR 10,COLONIA MONTECARLO,"1015",,BARRIO O COLONIA,,,DU02,,,,,,,TEGUCIGALPA
"514",584,SECTOR 10,COLONIA LINDA VISTA,"1009",,BARRIO O COLONIA,,,DU02,,,,,,,TEGUCIGALPA
"515",585,SECTOR 10,COLONIA EL TRIANGULO,"1013",,BARRIO O COLONIA,,,DU02,,,,,,,TEGUCIGALPA
"516",586,SECTOR 10,COLONIA CASTAÑO SUR,"1023",,BARRIO O COLONIA,,,DU02,,,,,,,TEGUCIGALPA
"517",587,SECTOR 10,COLONIA LOMAS DEL CASTAÑO SUR,"1018",,BARRIO O COLONIA,,,DU02,,,,,,,TEGUCIGALPA
"518",588,SECTOR 10,COLONIA LA AURORA,"1004",,BARRIO O COLONIA,,,DU02,,,,,,,TEGUCIGALPA
"519",589,SECTOR 10,COLONIA LAS MINITAS,"1003","0420",BARRIO O COLONIA,,TODA LA COLONIA ESTA EN SECTOR 10,DU02,,,,,,,TEGUCIGALPA
"520",590,SECTOR 10,COLONIA RUBEN DARIO,"1002",,BARRIO O COLONIA,,,DU02,,,,,,,TEGUCIGALPA
"521",591,SECTOR 10,COLONIA ALAMEDA,"1001",,BARRIO O COLONIA,,,DU02,,,,,,,TEGUCIGALPA
"522",592,SECTOR 10,COLONIA TEPEYAC,"1005",,BARRIO O COLONIA,,,DU02,,,,,,,TEGUCIGALPA
"523",593,SECTOR 10,COLONIA LOMAS DEL GUIJARRO,"1006",,BARRIO O COLONIA,,,DU02,,,,,,,TEGUCIGALPA
"524",594,SECTOR 17,RESIDENCIAL LOMAS DEL GUIJARRO SUR,"1712","1030",BARRIO O COLONIA,,,DU02,,,,,,,TEGUCIGALPA
"525",595,SECTOR 10,COLONIA PAYAQUI,"1012",,BARRIO O COLONIA,,,DU02,,,,,,,TEGUCIGALPA
"526",596,SECTOR 10,COLONIA LOMAS DEL MAYAB,"1008",,BARRIO O COLONIA,,,DU02,,,,,,,TEGUCIGALPA
"527",597,SECTOR 10,COLONIA CRUZ LARGA,"1027",,BARRIO O COLONIA,,,DU02,,,,,,,TEGUCIGALPA
"528",598,SECTOR 11,COLONIA QUEZADA,"1103",,BARRIO O COLONIA,,,DU02,,,,,,,TEGUCIGALPA
"529",599,SECTOR 11,COLONIA EL PRADO,"1102",,BARRIO O COLONIA,,,DU02,,,,,,,TEGUCIGALPA
"530",600,SECTOR 12,BARRIO GUACERIQUE,"1202",,BARRIO O COLONIA,,,DU04,,,,,,,COMAYAGUELA
"531",601,SECTOR 11,COLONIA HUMUYA,"1101",,BARRIO O COLONIA,,,DU02,,,,,,,TEGUCIGALPA
"532",602,SECTOR 11,COLONIA MIRAMONTES,"1106","1113",BARRIO O COLONIA,,DOS CODIGOS UNA COLONIA,DU02,,,,,,,TEGUCIGALPA
"533",603,SECTOR 11,COLONIA SAN RAFAEL,"1105",,BARRIO O COLONIA,,,DU02,,,,,,,TEGUCIGALPA
"534",604,SECTOR 11,COLONIA  ELVEL,"1107",,BARRIO O COLONIA,,,DU02,,,,,,,TEGUCIGALPA
"535",605,SECTOR 11,COLONIA  LOMA LINDA NORTE,"1109","1111",BARRIO O COLONIA,,DOS CODIGOS UNA COLONIA,DU02,,,,,,,TEGUCIGALPA
"536",606,SECTOR 11,COLONIA ALTOS DE MIRAMONTES,"1104",,BARRIO O COLONIA,,,DU02,,,,,,,TEGUCIGALPA
"537",607,SECTOR 11,COLONIA PEREZ,"1108",,BARRIO O COLONIA,,,DU02,,,,,,,TEGUCIGALPA
"538",608,SECTOR 12,COLONIA LA PRIMAVERA,"1220",,BARRIO O COLONIA,,,DU04,,,,,,,COMAYAGUELA
"539",609,SECTOR 12,BARRIO SAN JORGE,"1204",,BARRIO O COLONIA,,,DU04,,,,,,,COMAYAGUELA
"540",610,SECTOR 12,COLONIA TILOARQUE,"1205",,BARRIO O COLONIA,,,DU04,,,,,,,COMAYAGUELA
"541",611,SECTOR 13,COLONIA VENEZUELA,"1210","1210",BARRIO O COLONIA,,,DU11,,,,,,,COMAYAGUELA
"542",612,SECTOR 12,BARRIO LA GRANJA,"1213",,BARRIO O COLONIA,,,DU04,,,,,,,COMAYAGUELA
"543",613,SECTOR 13,COLONIA ESPIRITU SANTO,"1327",,BARRIO O COLONIA,,,DU05,,,,,,,COMAYAGUELA
"544",614,SECTOR 13,COLONIA SANTA CECILIA No.1,"1326",,BARRIO O COLONIA,,,DU05,,,,,,,COMAYAGUELA
"545",615,SECTOR 13,COLONIA VILLA SAN ANTONIO O BOQUERON,"1325",,BARRIO O COLONIA,,,DU05,,,,,,,COMAYAGUELA
"546",616,SECTOR 13,COLONIA 14 DE ENERO,"0000",,BARRIO O COLONIA,,,DU11,,,,,,,COMAYAGUELA
"547",617,SECTOR 13,COLONIA ARNULFO CANTARERO LOPEZ,"1348",,BARRIO O COLONIA,,,DU11,,,,,,,COMAYAGUELA
"548",618,SECTOR 13,SIN NOMBRE,"0000",,BARRIO O COLONIA,,,DU11,,,,,,,COMAYAGUELA
"549",619,SECTOR 13,COLONIA CENTRO AMERICA OESTE,"1344",,BARRIO O COLONIA,,,DU11,,,,,,,COMAYAGUELA
"550",620,SECTOR 13,RESIDENCIAL CENTRO AMERICA ESTE IV ETAPA,"1320",,BARRIO O COLONIA,,,DU05,,,,,,,COMAYAGUELA
"551",621,SECTOR 13,RESIDENCIAL CENTRO AMERICA ESTE III ETAPA,"1320",,BARRIO O COLONIA,,,DU05,,,,,,,COMAYAGUELA
"552",622,SECTOR 13,RESIDENCIAL CENTRO AMERICA ESTE II ETAPA,"1320",,BARRIO O COLONIA,,,DU05,,,,,,,COMAYAGUELA
"553",623,SECTOR 13,RESIDENCIAL CENTRO AMERICA ESTE I ETAPA,"1320",,BARRIO O COLONIA,,,DU05,,,,,,,COMAYAGUELA
"554",624,SECTOR 13,COLONIA PRIMERO DE DICIEMBRE,"1379",,BARRIO O COLONIA,,,DU05,,,,,,,COMAYAGUELA
"555",625,SECTOR 13,VILLA REYES I  ETAPA,"1328",,BARRIO O COLONIA,,,DU05,,,,,,,COMAYAGUELA
"556",626,SECTOR 13,COLONIA VILLA CENTRO AMERICA,"1363",,BARRIO O COLONIA,,,DU05,,,,,,,COMAYAGUELA
"557",627,SECTOR 13,VILLA REYES II ETAPA,"1363",,BARRIO O COLONIA,,,DU05,,,,,,,COMAYAGUELA
"558",628,SECTOR 13,RESIDENCIAL CENTRO AMERICA ESTE ANEXO SUR,"1319",,BARRIO O COLONIA,,,DU05,,,,,,,COMAYAGUELA
"559",629,SECTOR 07,COLONIA IBERIA,"0767","1365",BARRIO O COLONIA,,,DU05,,,,,,,COMAYAGUELA
"560",630,SECTOR 13,COLONIA MAYANGLE,"1335","0752",BARRIO O COLONIA,,,DU05,,,,,,,COMAYAGUELA
"561",631,SECTOR 13,COLONIA PIEDRA BLANCA (ALTOS DE LA MAYANGLE),"1368",,BARRIO O COLONIA,,,DU05,,,,,,,COMAYAGUELA
"562",632,SECTOR 13,EL TABLON,"9999",,BARRIO O COLONIA,,,DU05,,,,,,,COMAYAGUELA
"563",633,SECTOR 13,RESIDENCIAL MONTE CARMELO,"1322",,BARRIO O COLONIA,,,DU05,,,,,,,COMAYAGUELA
"564",634,SECTOR 13,COLONIA INTERAMERICANA,"1332",,BARRIO O COLONIA,,,DU05,,,,,,,COMAYAGUELA
"565",635,SECTOR 13,COLONIA VEGAS DEL COUNTRY,"1330",,BARRIO O COLONIA,,,DU05,,,,,,,COMAYAGUELA
"566",636,SECTOR 13,COLONIA EL COUNTRY,"1334",,BARRIO O COLONIA,,,DU05,,,,,,,COMAYAGUELA
"567",637,SECTOR 13,COLONIA LOMAS DEL COUNTRY,"1336",,BARRIO O COLONIA,,,DU05,,,,,,,COMAYAGUELA
"568",638,SECTOR 13,COLONIA ALTOS DEL MILAGRO,"1338",,BARRIO O COLONIA,,,DU05,,,,,,,COMAYAGUELA
"569",639,SECTOR 13,COLONIA CENTROAMERICANA,"1321",,BARRIO O COLONIA,,,DU05,,,,,,,COMAYAGUELA
"570",640,SECTOR 13,COLONIA CRISTOBAL DIAZ,"1341",,BARRIO O COLONIA,,,DU05,,,,,,,COMAYAGUELA
"571",641,SECTOR 13,COLONIA DIVANNA,"1343",,BARRIO O COLONIA,,,DU05,,,,,,,COMAYAGUELA
"572",642,SECTOR 13,COLONIA EL PROGRESO II,"1333",,BARRIO O COLONIA,,,DU05,,,,,,,COMAYAGUELA
"573",643,SECTOR 13,COLONIA EL PROGRESO I,"1384",,BARRIO O COLONIA,,,DU05,,,,,,,COMAYAGUELA
"574",644,SECTOR 13,SIN NOMBRE,"0000",,AREA SIN NOMBRE,,,DU11,,,,,,,COMAYAGUELA
"575",645,SECTOR 13,COLONIA NUEVA ERA,"1347",,BARRIO O COLONIA,,,DU11,,,,,,,COMAYAGUELA
"576",646,SECTOR 13,COLONIA 21 DE FEBRERO,"1301",,BARRIO O COLONIA,,,DU11,,,,,,,COMAYAGUELA
"577",647,SECTOR 13,BARRIO LA SOLEDAD No. 2,"1317",,BARRIO O COLONIA,,MISMO CODIGO QUE LA SOLEDAD,DU11,,,,,,,COMAYAGUELA
"578",648,SECTOR 13,COLONIA LA FUENTE I  ETAPA,"1345",,BARRIO O COLONIA,,,DU11,,,,,,,COMAYAGUELA
"579",649,SECTOR 13,COLONIA LA FUENTE II ETAPA,"1345",,BARRIO O COLONIA,,,DU11,,,,,,,COMAYAGUELA
"580",650,SECTOR 13,COLONIA   23 DE JUNIO,"1315",,BARRIO O COLONIA,,,DU11,,,,,,,COMAYAGUELA
"581",651,SECTOR 13,CEMENTERIO SANTA ANITA,"0000",,REFERENCIA,,,DU11,,,,,,,COMAYAGUELA
"582",652,SECTOR 13,COLONIA  ISRAEL NORTE,"1314",,BARRIO O COLONIA,,,DU11,,,,,,,COMAYAGUELA
"583",653,SECTOR 13,COLONIA SAN FRANCISCO,"1311",,BARRIO O COLONIA,,,DU11,,,,,,,COMAYAGUELA
"584",654,SECTOR 14,COLONIA CERRO GRANDE ZONA 2,"1401",,BARRIO O COLONIA,,,DU06,,,,,,,COMAYAGUELA
"585",655,SECTOR 14,SIN NOMBRE,"0000",,AREA SIN NOMBRE,,,DU06,,,,,,,COMAYAGUELA
"586",656,SECTOR 14,RESIDENCIAL TERRASOL,"1412",,BARRIO O COLONIA,,,DU11,,,,,,,COMAYAGUELA
"587",657,SECTOR 14,SANTA CRUZ,"1408",,BARRIO O COLONIA,,,DU11,,,,UI06,UI07,UI09,COMAYAGUELA
"588",658,SECTOR 15,CARPINTERO,"1508",,BARRIO O COLONIA,,,DU07,,,,,,,TEGUCIGALPA
"589",659,SECTOR 15,RESIDENCIAL MIRALAGO,"1514",,BARRIO O COLONIA,,,DU07,,,,,,,TEGUCIGALPA
"590",660,SECTOR 15,RESIDENCIAL LA ALHAMBRA,"1513",,BARRIO O COLONIA,,,DU07,,,,,,,TEGUCIGALPA
"591",661,SECTOR 15,SANTO TOMAS,"1511",,BARRIO O COLONIA,,,DU07,,,,,,,TEGUCIGALPA
"592",662,SECTOR 15,RESIDENCIAL LOS ARCOS,"1503",,BARRIO O COLONIA,,,DU07,,,,,,,TEGUCIGALPA
"593",663,SECTOR 15,RESIDENCIAL ENTREPINOS 2,"1515",,BARRIO O COLONIA,,,DU07,,,,,,,TEGUCIGALPA
"594",664,SECTOR 15,RESIDENCIAL ENTREPINOS 1,"1515",,BARRIO O COLONIA,,,DU07,,,,,,,TEGUCIGALPA
"595",665,SECTOR 17,COLONIA LOS PROFESIONALES,"1706",,BARRIO O COLONIA,,,DU02,,,,,,,TEGUCIGALPA
"596",666,SECTOR 17,COLONIA FLORENCIA OESTE,"1704",,BARRIO O COLONIA,,,DU02,,,,,,,TEGUCIGALPA
"597",667,SECTOR 17,COLONIA FLORENCIA NORTE,"1702",,BARRIO O COLONIA,,,DU02,,,,,,,TEGUCIGALPA
"598",668,SECTOR 17,COLONIA TRES CAMINOS,"1705",,BARRIO O COLONIA,,,DU02,,,,,,,TEGUCIGALPA
"599",669,SECTOR 17,UNAH,"0000",,REFERENCIA,,,DU02,,,,,,,TEGUCIGALPA
"600",670,SECTOR 17,SIN NOMBRE,"0000",,AREA SIN NOMBRE,,,DU02,,,,,,,TEGUCIGALPA
"601",671,SECTOR 17,COMPLEJO DEPORTIVO JOSE SIMON AZCONA VILLA OLIMPICA,"0000",,REFERENCIA,,,DU02,,,,,,,TEGUCIGALPA
"602",672,SECTOR 17,VILLA SUYAPA OLIMPICA,"1711",,BARRIO O COLONIA,,,DU02,,,,,,,TEGUCIGALPA
"603",673,SECTOR 17,COLONIA UNIVERSIDAD NORTE,"1701",,BARRIO O COLONIA,,,DU02,,,,,,,TEGUCIGALPA
"604",674,SECTOR 17,COLONIA MONTE VERDE,"1715",,BARRIO O COLONIA,,,DU02,,,,,,,TEGUCIGALPA
"605",675,SECTOR 17,CONDOMINIOS  EL MIRADOR,"0000",,BARRIO O COLONIA,,,DU02,,,,,,,TEGUCIGALPA
"606",676,SECTOR 17,VILLAS LIQUIDAMBAR,"1737",,BARRIO O COLONIA,,,DU02,,,,,,,TEGUCIGALPA
"607",677,SECTOR 17,RESIDENCIAL LOMA ALTA 2DA ETAPA,"1724",,BARRIO O COLONIA,,,DU02,,,,,,,TEGUCIGALPA
"608",678,SECTOR 17,COLONIA LA LOMA,"1735",,BARRIO O COLONIA,,,DU02,,,,,,,TEGUCIGALPA
"609",679,SECTOR 17,RESIDENCIAL ALTOS DE LAS LOMAS,"1713",,BARRIO O COLONIA,,,DU02,,,,,,,TEGUCIGALPA
"610",680,SECTOR 17,RESIDENCIAL LOMAS DE CARRARA,"1729",,BARRIO O COLONIA,,,DU02,,,,,,,TEGUCIGALPA
"611",681,SECTOR 17,RESIDENCIAL PUERTA DEL SOL,"1728",,BARRIO O COLONIA,,,DU02,,,,,,,TEGUCIGALPA
"612",682,SECTOR 17,RESIDENCIAL LA HACIENDA,"1723",,BARRIO O COLONIA,,,DU02,,,,,,,TEGUCIGALPA
"613",683,SECTOR 17,SIN NOMBRE,"0000",,AREA SIN NOMBRE,,,DU02,,,,,,,TEGUCIGALPA
"614",684,SECTOR 17,SIN NOMBRE,"0000",,AREA SIN NOMBRE,,,DU02,,,,,,,TEGUCIGALPA
"615",685,SECTOR 05,ESTADIO NACIONAL,"0000",,REFERENCIA,,,DU02,,,,,,,TEGUCIGALPA
"616",706,SECTOR 16,COLONIA LAS ANONAS,"1639",,BARRIO O COLONIA,,,DU07,,,,,,,TEGUCIGALPA
"617",707,SECTOR 16,SIN NOMBRE,"0000",,AREA SIN NOMBRE,,,DU02,,,,,,,TEGUCIGALPA
"618",708,SECTOR 16,RESIDENCIAL LOMAS DE LA FLORIDA,"1648",,BARRIO O COLONIA,,,DU02,,,,,,,TEGUCIGALPA
"619",709,SECTOR 16,CONDOMINIOS RESIDENCIALES VILLAS DEL MOLINO,"1651",,BARRIO O COLONIA,,,DU08,,,,,,,TEGUCIGALPA
"620",710,SECTOR 16,COLONIA ESTADOS UNIDOS,"1601",,BARRIO O COLONIA,,,DU08,,,,,,,TEGUCIGALPA
"621",711,SECTOR 16,COLONIA LA TRINIDAD,"1603",,BARRIO O COLONIA,,,DU08,,,,,,,TEGUCIGALPA
"622",712,SECTOR 16,COLONIA LA UNION,"1605",,BARRIO O COLONIA,,,DU08,,,,,,,TEGUCIGALPA
"623",713,SECTOR 16,RESIDENCIAL EL MOLINON,"1644",,BARRIO O COLONIA,,,DU08,,,,,,,TEGUCIGALPA
"624",714,SECTOR 16,COLONIA SEMPE,"1606",,BARRIO O COLONIA,,,DU08,,,,,,,TEGUCIGALPA
"625",715,SECTOR 16,COLONIA 30 DE NOVIEMBRE,"1607",,BARRIO O COLONIA,,,DU08,,,,,,,TEGUCIGALPA
"626",716,SECTOR 16,RESIDENCIAL ZARAHEMLA I ETAPA,"1654",,BARRIO O COLONIA,,,DU02,,,,,,,TEGUCIGALPA
"627",717,SECTOR 16,RESIDENCIAL ZARAHEMLA II ETAPA,"1656",,BARRIO O COLONIA,,,DU02,,,,,,,TEGUCIGALPA
"628",718,SECTOR 16,COLONIA SAN MIGUEL,"1614","2918",BARRIO O COLONIA,,ESTA COLONIA NO TIENE AREA DENTRO DE SECTOR 29,DU02,,,,,,,TEGUCIGALPA
"629",719,SECTOR 16,COLONIA 13 DE JULIO,"1615",,BARRIO O COLONIA,,,DU02,,,,,,,TEGUCIGALPA
"630",720,SECTOR 16,COLONIA NUEVA ERA,"1616",,BARRIO O COLONIA,,,DU08,DU02,,,,,,TEGUCIGALPA
"631",721,SECTOR 16,RESIDENCIAL MAYA,"1629",,BARRIO O COLONIA,,,DU02,,,,,,,TEGUCIGALPA
"632",722,SECTOR 16,RESIDENCIAL VILLA CENTROAMERICANA,"1622",,BARRIO O COLONIA,,,DU02,,,,,,,TEGUCIGALPA
"633",723,SECTOR 16,COLONIA NUEVO EDEN,"1640",,BARRIO O COLONIA,,,DU02,,,,,,,TEGUCIGALPA
"634",724,SECTOR 16,COLONIA NUEVA VIERA,"1630",,BARRIO O COLONIA,,,DU02,,,,,,,TEGUCIGALPA
"635",725,SECTOR 16,COLONIA SANTA ANITA O QUEBRACHAL,"1620",,BARRIO O COLONIA,,,DU02,,,,,,,TEGUCIGALPA
"636",726,SECTOR 16,COLONIA 28 DE MARZO,"1619",,BARRIO O COLONIA,,,DU02,,,,,,,TEGUCIGALPA
"637",727,SECTOR 16,COLONIA LA ESPERANZA,"1613",,BARRIO O COLONIA,,,DU02,,,,,,,TEGUCIGALPA
"638",728,SECTOR 16,COLONIA IZAGUIRRE,"1612",,BARRIO O COLONIA,,,DU02,,,,,,,TEGUCIGALPA
"639",729,SECTOR 16,RESIDENCIAL ECO VIVIENDAS,"1655",,BARRIO O COLONIA,,,DU08,,,,,,,TEGUCIGALPA
"640",731,SECTOR 16,RESIDENCIAL VILLA UNIVERSITARIA II ETAPA,"1625",,BARRIO O COLONIA,,,DU02,,,,,,,TEGUCIGALPA
"641",732,SECTOR 16,RESIDENCIAL VILLA UNIVERSITARIA I ETAPA,"1625",,BARRIO O COLONIA,,,DU02,,,,,,,TEGUCIGALPA
"642",733,SECTOR 16,COLONIA VILLA LOS CIRUELOS,"1626",,BARRIO O COLONIA,,,DU02,,,,,,,TEGUCIGALPA
"643",734,SECTOR 16,RESIDENCIAL VILLA OLIMPUS,"1645",,BARRIO O COLONIA,,,DU02,,,,,,,TEGUCIGALPA
"644",735,SECTOR 16,COLONIA LOS PROCERES,"1609",,BARRIO O COLONIA,,,DU02,,,,,,,TEGUCIGALPA
"645",736,SECTOR 16,COLONIA SANTA ISABEL,"1610",,BARRIO O COLONIA,,,DU02,,,,,,,TEGUCIGALPA
"646",737,SECTOR 16,SIN NOMBRE,"0000",,AREA SIN NOMBRE,,,DU02,DU08,,,,,,TEGUCIGALPA
"647",738,SECTOR 16,RESIDENCIAL PRADO VERDE,"1652",,BARRIO O COLONIA,,,DU08,,,,,,,TEGUCIGALPA
"648",739,SECTOR 16,RESIDENCIAL LOMAS DEL PRADO NORTE,"1646",,BARRIO O COLONIA,,,DU08,,,,,,,TEGUCIGALPA
"649",740,SECTOR 16,RESIDENCIAL VILLA COLONIAL,"1647",,BARRIO O COLONIA,,,DU08,,,,,,,TEGUCIGALPA
"650",741,SECTOR 16,RESIDENCIAL VILLA D'ESTE,"1650",,BARRIO O COLONIA,,,DU08,,,,,,,TEGUCIGALPA
"651",742,SECTOR 16,RESIDENCIAL PRADOS UNIVERSITARIOS,"1621",,BARRIO O COLONIA,,,DU08,,,,,,,TEGUCIGALPA
"652",743,SECTOR 16,RESIDENCIAL PRADOS UNIVERSITARIOS  II ETAPA,"1621",,BARRIO O COLONIA,,,DU08,,,,,,,TEGUCIGALPA
"653",744,SECTOR 16,COLONIA ARMANDO CALIDONIO,"1634",,BARRIO O COLONIA,,,DU08,,,,,,,TEGUCIGALPA
"654",746,SECTOR 16,COLONIA AURORA,"1608","2910",BARRIO O COLONIA,,,DU08,,,,,,,TEGUCIGALPA
"655",747,SECTOR 18,SIN NOMBRE,"0000",,AREA SIN NOMBRE,,,DU02,,,,,,,TEGUCIGALPA
"656",749,SECTOR 17,SIN NOMBRE,"0000",,AREA SIN NOMBRE,,,DU02,,,,,,,TEGUCIGALPA
"657",751,SECTOR 22,RESIDENCIAL LOS ZORZALES,"0000",,BARRIO O COLONIA,,,DU04,,,,,,,COMAYAGUELA
"658",752,SECTOR 14,ALDEA EL CARRIZAL,"1406",,BARRIO O COLONIA,,,DU06,,,,,,,COMAYAGUELA
"659",753,SECTOR 07,COLONIA MANANTIAL,"0718",,BARRIO O COLONIA,,,DU06,,,,,,,COMAYAGUELA
"660",754,SECTOR 07,CEMENTERIO GENERAL,"0000",,REFERENCIA,,,DU06,,,,,,,COMAYAGUELA
"661",755,SECTOR 07,BARRIO CHILE,"0732","0832",BARRIO O COLONIA,,,DU06,DU01,,,,,,COMAYAGUELA
"662",756,SECTOR 07,COLONIA  EL PORVENIR,"0731",,BARRIO O COLONIA,,,DU06,,,,,,,COMAYAGUELA
"663",757,SECTOR 07,SIN NOMBRE,"0000",,AREA SIN NOMBRE,,,DU06,,,,,,,COMAYAGUELA
"664",758,SECTOR 07,COLONIA SOTO O PLANES DEL BERRINCHE,"0730",,BARRIO O COLONIA,,,DU06,DU01,,,,,,COMAYAGUELA
"665",759,SECTOR 07,COLONIA LA OBRERA,"0738",,BARRIO O COLONIA,,,DU06,,,,,,,COMAYAGUELA
"666",760,SECTOR 07,COLONIA GUAMILITO,"0755",,BARRIO O COLONIA,,,DU06,,,,,,,COMAYAGUELA
"667",761,SECTOR 07,BARRIO BELEN,"0702","0626",BARRIO O COLONIA,,NO HAY AREA DE ESTA COLONIA EN SECTOR 06,DU05,,,,,,,COMAYAGUELA
"668",762,SECTOR 07,COLONIA MONSEÑOR FIALLOS,"0703",,BARRIO O COLONIA,,,DU05,,,,,,,COMAYAGUELA
"669",763,SECTOR 07,COLONIA LA HAYA,"0704",,BARRIO O COLONIA,,,DU05,,,,,,,COMAYAGUELA
"670",764,SECTOR 07,COLONIA  GRANADA,"0705",,BARRIO O COLONIA,,,DU05,,,,,,,COMAYAGUELA
"671",765,SECTOR 07,COLONIA SANTA FE,"0711",,BARRIO O COLONIA,,,DU05,,,,,,,COMAYAGUELA
"672",766,SECTOR 07,COLONIA PEDREGALITO,"0707",,BARRIO O COLONIA,,CODIGO REPETIDO CON PEDREGALITO No. 2,DU05,,,,,,,COMAYAGUELA
"673",767,SECTOR 07,COLONIA RAFAEL L. CALLEJAS,"0708",,BARRIO O COLONIA,,,DU05,,,,,,,COMAYAGUELA
"674",768,SECTOR 07,COLONIA TOROCAGUA,"0710",,BARRIO O COLONIA,,,DU05,,,,,,,COMAYAGUELA
"675",769,SECTOR 07,BARRIO LA ESPERANZA,"0712",,BARRIO O COLONIA,,,DU05,,,,,,,COMAYAGUELA
"676",770,SECTOR 07,COLONIA ROSARIO,"0713",,BARRIO O COLONIA,,,DU05,,,,,,,COMAYAGUELA
"677",771,SECTOR 07,MALL PREMIER,"0000",,REFERENCIA,,,DU05,,,,,,,COMAYAGUELA
"678",772,SECTOR 07,COLONIA PUNTA ARENA,"0000",,BARRIO O COLONIA,,,DU06,,,,,,,COMAYAGUELA
"679",773,SECTOR 07,COLONIA MELGAR,"0706",,BARRIO O COLONIA,,,DU06,,,,,,,COMAYAGUELA
"680",774,SECTOR 07,SIN NOMBRE,"0000",,AREA SIN NOMBRE,,,DU06,,,,,,,COMAYAGUELA
"681",775,SECTOR 07,COLONIA EL CARRIZAL,"0716",,BARRIO O COLONIA,,,DU06,,,,,,,COMAYAGUELA
"682",776,SECTOR 07,COLONIA SANTA ISABEL,"0717",,BARRIO O COLONIA,,,DU06,,,,,,,COMAYAGUELA
"683",777,SECTOR 07,COLONIA VILLA CRISTINA,"0745",,BARRIO O COLONIA,,,DU06,,,,,,,COMAYAGUELA
"684",778,SECTOR 07,COLONIA ROSALINDA,"0754",,BARRIO O COLONIA,,,DU06,,,,,,,COMAYAGUELA
"685",779,SECTOR 07,COLONIA BRASILIA,"0749",,BARRIO O COLONIA,,,DU06,,,,,,,COMAYAGUELA
"686",780,SECTOR 07,COLONIA SAN JUAN DEL NORTE,"0000",,BARRIO O COLONIA,,,DU06,,,,,,,COMAYAGUELA
"687",781,SECTOR 07,COLONIA VILLA FRANCA,"0770",,BARRIO O COLONIA,,,DU06,,,,,,,COMAYAGUELA
"688",782,SECTOR 07,COLONIA LAS PAVAS,"0719",,BARRIO O COLONIA,,,DU06,,,,,,,COMAYAGUELA
"689",783,SECTOR 07,COLONIA ALEMANIA,"0751",,BARRIO O COLONIA,,,DU06,,,,,,,COMAYAGUELA
"690",784,SECTOR 07,COLONIA BRISAS DE LA LAGUNA,"0761",,BARRIO O COLONIA,,,DU06,,,,,,,COMAYAGUELA
"691",785,SECTOR 07,COLONIA BUENAS NUEVAS,"0757",,BARRIO O COLONIA,,,DU06,,,,,,,COMAYAGUELA
"692",786,SECTOR 07,SIN NOMBRE,"0000",,AREA SIN NOMBRE,,,DU06,,,,,,,COMAYAGUELA
"693",787,SECTOR 07,COLONIA VILLA UNION,"0769","0726",BARRIO O COLONIA,,DOS CODIGOS MISMA COLONIA,DU06,,,,,,,COMAYAGUELA
"694",788,SECTOR 07,COLONIA FLOR No. 1,"0725",,BARRIO O COLONIA,,,DU06,,,,,,,COMAYAGUELA
"695",789,SECTOR 07,COLONIA CANADA,"0720",,BARRIO O COLONIA,,,DU06,,,,,,,COMAYAGUELA
"696",790,SECTOR 07,COLONIA LA LAGUNA,"0721",,BARRIO O COLONIA,,,DU05,,,,,,,COMAYAGUELA
"697",791,SECTOR 07,COLONIA BRISAS DE OLANCHO,"0722",,BARRIO O COLONIA,,,DU05,,,,,,,COMAYAGUELA
"698",792,SECTOR 07,COLONIA FUERZAS ARMADAS,"0768",,BARRIO O COLONIA,,,DU05,,,,,,,COMAYAGUELA
"699",793,SECTOR 07,COLONIA ZAPOTE NORTE,"0765",,BARRIO O COLONIA,,,DU05,,,,,,,COMAYAGUELA
"700",794,SECTOR 07,COLONIA ZAPOTE CENTRO,"0724",,BARRIO O COLONIA,,,DU05,,,,,,,COMAYAGUELA
"701",795,SECTOR 07,COLONIA LA INDEPENDENCIA,"0723",,BARRIO O COLONIA,,,DU05,,,,,,,COMAYAGUELA
"702",796,SECTOR 07,COLONIA 3 DE MAYO,"0744",,BARRIO O COLONIA,,,DU06,,,,,,,COMAYAGUELA
"703",797,SECTOR 07,ZONA CLINICA PERIFERICA IHSS,"0000",,REFERENCIA,,,DU05,,,,,,,COMAYAGUELA
"704",798,SECTOR 07,COLONIA POLICARPO PAZ,"0715",,BARRIO O COLONIA,,,DU05,,,,,,,COMAYAGUELA
"705",799,SECTOR 07,COLONIA CAMPO CIELO,"0727",,BARRIO O COLONIA,,,DU06,,,,,,,COMAYAGUELA
"706",800,SECTOR 07,COLONIA 14 DE FEBRERO,"0728",,BARRIO O COLONIA,,,DU06,,,,,,,COMAYAGUELA
"707",801,SECTOR 07,COLONIA FRANCISCO MORAZAN,"0729",,BARRIO O COLONIA,,,DU06,,,,,,,COMAYAGUELA
"708",802,SECTOR 07,BARRIO EL PASTEL,"0739",,BARRIO O COLONIA,,,DU06,,,,,,,COMAYAGUELA
"709",803,SECTOR 07,BARRIO SAN MARTIN,"0740",,BARRIO O COLONIA,,,DU06,,,,,,,COMAYAGUELA
"710",804,SECTOR 07,COLONIA LAS AYESTAS,"0742",,BARRIO O COLONIA,,,DU06,,,,,,,COMAYAGUELA
"711",805,SECTOR 07,COLONIA FLOR No. 2,"0741",,BARRIO O COLONIA,,,DU06,,,,,,,COMAYAGUELA
"712",806,SECTOR 07,COLONIA SAN CRISTOBAL,"0735",,BARRIO O COLONIA,,,DU05,,,,,,,COMAYAGUELA
"713",807,SECTOR 07,COLONIA LAS MERCEDES,"0736",,BARRIO O COLONIA,,,DU05,,,,,,,COMAYAGUELA
"714",808,SECTOR 07,COLONIA COFRADIA,"0743",,BARRIO O COLONIA,,,DU05,,,,,,,COMAYAGUELA
"715",809,SECTOR 09,COLONIA MARICHAL,"0921",,BARRIO O COLONIA,,,DU07,,,,,,,TEGUCIGALPA
"716",810,SECTOR 16,SIN NOMBRE,"0000",,AREA SIN NOMBRE,,,DU02,,,,,,,TEGUCIGALPA
"717",811,SECTOR 16,SIN NOMBRE,"0000",,AREA SIN NOMBRE,,,DU02,,,,,,,TEGUCIGALPA
"718",812,SECTOR 03,SIN NOMBRE,"0000",,AREA SIN NOMBRE,,,DU07,,,,,,,TEGUCIGALPA
"719",813,SECTOR 13,SIN NOMBRE,"0000",,AREA SIN NOMBRE,,,DU05,,,,,,,COMAYAGUELA
"720",815,SECTOR 08,SIN NOMBRE,"0000",,AREA SIN NOMBRE,,,DU06,,,,,,,COMAYAGUELA
"721",816,SECTOR 15,EL GRAN MIRADOR,"0000",,BARRIO O COLONIA,,,DU07,,,,,,,TEGUCIGALPA
"722",817,SECTOR 06,COLONIA  EL SOCORRO,"0608",,BARRIO O COLONIA,,,DU05,,,,,,,COMAYAGUELA
"723",818,SECTOR 02,COLONIA LINTON,"0225",,BARRIO O COLONIA,,,DU07,,,,,,,TEGUCIGALPA
"724",819,SECTOR 08,COLONIA LOMAS DEL BOSQUE,"0829",,BARRIO O COLONIA,,,DU07,,,,,,,TEGUCIGALPA
"725",820,SECTOR 08,BARRIO LA ESTRELLA,"0806",,BARRIO O COLONIA,,,DU07,,,,,,,TEGUCIGALPA
"726",821,SECTOR 10,COLONIA REPARTO MANDOFER,"1024",,BARRIO O COLONIA,,,DU02,,,,,,,TEGUCIGALPA
"727",822,SECTOR 16,SIN NOMBRE,"0000",,AREA SIN NOMBRE,,,DU02,,,,,,,TEGUCIGALPA
"728",823,SECTOR 16,SIN NOMBRE,"0000",,AREA SIN NOMBRE,,,DU08,DU07,,,,,,TEGUCIGALPA
"729",824,SECTOR 10,RESIDENCIAL PORTAL DEL CASTAÑO,"0000",,BARRIO O COLONIA,,,DU02,,,,,,,TEGUCIGALPA
"730",825,SECTOR 10,COLONIA SAN JUAN BOSCO,"1020",,BARRIO O COLONIA,,,DU02,,,,,,,TEGUCIGALPA
"731",826,SECTOR 09,SIN NOMBRE,"0000",,AREA SIN NOMBRE,,,DU07,,,,,,,TEGUCIGALPA
"732",828,SECTOR 13,COLONIA CARRIZAL No.2,"1364",,BARRIO O COLONIA,,,DU11,,,,,,,COMAYAGUELA
"733",829,SECTOR 04,COLONIA LA CAMPAÑA O MAYA CENTRO,"0426",,BARRIO O COLONIA,,,DU02,,,,,,,TEGUCIGALPA
"734",830,SECTOR 07,SIN NOMBRE,"0000",,AREA SIN NOMBRE,,,DU05,,,,,,,COMAYAGUELA
"735",831,SECTOR 07,COLONIA LOS PROFESORES,"0734",,BARRIO O COLONIA,,,DU06,,,,,,,COMAYAGUELA
"736",832,SECTOR 13,SIN NOMBRE,"0000",,AREA SIN NOMBRE,,,DU11,,,,,,,COMAYAGUELA
"737",833,SECTOR 07,COLONIA PEDREGALITO No. 2,"0707",,BARRIO O COLONIA,,CODIGO REPETIDO CON PEDREGALITO,DU05,,,,,,,COMAYAGUELA
"738",834,SECTOR 07,SIN NOMBRE,"0000",,AREA SIN NOMBRE,,,DU05,,,,,,,COMAYAGUELA
"739",835,SECTOR 16,SIN NOMBRE,"0000",,AREA SIN NOMBRE,,,DU02,,,,,,,TEGUCIGALPA
"740",836,SECTOR 13,COLONIA HOLLYWOOD,"1331",,BARRIO O COLONIA,,,DU05,,,,,,,COMAYAGUELA
"741",837,SECTOR 13,RESIDENCIAL VILLA INTERAMERICANA,"0000",,BARRIO O COLONIA,,,DU05,,,,,,,COMAYAGUELA
"742",838,SECTOR 13,CONDOMINIOS LOMAS DEL COUNTRY,"1375",,BARRIO O COLONIA,,,DU05,,,,,,,COMAYAGUELA
"743",839,SECTOR 14,ALDEA CERRO GRANDE,"1402",,BARRIO O COLONIA,,,DU06,,,,,,,COMAYAGUELA
"744",840,SECTOR 14,COLONIA BRISAS DE AGUA AZUL,"1414",,BARRIO O COLONIA,,,DU06,,,,,,,COMAYAGUELA
"745",841,SECTOR 14,CASERIO EL LOLO,"1403",,BARRIO O COLONIA,,,DU06,,,,,,,COMAYAGUELA
"746",842,SECTOR 14,CASERIO EL DURAZNO,"1404",,BARRIO O COLONIA,,,DU06,DU11,,,,,,COMAYAGUELA
"747",843,SECTOR 14,CASERIO EL PORTILLO,"1405",,BARRIO O COLONIA,,,DU06,,,,,,,COMAYAGUELA
"748",844,SECTOR 14,ALDEA LA CUESTA No. 2,"1407",,BARRIO O COLONIA,,,DU06,DU11,,,,,,COMAYAGUELA
"749",845,SECTOR 16,RESIDENCIAL VILLAS MILANO,"1653",,BARRIO O COLONIA,,,DU02,,,,,,,TEGUCIGALPA
"750",846,SECTOR 07,COLONIA FRATERNIDAD PESPIRENSE,"0000",,BARRIO O COLONIA,,,DU06,,,,,,,COMAYAGUELA
"751",847,SECTOR 07,COLONIA VILLA SAN JOSE,"0770",,BARRIO O COLONIA,,,DU06,,,,,,,COMAYAGUELA
"752",848,SECTOR 13,RESIDENCIAL SANTA CECILIA,"1329",,BARRIO O COLONIA,,,DU05,,,,,,,COMAYAGUELA
"753",849,SECTOR 09,SIN NOMBRE,"0000",,AREA SIN NOMBRE,,,DU07,,,,,,,TEGUCIGALPA
"754",850,SECTOR 07,SIN NOMBRE,"0000",,AREA SIN NOMBRE,,,DU06,,,,,,,COMAYAGUELA
"755",851,SECTOR 16,COMPLEJO INDUSTRIAL SAN MIGUEL,"0000",,REFERENCIA,,,DU07,,,,,,,TEGUCIGALPA
"756",854,SECTOR 21,SIN NOMBRE,"0000",,AREA SIN NOMBRE,,,DU03,,,,,,,TEGUCIGALPA
"757",855,SECTOR 05,SIN NOMBRE,"0000",,AREA SIN NOMBRE,,,DU02,,,,,,,TEGUCIGALPA
"758",861,SECTOR 26,RESIDENCIAL EL TABLON,"2608",,BARRIO O COLONIA,,CODIGO REPETIDO CON LAS CAMPANAS,DU09,,,,,,,TEGUCIGALPA
"759",863,SECTOR 26,SIN NOMBRE,"0000",,BARRIO O COLONIA,,,DU09,,,,,,,TEGUCIGALPA
"760",864,SECTOR 26,RESIDENCIAL HAMBURGO,"2609",,BARRIO O COLONIA,,,DU09,,,,,,,TEGUCIGALPA
"761",865,SECTOR 26,COLONIA MONTE FRESCO,"2605",,BARRIO O COLONIA,,,DU09,,,,,,,TEGUCIGALPA
"762",866,SECTOR 26,CASERIO EL JICARO,"2603",,ALDEA O CASERIO,,,DU09,,,,,,,TEGUCIGALPA
"763",867,SECTOR 26,ALDEA JACALEAPA,"2604","2016",ALDEA O CASERIO,,,DU09,DU03,,,,,,TEGUCIGALPA
"764",868,SECTOR 26,COLONIA PLAN DE LOS PINOS,"2601",,BARRIO O COLONIA,,,DU09,,,,,,,TEGUCIGALPA
"765",869,SECTOR 26,ALDEA EL TABLON,"2602",,ALDEA O CASERIO,,,DU09,,,,,,,TEGUCIGALPA
"766",870,SECTOR 27,COLONIA LOMAS DEL TIZATILLO,"0000",,BARRIO O COLONIA,,,DU09,,,,,,,TEGUCIGALPA
"767",871,SECTOR 27,RESIDENCIAL VILLAS DE SAN SEBASTIAN,"2716",,BARRIO O COLONIA,,,DU09,,,,,,,TEGUCIGALPA
"768",872,SECTOR 27,RESIDENCIAL SANTA CLARA,"2717",,BARRIO O COLONIA,,,DU09,,,,,,,TEGUCIGALPA
"769",873,SECTOR 27,RESIDENCIAL FLORENTINOS,"2723",,BARRIO O COLONIA,,,DU09,,,,,,,TEGUCIGALPA
"770",874,SECTOR 27,SIN NOMBRE,"0000",,BARRIO O COLONIA,,,DU09,,,,,,,TEGUCIGALPA
"771",875,SECTOR 27,COLONIA EL RECREO,"2714",,BARRIO O COLONIA,,,DU09,,,,,,,TEGUCIGALPA
"772",876,SECTOR 27,RESIDENCIAL ENMANUEL,"2720",,BARRIO O COLONIA,,,DU09,,,,,,,TEGUCIGALPA
"773",877,SECTOR 27,COLONIA CRUZ ROJA,"2715",,BARRIO O COLONIA,,,DU09,,,,,,,TEGUCIGALPA
"774",878,SECTOR 27,COLONIA ALTOS DE SANTA ROSA,"2713",,BARRIO O COLONIA,,,DU09,,,,,,,TEGUCIGALPA
"775",879,SECTOR 27,LOS TROZOS,"2705",,BARRIO O COLONIA,,,DU09,,,,,,,TEGUCIGALPA
"776",882,SECTOR 27,ALDEA EL TIZATILLO,"0000",,ALDEA O CASERIO,,,DU09,,,,,,,TEGUCIGALPA
"777",883,SECTOR 27,ALDEA LA CIENEGA,"2707",,ALDEA O CASERIO,,,DU09,,,,,,,TEGUCIGALPA
"778",884,SECTOR 27,ALDEA GERMANIA,"2701",,ALDEA O CASERIO,,,DU09,,,,,,,TEGUCIGALPA
"779",885,SECTOR 28,CASERIO OJO DE AGUA,"0000","0",ALDEA O CASERIO,,,DU10,,,,,,,COMAYAGUELA
"780",886,SECTOR 28,CASERIO EL ESPINAL (PARTE),"2805","0",ALDEA O CASERIO,,,DU10,,,,,,,COMAYAGUELA
"781",887,SECTOR 28,RESIDENCIAL VILLAS LA CONCEPCION,"2829","0",BARRIO O COLONIA,,,DU10,,,,,,,COMAYAGUELA
"782",888,SECTOR 28,RESIDENCIAL LOMAS DE GERMANIA,"2824","0",BARRIO O COLONIA,,,DU10,,,,,,,COMAYAGUELA
"783",889,SECTOR 28,RESIDENCIAL EL PORTILLO,"2827","0",BARRIO O COLONIA,,,DU10,,,,,,,COMAYAGUELA
"784",890,SECTOR 28,ALDEA YAGUACIRE CENTRO  (PARTE),"2819","0",ALDEA O CASERIO,,,DU10,,,,,,,COMAYAGUELA
"785",891,SECTOR 28,RESIDENCIAL LOMAS DEL PORTILLO,"2815","0",BARRIO O COLONIA,,,DU10,,,,,,,COMAYAGUELA
"786",892,SECTOR 28,RESIDENCIAL CONCEPCION,"2821","0",BARRIO O COLONIA,,,DU10,,,,,,,COMAYAGUELA
"787",893,SECTOR 28,VILLA LOS CIPRECES,"2833","0",BARRIO O COLONIA,,,DU10,,,,,,,COMAYAGUELA
"788",894,SECTOR 28,VILLA LOS NARANJOS,"2832","0",BARRIO O COLONIA,,,DU10,,,,,,,COMAYAGUELA
"789",895,SECTOR 28,VILLA LAS PALMERAS,"2814","0",BARRIO O COLONIA,,,DU10,,,,,,,COMAYAGUELA
"790",896,SECTOR 28,VILLA LOS JAZMINES,"2830","0",BARRIO O COLONIA,,,DU10,,,,,,,COMAYAGUELA
"791",897,SECTOR 28,VILLA LAS HORTENCIAS,"2828","0",BARRIO O COLONIA,,,DU10,,,,,,,COMAYAGUELA
"792",898,SECTOR 28,VILLA LOS TULIPANES,"2831","0",BARRIO O COLONIA,,,DU10,,,,,,,COMAYAGUELA
"793",899,SECTOR 28,VILLA LOS GERANIOS,"2826","0",BARRIO O COLONIA,,,DU10,,,,,,,COMAYAGUELA
"794",900,SECTOR 28,COLONIA ALTOS  DEL LOARQUE ETAPA 2,"2802","0",BARRIO O COLONIA,,,DU10,,,,,,,COMAYAGUELA
"795",901,SECTOR 28,VILLA ORQUIDEAS,"2823","0",BARRIO O COLONIA,,,DU10,,,,,,,COMAYAGUELA
"796",902,SECTOR 28,RESIDENCIAL ALEXA,"0000","0",BARRIO O COLONIA,,,DU10,,,,,,,COMAYAGUELA
"797",903,SECTOR 28,RESIDENCIAL VILLAS CORINTO,"2825","0",BARRIO O COLONIA,,,DU10,,,,,,,COMAYAGUELA
"798",904,SECTOR 28,COLONIA ALTOS  DEL LOARQUE ETAPA 3,"2802","0",BARRIO O COLONIA,,,DU10,,,,,,,COMAYAGUELA
"799",905,SECTOR 28,RESIDENCIAL VILLA SAN JORGE,"2822","0",BARRIO O COLONIA,,,DU10,,,,,,,COMAYAGUELA
"800",906,SECTOR 28,COLONIA LOMAS DE TONCONTIN II ETAPA,"2813","0",BARRIO O COLONIA,,,DU10,,,,,,,COMAYAGUELA
"801",907,SECTOR 28,COLONIA ALTOS DE TONCONTIN,"2801","0",BARRIO O COLONIA,,,DU10,,,,,,,COMAYAGUELA
"802",908,SECTOR 28,ALDEA LOARQUE (MIMBRE),"2805","0",ALDEA O CASERIO,,,DU10,,,,,,,COMAYAGUELA
"803",909,SECTOR 28,COLONIA LOMAS DE TONCONTIN I ETAPA,"2813","0",BARRIO O COLONIA,,,DU10,,,,,,,COMAYAGUELA
"804",911,SECTOR 28,COLONIA  SAN JOSE DE LOARQUE,"2308","0",BARRIO O COLONIA,,,DU10,,,,,,,COMAYAGUELA
"805",912,SECTOR 28,COLONIA LOMAS DE TONCONTIN III ETAPA,"2813","0",BARRIO O COLONIA,,,DU10,,,,,,,COMAYAGUELA
"806",913,SECTOR 28,SIN NOMBRE,"0000","0",BARRIO O COLONIA,,,DU10,,,,,,,COMAYAGUELA
"807",914,SECTOR 25,COLONIA FUENTE DE VIDA,"0000","0",BARRIO O COLONIA,,,DU11,,,,,,,COMAYAGUELA
"808",915,SECTOR 13,SIN NOMBRE,"0000",,BARRIO O COLONIA,,,DU11,,,,,,,COMAYAGUELA
"809",916,SECTOR 25,COLONIA NUEVA AUSTRALIA,"2541",,BARRIO O COLONIA,,,DU11,,,,,,,COMAYAGUELA
"810",917,SECTOR 25,COLONIA MONTE DE LOS OLIVOS,"2534",,BARRIO O COLONIA,,,DU11,,,,,,,COMAYAGUELA
"811",918,SECTOR 25,SIN NOMBRE,"0000",,BARRIO O COLONIA,,,,,,,UI06,,,COMAYAGUELA
"812",919,SECTOR 25,SIN NOMBRE,"0000",,AREA SIN NOMBRE,,,DU11,,,,,,,COMAYAGUELA
"813",920,SECTOR 25,COLONIA JOSE TRINIDAD CABAÑAS,"2536",,BARRIO O COLONIA,,,DU11,,,,,,,COMAYAGUELA
"814",921,SECTOR 25,COLONIA LINDA VISTA,"0000",,BARRIO O COLONIA,,,DU11,,,,,,,COMAYAGUELA
"815",922,SECTOR 25,COLONIA ALTOS DE LAS CASCADAS,"0000",,BARRIO O COLONIA,,,DU11,,,,,,,COMAYAGUELA
"816",923,SECTOR 25,COLONIA UNIDAD Y FUERZA,"2538",,BARRIO O COLONIA,,,DU11,,,,,,,COMAYAGUELA
"817",924,SECTOR 25,SIN NOMBRE,"0000",,BARRIO O COLONIA,,,DU11,,,,,,,COMAYAGUELA
"818",925,SECTOR 25,ALDEA LA SOLEDAD No.2,"2501",,BARRIO O COLONIA,,,DU11,,,,,,,COMAYAGUELA
"819",926,SECTOR 25,COLONIA BUENA VISTA,"2530",,BARRIO O COLONIA,,,DU11,,,,,,,COMAYAGUELA
"820",927,SECTOR 25,SIN NOMBRE,"0000",,BARRIO O COLONIA,,,DU11,,,,,,,COMAYAGUELA
"821",928,SECTOR 25,COLONIA ALTOS DE CENTROAMERICA,"0000",,BARRIO O COLONIA,,,DU11,,,,,,,COMAYAGUELA
"822",929,SECTOR 25,COLONIA MARY FLAKES DE FLORES,"2535",,BARRIO O COLONIA,,,DU11,,,,,,,COMAYAGUELA
"823",930,SECTOR 25,SIN NOMBRE,"0000",,BARRIO O COLONIA,,,DU11,,,,,,,COMAYAGUELA
"824",931,SECTOR 25,COLONIA BERLÍN,"2542",,BARRIO O COLONIA,,,DU11,,,,,,,COMAYAGUELA
"825",932,SECTOR 25,SIN NOMBRE,"0000",,BARRIO O COLONIA,,,DU11,,,,,,,COMAYAGUELA
"826",933,SECTOR 25,SIN NOMBRE,"0000",,AREA SIN NOMBRE,,,DU11,,,,,,,COMAYAGUELA
"827",934,SECTOR 25,COLONIA NUEVA DANLI,"2526",,BARRIO O COLONIA,,,DU11,,,,,,,COMAYAGUELA
"828",935,SECTOR 25,COLONIA SANTA CLARA,"0000",,BARRIO O COLONIA,,,DU11,,,,,,,COMAYAGUELA
"829",936,SECTOR 25,COLONIA ALTOS DEL PARAISO,"2521",,BARRIO O COLONIA,,,DU11,,,,,,,COMAYAGUELA
"830",937,SECTOR 25,COLONIA JARDINES DEL CARRIZAL,"2528",,BARRIO O COLONIA,,,DU11,,,,,,,COMAYAGUELA
"831",938,SECTOR 25,COLONIA SAN JUAN BOSCO,"2516",,BARRIO O COLONIA,,,DU11,,,,,,,COMAYAGUELA
"832",939,SECTOR 25,COLONIA CONTINENTAL,"2520",,BARRIO O COLONIA,,,DU11,,,,,,,COMAYAGUELA
"833",940,SECTOR 25,COLONIA NUEVA CAPITAL,"2527",,BARRIO O COLONIA,,,DU11,,,,,,,COMAYAGUELA
"834",941,SECTOR 25,COLONIA NUEVA PROVIDENCIA,"2531",,BARRIO O COLONIA,,,DU11,,,,,,,COMAYAGUELA
"835",942,SECTOR 25,COLONIA FUERZAS UNIDAS,"2533",,BARRIO O COLONIA,,,DU11,,,,,,,COMAYAGUELA
"836",943,SECTOR 25,SIN NOMBRE,"0000",,BARRIO O COLONIA,,,DU11,,,,,,,COMAYAGUELA
"837",944,SECTOR 25,COLONIA GRACIAS A DIOS,"2502",,BARRIO O COLONIA,,,DU05,,,,,,,COMAYAGUELA
"838",945,SECTOR 25,COLONIA LIVERPOOL,"0000",,BARRIO O COLONIA,,,DU05,,,,,,,COMAYAGUELA
"839",946,SECTOR 25,COLONIA LINCOLN,"2509",,BARRIO O COLONIA,,,DU11,,,,,,,COMAYAGUELA
"840",947,SECTOR 25,COLONIA LOS ANDES,"0000",,BARRIO O COLONIA,,,DU11,,,,,,,COMAYAGUELA
"841",948,SECTOR 25,COLONIA LOS CENTENOS,"2512",,BARRIO O COLONIA,,,DU11,,,,,,,COMAYAGUELA
"842",949,SECTOR 25,COLONIA LOS CENTENOS II,"2543",,BARRIO O COLONIA,,,DU11,,,,,,,COMAYAGUELA
"843",950,SECTOR 25,COLONIA LAS VEGAS DEL CARRIZAL,"0000",,BARRIO O COLONIA,,,DU11,,,,,,,COMAYAGUELA
"844",951,SECTOR 25,COLONIA EL PEDERNAL,"0000",,BARRIO O COLONIA,,,DU05,,,,,,,COMAYAGUELA
"845",952,SECTOR 25,COLONIA BRISAS DEL NORTE,"2508",,BARRIO O COLONIA,,,DU11,,,,,,,COMAYAGUELA
"846",953,SECTOR 25,COLONIA JOSE ARTURO DUARTE,"2522",,BARRIO O COLONIA,,,DU11,,,,,,,COMAYAGUELA
"847",955,SECTOR 25,COLONIA VISTA HERMOSA,"2503",,BARRIO O COLONIA,,,DU11,,,,,,,COMAYAGUELA
"848",956,SECTOR 25,COLONIA GENERACION 2000,"2540",,BARRIO O COLONIA,,,DU11,,,,,,,COMAYAGUELA
"849",957,SECTOR 25,COLONIA JOSE ANGEL ULLOA,"2524",,BARRIO O COLONIA,,,DU11,,,,,,,COMAYAGUELA
"850",958,SECTOR 25,COLONIA EL CARRIZAL N0.2,"2518",,BARRIO O COLONIA,,,DU11,DU06,,,,,,COMAYAGUELA
"851",959,SECTOR 25,COLONIA SMITH No.1,"2511",,BARRIO O COLONIA,,,DU06,,,,,,,COMAYAGUELA
"852",960,SECTOR 25,COLONIA SAN LORENZO,"2532",,BARRIO O COLONIA,,,DU06,,,,,,,COMAYAGUELA
"853",961,SECTOR 25,COLONIA JARDINES DEL NORTE,"2519",,BARRIO O COLONIA,,,DU11,,,,,,,COMAYAGUELA
"854",962,SECTOR 25,COLONIA LOMAS DEL NORTE,"2507",,BARRIO O COLONIA,,,DU11,,,,,,,COMAYAGUELA
"855",963,SECTOR 25,COLONIA NUEVOS HORIZONTES,"2510",,BARRIO O COLONIA,,,DU06,,,,,,,COMAYAGUELA
"856",964,SECTOR 25,COLONIA SMITH No.2,"2511",,BARRIO O COLONIA,,,DU06,,,,,,,COMAYAGUELA
"857",966,SECTOR 25,COLONIA EL MANANTIAL,"0000",,BARRIO O COLONIA,,,DU06,,,,,,,COMAYAGUELA
"858",967,SECTOR 25,COLONIA EL CARRIZAL 1-B,"2504",,BARRIO O COLONIA,,,DU06,DU11,,,,,,COMAYAGUELA
"859",968,SECTOR 25,COLONIA LAS ACACIAS,"2504",,BARRIO O COLONIA,,,DU06,,,,,,,COMAYAGUELA
"860",969,SECTOR 25,RESIDENCIAL CIUDAD DEL ANGEL,"2525",,BARRIO O COLONIA,,,DU11,,,,,,,COMAYAGUELA
"861",970,SECTOR 25,ALDEA LA CUESTA No.1,"2505",,BARRIO O COLONIA,,,DU06,,,,,,,COMAYAGUELA
"862",971,SECTOR 25,SIN NOMBRE,"0000",,BARRIO O COLONIA,,,DU11,,,,UI06,,,COMAYAGUELA
"863",972,SECTOR 25,COLONIA AUSTRALIA,"2514",,BARRIO O COLONIA,,,DU11,,,,,,,COMAYAGUELA
"864",973,SECTOR 24,COLONIA JARDINES DE TONCONTIN,"2403",,BARRIO O COLONIA,,,DU04,,,,,,,COMAYAGUELA
"865",974,SECTOR 24,COLONIA LA BURRERA,"2404",,BARRIO O COLONIA,,,DU04,,,,,,,COMAYAGUELA
"866",975,SECTOR 24,COLONIA BOLIVAR,"2402",,BARRIO O COLONIA,,,DU04,,,,,,,COMAYAGUELA
"867",976,SECTOR 24,COLONIA LA PRADERA,"2406",,BARRIO O COLONIA,,,DU04,,,,,,,COMAYAGUELA
"868",977,SECTOR 24,COLONIA EL ESTIQUIRIN,"0000",,BARRIO O COLONIA,,,DU04,,,,,,,COMAYAGUELA
"869",978,SECTOR 24,COLONIA FLOR DEL CAMPO,"2414",,BARRIO O COLONIA,,,DU04,,,,,,,COMAYAGUELA
"870",979,SECTOR 24,COLONIA MODESTO RODAS ALVARADO,"2409",,BARRIO O COLONIA,,,DU04,,,,,,,COMAYAGUELA
"871",980,SECTOR 24,COLONIA VILLA NELITA,"2410",,BARRIO O COLONIA,,,DU04,,,,,,,COMAYAGUELA
"872",981,SECTOR 24,COLONIA LOS OLMOS,"2422",,BARRIO O COLONIA,,,DU04,,,,,,,COMAYAGUELA
"873",982,SECTOR 24,COLONIA HENRY MERRIAN,"2412",,BARRIO O COLONIA,,,DU04,,,,,,,COMAYAGUELA
"874",983,SECTOR 24,COLONIA NUEVAS DELICIAS,"2423",,BARRIO O COLONIA,,,DU04,,,,,,,COMAYAGUELA
"875",984,SECTOR 24,COLONIA SAN LUIS,"2408",,BARRIO O COLONIA,,,DU04,,,,,,,COMAYAGUELA
"876",985,SECTOR 24,SIN NOMBRE,"0000",,BARRIO O COLONIA,,,DU04,,,,,,,COMAYAGUELA
"877",986,SECTOR 24,COLONIA LA ROSA,"2415",,BARRIO O COLONIA,,,DU04,,,,,,,COMAYAGUELA
"878",987,SECTOR 24,COLONIA LUIS ANDRES ZUNIGA,"2431",,BARRIO O COLONIA,,,DU04,,,,,,,COMAYAGUELA
"879",988,SECTOR 24,ASERRADERO LAMAS,"0000",,REFERENCIA,,,DU04,,,,,,,COMAYAGUELA
"880",989,SECTOR 24,COLONIA VENECIA,"2416",,BARRIO O COLONIA,,,DU04,,,,,,,COMAYAGUELA
"881",990,SECTOR 24,SIN NOMBRE,"0000",,BARRIO O COLONIA,,,DU04,,,,,,,COMAYAGUELA
"882",991,SECTOR 24,COLONIIA PREDIOS DEL RECREO,"2430",,BARRIO O COLONIA,,,DU04,,,,,,,COMAYAGUELA
"883",992,SECTOR 24,COLONIA SANTA BARBARA,"2418",,BARRIO O COLONIA,,,DU04,,,,,,,COMAYAGUELA
"884",993,SECTOR 24,COLONIA INESTROZA,"2419",,BARRIO O COLONIA,,,DU04,,,,,,,COMAYAGUELA
"885",994,SECTOR 24,COLONIA LAS TORRES,"2417",,BARRIO O COLONIA,,,DU04,,,,,,,COMAYAGUELA
"886",995,SECTOR 24,SIN NOMBRE,"0000",,BARRIO O COLONIA,,,DU04,,,,,,,COMAYAGUELA
"887",996,SECTOR 24,RESIDENCIAL CIUDAD NUEVA,"2420",,BARRIO O COLONIA,,,DU04,,,,,,,COMAYAGUELA
"888",997,SECTOR 24,PORTAL DE LAS FLORES,"0000",,BARRIO O COLONIA,,,DU04,,,,,,,COMAYAGUELA
"889",998,SECTOR 24,REPRESA LOS LAURELES,"0000",,BARRIO O COLONIA,,,,,,,UI06,,,COMAYAGUELA
"890",999,SECTOR 24,SIN NOMBRE,"0000",,AREA SIN NOMBRE,,,DU04,,,,,,,COMAYAGUELA
"891",1000,SECTOR 24,COLONIA RIVAS,"2405",,BARRIO O COLONIA,,,DU04,,,,,,,COMAYAGUELA
"892",1001,SECTOR 08,COLONIA CERRO GRANDE ZONA 4 VI ETAPA,"0814",,BARRIO O COLONIA,,,DU06,,,,,,,COMAYAGUELA
"893",1010,SECTOR 08,COLONIA CERRO GRANDE ZONA 8 II ETAPA,"0846",,BARRIO O COLONIA,,,DU06,,,,,,,COMAYAGUELA
"894",1019,SECTOR 23,RESIDENCIAL VILLAS TONCONTIN,"2311",,BARRIO O COLONIA,,,DU10,,,,,,,COMAYAGUELA
"895",1024,SECTOR 23,COLONIA AEROPUERTO,"2302",,BARRIO O COLONIA,,,DU04,,,,,,,COMAYAGUELA
"896",1025,SECTOR 23,SIN NOMBRE,"2302",,BARRIO O COLONIA,,,DU04,,,,,,,COMAYAGUELA
"897",1026,SECTOR 23,VILLAS MEDITERRANEO,"0000",,BARRIO O COLONIA,,,DU04,,,,,,,COMAYAGUELA
"898",402,SECTOR 23,VILLAS SANTA ISABEL,"2340",,BARRIO O COLONIA,,,DU04,,,,,,,COMAYAGUELA
"899",402,SECTOR 23,RESIDENCIAL LUIMISA,"2317",,BARRIO O COLONIA,,,DU04,,,,,,,COMAYAGUELA
"900",402,SECTOR 23,VILLAS DANIA,"0000",,BARRIO O COLONIA,,,DU04,,,,,,,COMAYAGUELA
"901",402,SECTOR 22,COLONIA LA TRINIDAD,"2201","2401",BARRIO O COLONIA,,,DU04,,,,,,,COMAYAGUELA
"902",974,SECTOR 03,RESIDENCIAL JACARANDAS,"0310",,BARRIO O COLONIA,,,DU07,,,,,,,TEGUCIGALPA
"903",468,SECTOR 07,COLINAS DEL MAYANGLE,"0762",,BARRIO O COLONIA,,,DU05,,,,,,,COMAYAGUELA
"904",161,SECTOR 29,RESIDENCIAL CERRO AZUL,"2923",,BARRIO O COLONIA,,,DU08,,,,,,,TEGUCIGALPA
"905",537,SECTOR 29,SIN NOMBRE,"0000",,BARRIO O COLONIA,,,DU08,DU07,,,,,,TEGUCIGALPA
"906",0,SECTOR 29,RESIDENCIAL SANTA MARIA,"2921",,BARRIO O COLONIA,,,DU08,,,,,,,TEGUCIGALPA
"907",0,SECTOR 29,COLONIA EL SITIO,"2922",,BARRIO O COLONIA,,,DU08,,,,,,,TEGUCIGALPA
"908",0,SECTOR 29,COLONIA OJO DE AGUA,"0000",,BARRIO O COLONIA,,,DU08,,,,,,,TEGUCIGALPA
"909",0,SECTOR 29,COLONIA LOS QUEBRACHITOS,"0000",,BARRIO O COLONIA,,,DU08,,,,,,,TEGUCIGALPA
"910",0,SECTOR 29,COLONIA VISTA HERMOSA,"0000",,BARRIO O COLONIA,,,DU08,,,,,,,TEGUCIGALPA
"911",0,SECTOR 29,COLONIA MOLOLOA,"0000",,BARRIO O COLONIA,,,DU08,,,,,,,TEGUCIGALPA
"912",0,SECTOR 29,COLONIA LA SOSA,"2914",,BARRIO O COLONIA,,,DU08,,,,,,,TEGUCIGALPA
"913",0,SECTOR 29,VILLA AURORA,"2925",,BARRIO O COLONIA,,,DU08,,,,,,,TEGUCIGALPA
"914",0,SECTOR 29,COLONIA LA TRAVESIA SECTOR EL MIRADOR,"2926",,BARRIO O COLONIA,,,DU08,,,,,,,TEGUCIGALPA
"915",0,SECTOR 29,COLONIA LA TRAVESIA SECTOR No. 5,"2913",,BARRIO O COLONIA,,,DU08,,,,,,,TEGUCIGALPA
"916",0,SECTOR 29,RESIDENCIAL LA TRAVESIA,"0000",,BARRIO O COLONIA,,,DU08,,,,,,,TEGUCIGALPA
"917",0,SECTOR 29,COLONIA EL ZAPOTE,"0000",,BARRIO O COLONIA,,,DU08,,,,,,,TEGUCIGALPA
"918",0,SECTOR 29,COLONIA BUENOS AIRES DE ORIENTE II ETAPA,"2924",,BARRIO O COLONIA,,,DU08,,,,,,,TEGUCIGALPA
"919",0,SECTOR 29,COLONIA BUENOS AIRES DE ORIENTE I ETAPA,"2924",,BARRIO O COLONIA,,,DU08,,,,,,,TEGUCIGALPA
"920",0,SECTOR 29,CASERIO AGUA BLANCA,"2912",,BARRIO O COLONIA,,,DU08,,,,,,,TEGUCIGALPA
"921",0,SECTOR 29,ECO VIVIENDAS,"2907",,BARRIO O COLONIA,,,DU08,,,,,,,TEGUCIGALPA
"922",0,SECTOR 29,COLONIA LA ERA,"2911",,BARRIO O COLONIA,,,DU08,,,,,,,TEGUCIGALPA
"923",0,SECTOR 16,SIN NOMBRE,"0000",,AREA SIN NOMBRE,,,DU08,,,,,,,TEGUCIGALPA
"924",0,SECTOR 29,COLONIA LAS LOMITAS,"0000",,BARRIO O COLONIA,,,DU08,,,,,,,TEGUCIGALPA
"925",0,SECTOR 29,ALDEA SUYAPA SECTOR SAN ANTONIO,"0000",,BARRIO O COLONIA,,,DU08,,,,,,,TEGUCIGALPA
"926",0,SECTOR 29,ALDEA SUYAPA SECTOR 1,"0000",,BARRIO O COLONIA,,,DU08,,,,,,,TEGUCIGALPA
"927",0,SECTOR 29,CEMENTERIO SUYAPA,"0000",,REFERENCIA,,,DU08,,,,,,,TEGUCIGALPA
"928",0,SECTOR 29,ALDEA SUYAPA SECTOR LA PLAZA,"0000",,BARRIO O COLONIA,,,DU08,,,,,,,TEGUCIGALPA
"929",0,SECTOR 29,ALDEA SUYAPA SECTOR LA CRUZ,"0000",,BARRIO O COLONIA,,,DU08,,,,,,,TEGUCIGALPA
"930",0,SECTOR 29,ALDEA DE SUYAPA SECTOR GRACIAS A DIOS,"0000",,BARRIO O COLONIA,,,DU08,,,,,,,TEGUCIGALPA
"931",0,SECTOR 29,ALDEA SUYAPA SECTOR SAGRADO CORAZON,"0000",,BARRIO O COLONIA,,,DU08,,,,,,,TEGUCIGALPA
"932",0,SECTOR 29,ALDEA SUYAPA SECTOR COLINAS DE JERUSALEM,"0000",,BARRIO O COLONIA,,,DU08,,,,,,,TEGUCIGALPA
"933",0,SECTOR 29,ALDEA SUYAPA SECTOR ALTOS DE SUYAPA,"0000",,BARRIO O COLONIA,,,DU08,,,,,,,TEGUCIGALPA
"934",0,SECTOR 29,ALDEA SUYAPA SECTOR EL CALVARIO,"0000",,BARRIO O COLONIA,,,DU08,,,,,,,TEGUCIGALPA
"935",0,SECTOR 29,COLONIA SECTOR MATUTE,"0000",,BARRIO O COLONIA,,,DU08,,,,,,,TEGUCIGALPA
"936",0,SECTOR 29,COLONIA FEHCOVIL,"2902",,BARRIO O COLONIA,,,DU08,,,,,,,TEGUCIGALPA
"937",0,SECTOR 29,COLONIA UNIVERSIDAD SUYAPA,"0000",,BARRIO O COLONIA,,,DU08,,,,,,,TEGUCIGALPA
"938",0,SECTOR 29,COLONIA FLORES DE ORIENTE,"2905",,BARRIO O COLONIA,,,DU08,,,,,,,TEGUCIGALPA
"939",0,SECTOR 29,COLONIA VILLA NUEVA SUYAPA,"2901",,BARRIO O COLONIA,,,DU08,,,,,,,TEGUCIGALPA
"940",0,SECTOR 29,COLONIA BRISAS DE SUYAPA,"2904",,BARRIO O COLONIA,,,DU08,,,,,,,TEGUCIGALPA
"941",0,SECTOR 29,ALDEA DE SUYAPA,"2906",,BARRIO O COLONIA,,,,,,,UI01,,,TEGUCIGALPA
"942",0,SECTOR 21,RESIDENCIAL VILLA BARCELONA,"2157","1617",BARRIO O COLONIA,,,DU03,,,,,,,TEGUCIGALPA
"943",237,SECTOR 12,PLAN DE LAS LOMAS,"1225",,BARRIO O COLONIA,,,DU04,,,,,,,COMAYAGUELA
"944",35,SECTOR 23,RESIDENCIAL EL CAMPO,"2373",,BARRIO O COLONIA,,,DU04,,,,,,,COMAYAGUELA
"945",411,SECTOR 16,RESIDENCIAL PORTAL DEL SOL,"1657",,BARRIO O COLONIA,,,DU08,,,,,,,TEGUCIGALPA
"946",858,SECTOR 28,SIN NOMBRE,"0000",,AREA SIN NOMBRE,,,DU10,,,,,,,COMAYAGUELA
"947",415,SECTOR 28,COLONIA ALTOS DE LOARQUE ETAPA I,"0000",,BARRIO O COLONIA,,,DU10,,,,,,,COMAYAGUELA
"948",879,SECTOR 27,ALDEA SANTA ROSA,"0000",,BARRIO O COLONIA,,,DU09,,,,,,,TEGUCIGALPA
"949",130,SECTOR 18,RESIDENCIAL ALTOS DEL TRAPICHE VI-B,"1830",,BARRIO O COLONIA,,,DU08,,,,,,,TEGUCIGALPA
"950",0,SECTOR 20,SIN NOMBRE,"0000","0000",BARRIO O COLONIA,,,DU09,,,,,,,TEGUCIGALPA
"951",0,SECTOR 20,"COLONIA VILLA NUEVA SECTOR 6, ETAPA 3","2002",,BARRIO O COLONIA,,,DU09,,,,,,,TEGUCIGALPA
"952",0,SECTOR 18,COLONIA VILLA NUEVA SECTOR 1A,"1804",,BARRIO O COLONIA,,,DU08,,,,,,,TEGUCIGALPA
"953",0,SECTOR 18,COLONIA VILLA NUEVA SECTOR 8,"1804",,BARRIO O COLONIA,,,DU08,,,,,,,TEGUCIGALPA
"954",0,SECTOR 18,COLONIA VILLA NUEVA SECTOR 1B,"1804",,BARRIO O COLONIA,,,DU08,,,,,,,TEGUCIGALPA
"955",0,SECTOR 18,COLONIA VILLA NUEVA SECTOR 2A,"1804",,BARRIO O COLONIA,,,DU08,,,,,,,TEGUCIGALPA
"956",0,SECTOR 18,COLONI A VILLA NUEVA SECTOR 2B,"1804",,BARRIO O COLONIA,,,DU08,,,,,,,TEGUCIGALPA
"957",0,SECTOR 18,COLONIA VILLA NUEVA SECTOR 7B,"1804",,BARRIO O COLONIA,,,DU08,,,,,,,TEGUCIGALPA
"958",0,SECTOR 18,AREA VERDE VILLA NUEVA,"1804","2002",REFERENCIA,,,DU09,,,,,,,TEGUCIGALPA
"959",0,SECTOR 20,COLONIA LOS PINOS,"2032",,BARRIO O COLONIA,,,DU09,,,,,,,TEGUCIGALPA
"960",0,SECTOR 20,COLONIA ALTOS DE LOS PINOS,"2012",,BARRIO O COLONIA,,,DU09,,,,,,,TEGUCIGALPA
"961",0,SECTOR 20,"COLONIA VILLA NUEVA SECTOR 6, ETAPA A","2002",,BARRIO O COLONIA,,,DU03,,,,,,,TEGUCIGALPA
"962",0,SECTOR 20,"COLONIA VILLA NUEVA SECTOR 6, ETAPA 2","2002",,BARRIO O COLONIA,,,DU09,,,,,,,TEGUCIGALPA
"963",0,SECTOR 20,AREA PRIVADA,"2002",,AREA SIN NOMBRE,,,DU09,,,,,,,TEGUCIGALPA
"964",0,SECTOR 20,"COLONIA VILLA NUEVA SECTOR 6, ETAPA 1 ( SECTOR ILOVARES )","2002",,BARRIO O COLONIA,,,DU09,,,,,,,TEGUCIGALPA
"965",0,SECTOR 20,"COLONIA VILLA NUEVA SECTOR 6, ETAPA B","2002",,BARRIO O COLONIA,,,DU03,,,,,,,TEGUCIGALPA
"966",0,SECTOR 20,"COLONIA VILLA NUEVA SECTOR 6, ETAPA 1 ( SITIO CARRANZA DOÑA MARGARITA )","2002",,BARRIO O COLONIA,,,DU09,,,,,,,TEGUCIGALPA
"967",0,SECTOR 20,"COLONIA VILLA NUEVA SECTOR 6, SIN LEVANTAMIENTO","2002",,BARRIO O COLONIA,,,DU09,,,,,,,TEGUCIGALPA
"968",0,SECTOR 20,"COLONIA VILLA NUEVA SECTOR 6, ETAPA 4","2002",,BARRIO O COLONIA,,,DU09,,,,,,,TEGUCIGALPA
"969",0,SECTOR 20,"COLONIA VILLA NUEVA SECTOR 6, SIN LEVANTAMIENTO","2002",,BARRIO O COLONIA,,,DU09,,,,,,,TEGUCIGALPA
"970",0,SECTOR 20,COLONIA VILLA NUEVA SECTOR 5,"2002",,BARRIO O COLONIA,,,DU09,,,,,,,TEGUCIGALPA
"971",0,SECTOR 20,COLONIA VILLA NUEVA SECTOR 4,"2002",,BARRIO O COLONIA,,,DU09,,,,,,,TEGUCIGALPA
"972",0,SECTOR 20,COLONIA VILLA NUEVA SECTOR 3,"2002",,BARRIO O COLONIA,,,DU09,,,,,,,TEGUCIGALPA
"973",0,SECTOR 20,COLONIA VILLA NUEVA SECTOR 7A,"2002",,BARRIO O COLONIA,,,DU09,,,,,,,TEGUCIGALPA
"974",0,SECTOR 20,SIN NOMBRE,"2002",,AREA SIN NOMBRE,,,DU09,,,,,,,TEGUCIGALPA
"975",0,SECTOR 20,AREA  A.M.D.C,"2002",,AREA SIN NOMBRE,,,DU09,,,,,,,TEGUCIGALPA
"976",415,SECTOR 23,COLONIA  GODOY,"2314",,BARRIO O COLONIA,,,DU04,DU10,,,,,,COMAYAGUELA
"977",0,SECTOR 29,COLONIA LA TRAVESIA,"2913",,BARRIO O COLONIA,,,DU08,,,,,,,TEGUCIGALPA
"978",0,SECTOR 16,COLONIA LA TRAVESIA,"2913","1617",BARRIO O COLONIA,,,DU08,,,,,,,TEGUCIGALPA
"979",709,SECTOR 16,CONDOMINIOS RESIDENCIALES VILLAS DEL MOLINO III ETAPA,"1651",,BARRIO O COLONIA,,,DU08,,,,,,,TEGUCIGALPA
"980",735,SECTOR 16,COLONIA LA FRATERNIDAD ANEXO,"0000",,BARRIO O COLONIA,,,DU02,,,,,,,TEGUCIGALPA
"981",0,SECTOR 16,SIN NOMBRE,"0000",,BARRIO O COLONIA,,COMPARTE SECTOR 29,DU08,,,,,,,TEGUCIGALPA
"982",618,SECTOR 13,COLONIA SUPERACION,"1352",,BARRIO O COLONIA,,,DU11,,,,,,,COMAYAGUELA
"983",407,SECTOR 23,RESIDENCIAL VILLA TOSCANA ETAPA I,"2364",,BARRIO O COLONIA,,,DU10,,,,,,,COMAYAGUELA
"984",206,SECTOR 21,ALCAZARES DE LA CAÑADA,"2158",,BARRIO O COLONIA,,,DU09,DU03,,,,,,TEGUCIGALPA
"985",415,SECTOR 28,SIN NOMBRE,"0000",,BARRIO O COLONIA,,,DU10,,,,,,,COMAYAGUELA
"986",399,SECTOR 23,RESIDENCIAL VILLA SAN RAFAEL,"2336",,BARRIO O COLONIA,,,DU04,,,,,,,COMAYAGUELA
"987",411,SECTOR 23,RESIDENCIAL ALTOS DE CIMARRON,"0000",,BARRIO O COLONIA,,,DU10,DU04,,,,,,COMAYAGUELA
"988",161,SECTOR 17,VILLA FLORENCIA,"1738",,BARRIO O COLONIA,,,DU02,,,,,,,TEGUCIGALPA
"989",489,SECTOR 04,COLONIA LA HOYA,"0427",,BARRIO O COLONIA,,,DU02,,,,,,,TEGUCIGALPA
"990",494,SECTOR 05,BARRIO CERRO JUANA LAINEZ,"0508",,BARRIO O COLONIA,,,DU02,,,,,,,TEGUCIGALPA
"991",503,SECTOR 07,BARRIO BELLA VISTA NORTE,"0000",,BARRIO O COLONIA,,,DU05,,,,,,,COMAYAGUELA
"992",787,SECTOR 07,SIN NOMBRE,"0000","0000",BARRIO O COLONIA,,DOS CODIGOS MISMA COLONIA,DU06,,,,,,,COMAYAGUELA
"993",630,SECTOR 17,SIN NOMBRE,"0000","0000",BARRIO O COLONIA,,,DU02,,,,,,,TEGUCIGALPA
"994",630,SECTOR 17,SIN NOMBRE,"0000","0000",BARRIO O COLONIA,,,DU02,,,,,,,TEGUCIGALPA
"995",630,SECTOR 17,SIN NOMBRE,"0000","0000",BARRIO O COLONIA,,,DU02,,,,,,,TEGUCIGALPA
"996",395,SECTOR 23,SIN NOMBRE,"0000",,BARRIO O COLONIA,,,DU04,,,,,,,COMAYAGUELA
"997",443,SECTOR 23,CASERIO EL GUAYABAL,"0000",,ALDEA O CASERIO,,,DU04,,,,,,,COMAYAGUELA
"998",965,SECTOR 25,COLONIA CIUDAD GUZMAN,"2545",,BARRIO O COLONIA,,,DU11,,,,,,,COMAYAGUELA
"999",954,SECTOR 25,COLONIA ALTOS DE LA LAGUNA,"2544",,BARRIO O COLONIA,,,DU11,,,,,,,COMAYAGUELA
"1000",547,SECTOR 09,COLONIA EL REPARTO,"0902",,BARRIO O COLONIA,,,DU07,,,,,,,TEGUCIGALPA
"1001",555,SECTOR 09,RESIDENCIAL CAMINO DEL HATILLO,"0944",,BARRIO O COLONIA,,,DU07,,,,,,,TEGUCIGALPA
"1002",0,,,,,,,,,,,,,,,
"1003",839,SECTOR 14,VILLA ITALIANA,"1415",,BARRIO O COLONIA,,,DU06,,,,,,,COMAYAGUELA
"1004",0,,,,,,,,,,,,,,,
"1005",316,SECTOR 13,COLONIA ALTOS DE LA QUEZADA,"0000",,BARRIO O COLONIA,,,DU11,,,,,,,COMAYAGUELA
"1006",412,SECTOR 23,SIN NOMBRE,"0000",,AREA SIN NOMBRE,,,DU04,,,,,,,COMAYAGUELA
"1007",862,SECTOR 26,RESIDENCIAL LAS CAMPANAS,"2608",,BARRIO O COLONIA,,,DU09,,,,,,,TEGUCIGALPA
"1008",386,SECTOR 23,RESIDENCIAL SANTA CRUZ II ETAPA,"2365",,BARRIO O COLONIA,,,DU10,,,,,,,COMAYAGUELA
"1009",386,SECTOR 23,RESIDENCIAL VILLAS CANARIAS,"2376",,BARRIO O COLONIA,,,DU10,,,,,,,COMAYAGUELA
"1010",411,SECTOR 23,RESIDENCIAL VITALI,"2378",,BARRIO O COLONIA,,,DU10,DU04,,,,,,COMAYAGUELA
"1011",0,SECTOR 16,RESIDENCIAL VILLASOL,"1658",,,,,,,,,,,,TEGUCIGALPA
"1012",370,SECTOR 21,SIN NOMBRE,"0000",,AREA SIN NOMBRE,,,DU03,,,,,,,TEGUCIGALPA
"1013",0,,,,,,,,,,,,,,,
"1014",0,,,,,,,,,,,,,,,
"1015",237,SECTOR 21,COLONIA ERENDIRA,"2116",,BARRIO O COLONIA,,,DU03,,,,,,,TEGUCIGALPA
"1016",0,,,,,,,,,,,,,,,
,,,,,,,,,,,,,,,,
,,,,,,,,,,,,,,,,
,,,,,,,,,,,,,,,,
,,,,,,,,,,,,,,,,
,,,,,,,,,,,,,,,,
,,,,,,,,,,,,,,,,
,,,,,,,,,,,,,,,,
,,,,,,,,,,,,,,,,
,,,,,,,,,,,,,,,,
,,,,,,,,,,,,,,,,
,,,,,,,,,,,,,,,,
,,,,,,,,,,,,,,,,
,,,,,,,,,,,,,,,,
,,,,,,,,,,,,,,,,
,,,,,,,,,,,,,,,,
,,,,,,,,,,,,,,,,
,,,,,,,,,,,,,,,,
,,,,,,,,,,,,,,,,
,,,,,,,,,,,,,,,,
,,,,,,,,,,,,,,,,
,,,,,,,,,,,,,,,,
,,,,,,,,,,,,,,,,
,,,,,,,,,,,,,,,,
,,,,,,,,,,,,,,,,
,,,,,,,,,,,,,,,,
,,,,,,,,,,,,,,,,
,,,,,,,,,,,,,,,,
,,,,,,,,,,,,,,,,
,,,,,,,,,,,,,,,,
,,,,,,,,,,,,,,,,
,,,,,,,,,,,,,,,,
,,,,,,,,,,,,,,,,
,,,,,,,,,,,,,,,,
,,,,,,,,,,,,,,,,
,,,,,,,,,,,,,,,,
,,,,,,,,,,,,,,,,
,,,,,,,,,,,,,,,,
,,,,,,,,,,,,,,,,
,,,,,,,,,,,,,,,,
,,,,,,,,,,,,,,,,
,,,,,,,,,,,,,,,,
,,,,,,,,,,,,,,,,
,,,,,,,,,,,,,,,,
,,,,,,,,,,,,,,,,
,,,,,,,,,,,,,,,,
,,,,,,,,,,,,,,,,
,,,,,,,,,,,,,,,,
,,,,,,,,,,,,,,,,
,,,,,,,,,,,,,,,,
,,,,,,,,,,,,,,,,
,,,,,,,,,,,,,,,,
,,,,,,,,,,,,,,,,
,,,,,,,,,,,,,,,,
,,,,,,,,,,,,,,,,
