qc_id,dn,Neighborhood,sectorgis,codcol1,tipo,ruralurban,seqcol
0,255,COLONIA VILLA MADRID,56,5611,COLONIAS,RURAL,1
1,255,RESIDENCIAL BRICEÑO,55,5541,COLONIAS,RURAL,2
2,255,COLONIA VILLA PENIEL I ETAPA,56,5612,COLONIAS,RURAL,3
3,255,COLONIA VILLA PENIEL II ETAPA,56,5612,COLONIAS,RURAL,4
4,255,COLONIA CATALUÑA,55,5505,COLONIAS,RURAL,5
5,255,RESIDENCIAL SAN JOSE,55,5518,COLONIAS,RURAL,6
6,255,VILLA ELENA,55,5501,COLONIAS,RURAL,7
22,255,VILLA LOS ENCINOS,36,3637,COLONIAS,RURAL,23
7,255,VILLA LIA,54,0,COLONIAS,RURAL,8
8,255,COLONIA MARIA JOSE,54,5406,COLONIAS,RURAL,9
9,255,RESIDENCIAL LOS OLIVOS,55,5523,COLONIAS,RURAL,10
10,255,VILLA ELENA II ETAPA,55,5501,COLONIAS,RURAL,11
16,255,RESIDENCIAL VILLA LA ESTANCIA,36,3645,COLONIAS,RURAL,17
23,255,VILLA LOS CIPRESES,36,3639,COLONIAS,RURAL,24
436,255,RESIDENCIAL VILLA INTERAMERICANA,13,0,COLONIAS,URBANO,436
11,255,RESIDENCIAL PINARES DE SANTA CRUZ,41,4103,COLONIAS,RURAL,12
12,255,COLONIA VILLA SANTA TERESITA,55,5520,COLONIAS,RURAL,13
13,255,BARRIO BUENA VISTA,2,212,COLONIAS,URBANO,14
15,255,RESIDENCIAL MONTE REAL,38,3801,COLONIAS,RURAL,16
20,255,VILLA LAS ACACIAS,36,0,COLONIAS,RURAL,21
21,255,VILLA LOS CEDROS,36,3638,COLONIAS,RURAL,22
17,255,CIUDAD MATEO,39,3620,COLONIAS,RURAL,18
18,255,SIN NOMBRE,22,0,SIN NOMBRE,SIN NOMBRE,19
19,255,CASERIO EL GUAYABAL,23,0,COLONIAS,URBANO,20
24,255,RESIDENCIAL SANTA CRUZ III ETAPA,23,2365,COLONIAS,SIN NOMBRE,26
25,255,RESIDENCIAL LA HACIENDA REAL,35,3545,COLONIAS,RURAL,27
26,255,RESIDENCIAL LA HACIENDA REAL II ETAPA,35,3545,COLONIAS,RURAL,28
27,255,COLONIA ALTOS DE VILLA VIEJA,32,3210,COLONIAS,RURAL,29
28,255,URBANIZACION PINARES DE ORIENTE,32,3215,COLONIAS,RURAL,30
29,255,RESIDENCIAL VILLA DEL CAMPO I ETAPA,32,3212,COLONIAS,RURAL,31
30,255,VILLAS DE ORIENTE,32,3211,COLONIAS,RURAL,32
31,255,RESIDENCIAL VILLA DEL CAMPO II ETAPA,32,3212,COLONIAS,RURAL,33
51,255,RESIDENCIAL ENTREPINOS 1,15,1515,COLONIAS,URBANO,54
32,255,COLONIA MIRADOR DE ORIENTE,32,3213,COLONIAS,RURAL,34
33,255,SECTOR 35,35,0,SIN NOMBRE,RURAL,35
34,255,COLONIA BUENOS AIRES SUR,35,0,COLONIAS,RURAL,36
35,255,RESIDENCIAL LOMAS DEL SUR,35,3537,COLONIAS,RURAL,37
36,255,COLONIA REYNEL FUNEZ,35,3535,COLONIAS,RURAL,38
37,255,COLONIA MARIA MERCEDES,35,3505,COLONIAS,RURAL,39
38,255,COLONIA DORA DE ASFURA,35,3506,COLONIAS,RURAL,40
39,255,ALDEA EL CARPINTERO,15,1508,COLONIAS,URBANO,41
40,255,RESIDENCIAL MIRALAGO,15,1514,COLONIAS,URBANO,42
41,255,COLONIA BRISAS DE AGUA AZUL,14,0,COLONIAS,URBANO,44
42,255,RESIDENCIAL LOS ARCOS,15,1511,COLONIAS,URBANO,45
43,255,CASERIO EL PORTILLO,14,1405,COLONIAS,URBANO,46
44,255,EL GRAN MIRADOR,15,0,COLONIAS,URBANO,47
45,255,RESIDENCIAL LA ALHAMBRA,15,1513,COLONIAS,URBANO,48
46,255,RESIDENCIAL VISBELLA,8,844,COLONIAS,URBANO,49
47,255,SANTO TOMAS,15,1511,COLONIAS,URBANO,50
48,255,RESIDENCIAL TERRASOL,14,1412,COLONIAS,URBANO,51
49,255,RESIDENCIAL VISTALY,8,843,COLONIAS,URBANO,52
50,255,RESIDENCIAL ENTREPINOS 2,15,1515,COLONIAS,URBANO,53
52,255,COLONIA CERRO GRANDE ZONA 8,8,840,COLONIAS,URBANO,55
53,255,ALDEA EL HATILLO,15,0,COLONIAS,URBANO,56
54,255,EL CHIMBO,9,0,COLONIAS,URBANO,57
55,255,ZONA 2 EL HATILLO,8,826,COLONIAS,URBANO,58
103,255,COLONIA LOMAS DEL BOSQUE,8,829,COLONIAS,URBANO,108
56,255,CASERIO EL DURAZNO,14,0,COLONIAS,URBANO,59
57,255,RESIDENCIAL LOS 3 HERMANOS,9,0,COLONIAS,URBANO,60
74,255,COLONIA VILLA ESTANZUELA,9,0,COLONIAS,URBANO,78
104,255,RESIDENCIAL BUENA VISTA,2,0,COLONIAS,URBANO,109
58,255,EL HATILLO,9,910,COLONIAS,URBANO,61
59,255,RESIDENCIAL PINARES,9,911,COLONIAS,URBANO,62
60,255,RESIDENCIAL FLORESTA DEL PICACHO,8,842,COLONIAS,URBANO,63
61,255,LAS CRUCITAS No. 2,8,0,COLONIAS,URBANO,64
75,255,COLONIA PICACHITO,8,801,COLONIAS,URBANO,79
76,255,SIN NOMBRE,14,0,SIN NOMBRE,URBANO,80
62,255,ALDEA EL LOLO,14,1403,COLONIAS,URBANO,65
63,255,CONDOMINIOS MONTE VISTA,9,0,COLONIAS,URBANO,66
64,255,COLONIA SITIO ARRIBA,9,927,COLONIAS,URBANO,67
83,255,COLONIA CERRO GRANDE ZONA 3,8,813,COLONIAS,URBANO,87
105,255,COLONIA NUEVA VIERA (Sector 8),8,0,COLONIAS,URBANO,110
65,255,EL TRIGO,9,940,COLONIAS,URBANO,68
88,255,COLONIA CANAAN,9,947,COLONIAS,URBANO,92
89,255,EL BERRINCHE,8,824,COLONIAS,URBANO,93
90,255,ALDEA EL CARRIZAL,14,1406,COLONIAS,URBANO,94
66,255,ALDEA LA CUESTA No. 2,14,1407,COLONIAS,URBANO,69
68,255,COLONIA SAGASTUME(1 Y 2),8,823,COLONIAS,URBANO,72
409,255,COLONIA ALTOS DEL MILAGRO,13,1338,COLONIAS,URBANO,410
70,255,BARRIO SAUCIQUE,8,802,COLONIAS,URBANO,74
71,255,RESIDENCIAL CERRO AZUL,29,2923,COLONIAS,URBANO,75
72,255,COLONIA EL JAPON,8,819,COLONIAS,URBANO,76
91,255,COLONIA MIRAMESI,2,205,COLONIAS,URBANO,95
92,255,COLONIA JOSE SIMON AZCONA,9,906,COLONIAS,URBANO,96
73,255,SANTA CRUZ,14,1408,COLONIAS,URBANO,77
100,255,RESIDENCIAL FLORIDA I ETAPA,9,945,COLONIAS,URBANO,104
101,255,COLONIA GUILLEN,9,906,COLONIAS,URBANO,105
106,255,COLONIA ROSALINDA,7,0,COLONIAS,URBANO,111
77,255,COLONIA CERRO GRANDE ZONA 4,8,814,COLONIAS,URBANO,81
78,255,COLONIA LAS CANTERAS,2,207,COLONIAS,URBANO,82
79,255,BARRIO PUNTA CALIENTE,2,206,COLONIAS,URBANO,83
80,255,RESIDENCIAL KASSANDRA,8,841,COLONIAS,URBANO,84
81,255,COLONIA ALTOS DEL BOSQUE,2,0,COLONIAS,URBANO,85
82,255,SAN JOSE DE LA MONTAÑA,2,208,COLONIAS,URBANO,86
114,255,RESiDENCIAL LAS DELICIAS,2,0,COLONIAS,URBANO,119
125,255,BARRIO ALTOS DE LA CABAÑA,2,0,COLONIAS,URBANO,130
84,255,COLONIA LAS CRUCITAS,8,809,COLONIAS,URBANO,88
85,255,BARRIO EL RINCON,9,903,COLONIAS,URBANO,89
86,255,COLONIA LINTON,2,225,COLONIAS,URBANO,90
87,255,CERRO EL PICACHO,8,0,REFERENCIAS,URBANO,91
115,255,RESIDENCIAL VILLA DELMY,9,914,COLONIAS,URBANO,120
93,255,COLONIA CERRO GRANDE ZONA 2,14,1401,COLONIAS,URBANO,97
94,255,COLONIA LA LEONA DEL RINCON,9,941,COLONIAS,URBANO,98
95,255,RESIDENCIAL CAMINO DEL HATILLO,9,944,COLONIAS,URBANO,99
102,255,LAS PAVAS,9,918,COLONIAS,URBANO,107
96,255,SIN NOMBRE,14,0,SIN NOMBRE,URBANO,101
97,255,BARRIO LA ESTRELLA,8,806,COLONIAS,URBANO,102
107,255,BARRIO EL BOSQUE,2,202,COLONIAS,URBANO,112
108,255,COLONIAS ACACIAS,25,2504,COLONIAS,URBANO,113
109,255,RESIDENCIAL FLORIDA II ETAPA,9,943,COLONIAS,URBANO,114
110,255,COLONIA VILLA CRISTINA,7,745,COLONIAS,URBANO,115
111,255,SIN NOMBRE,7,0,SIN NOMBRE,URBANO,116
112,255,COLONIA SANTA ISABEL (Sector 7),7,717,COLONIAS,URBANO,117
113,255,CONDOMINIOS VIERA,3,316,COLONIAS,URBANO,118
116,255,BARRIO BUENOS AIRES,2,201,COLONIAS,URBANO,121
117,255,SIN NOMBRE,9,0,SIN NOMBRE,URBANO,122
118,255,COLONIA LAS DELICIAS (Sector 2),2,0,COLONIAS,URBANO,123
119,255,RESIDENCIAL EL JARDIN,9,937,COLONIAS,URBANO,124
120,255,COLONIA BRASILIA,7,749,COLONIAS,URBANO,125
121,255,EL RINCON,9,904,COLONIAS,URBANO,126
122,255,COLONIA NUEVA SANTA ROSA,9,928,COLONIAS,URBANO,127
123,255,BARRIO CHILE,7,732,COLONIAS,URBANO,128
124,255,SIN NOMBRE,9,0,SIN NOMBRE,URBANO,129
126,255,COLONIA LA JOYA (Sector 9),9,907,COLONIAS,URBANO,131
127,255,BARRIO LA CONCORDIA,2,219,COLONIAS,URBANO,132
128,255,COLONIA VIEJA SANTA ROSA,9,913,COLONIAS,URBANO,133
129,255,COLONIA LOMA LA MINITA,9,923,COLONIAS,URBANO,134
130,255,BARRIO EL EDEN,2,204,COLONIAS,URBANO,136
131,255,RESIDENCIAL CIUDAD DEL ANGEL,25,2505,COLONIAS,URBANO,137
147,255,CONDOMINIOS RESIDENCIALES VILLAS DEL MOLINO,16,1651,COLONIAS,URBANO,153
132,255,SIN NOMBRE,16,0,SIN NOMBRE,URBANO,138
133,255,COLONIA LAS ANONAS,16,1639,COLONIAS,URBANO,139
134,255,COLONIA VILLA SANTA MARGARITA,9,942,COLONIAS,URBANO,140
135,255,COLONIA ROBERTO SUAZO CORDOVA (Sector 9),9,919,COLONIAS,URBANO,141
136,255,COLONIA MARICHAL,9,921,COLONIAS,URBANO,142
137,255,COLONIA SAN JUAN DEL NORTE,7,0,COLONIAS,URBANO,143
138,255,COLONIA RIO ALTO,9,924,COLONIAS,URBANO,144
139,255,JARDIN SANTA ROSA,3,306,COLONIAS,URBANO,145
148,255,COLONIA ALAHAMBRA,2,210,COLONIAS,URBANO,154
410,255,BARRIO EL CALVARIO,6,609,COLONIAS,URBANO,411
140,255,COLONIA VIERA,3,301,COLONIAS,URBANO,146
141,255,PROPIEDAD DE COHDEFOR,9,0,REFERENCIAS,URBANO,147
142,255,BARRIO LAS DELICIAS,2,215,COLONIAS,URBANO,148
143,255,BARRIO GUAJOCO,1,121,COLONIAS,URBANO,149
144,255,RESIDENCIAL LOMAS DEL MOLINO,9,946,COLONIAS,URBANO,150
145,255,COLONIA MANANTIAL,7,718,COLONIAS,URBANO,151
146,255,RESIDENCIAL SANTA MARIA,29,2921,COLONIAS,URBANO,152
149,255,COLONIA ZARAGOZA,2,211,COLONIAS,URBANO,155
150,255,COLONIA MEJIA,3,315,COLONIAS,URBANO,156
151,255,COLONIA MODESTO RODAS ALVARADO (Sector 9),9,909,COLONIAS,URBANO,157
152,255,JARDINES LAS COLINAS,3,308,COLONIAS,URBANO,158
153,255,CONDOMINIOS RESIDENCIALES VILLAS DEL MOLINO III ETAPA,16,1651,COLONIAS,URBANO,159
154,255,COLONIA EL SITIO,29,2922,COLONIAS,URBANO,160
155,255,COLONIA JACARANDAS,3,310,COLONIAS,URBANO,161
156,255,COLONIA SMITH No.2,25,2511,COLONIAS,URBANO,162
157,255,COLONIA EL CERRITO,9,916,COLONIAS,URBANO,163
158,255,COLONIA LAS PAVAS,7,719,COLONIAS,URBANO,164
159,255,SIN NOMBRE,16,0,SIN NOMBRE,URBANO,165
160,255,SIN NOMBRE,16,0,SIN NOMBRE,URBANO,165
161,255,SIN NOMBRE,9,0,SIN NOMBRE,URBANO,166
162,255,SIN NOMBRE,16,0,SIN NOMBRE,URBANO,167
163,255,COLONIA BUENAS NUEVAS,7,757,COLONIAS,URBANO,168
164,255,SIN NOMBRE,3,0,SIN NOMBRE,URBANO,169
165,255,BARRIO SAN PABLO,3,304,COLONIAS,URBANO,170
166,255,SIN NOMBRE,9,0,SIN NOMBRE,URBANO,171
167,255,JARDIN LAS MERCEDES,3,307,COLONIAS,URBANO,172
178,255,COLONIA MELGAR,7,706,COLONIAS,URBANO,182
179,255,COLONIA VILLAS DEL RIO,9,0,COLONIAS,URBANO,183
168,255,COLONIA ESTADOS UNIDOS,16,1601,COLONIAS,URBANO,173
169,255,BARRIO EL PORVENIR,7,731,COLONIAS,URBANO,174
170,255,BARRIO LA FUENTE,2,213,COLONIAS,URBANO,175
171,255,COLONIA BRISAS DE LA LAGUNA,7,761,COLONIAS,URBANO,176
172,255,BARRIO BOLIVAR,9,901,COLONIAS,URBANO,177
173,255,COLONIA VILLA FRANCA,7,1679,COLONIAS,URBANO,178
174,255,BARRIO LA LEONA,2,209,COLONIAS,URBANO,179
175,255,COLONIA EL CARRIZAL 1-B,25,2504,COLONIAS,URBANO,180
176,255,COLONIA EL CARRIZAL 1-B,25,2504,COLONIAS,URBANO,180
177,255,SIN NOMBRE,7,0,COLONIAS,URBANO,181
180,255,SIN NOMBRE,16,0,SIN NOMBRE,URBANO,184
181,255,BARRIO LA PEDRERA,1,118,COLONIAS,URBANO,185
182,255,COLONIA JARDIN NORMA,4,430,COLONIAS,URBANO,186
183,255,COLONIA VILLA SAN JOSE,7,770,COLONIAS,URBANO,187
184,255,BARRIO CASAMATA,3,302,COLONIAS,URBANO,188
185,255,BARRIO LOS DOLORES,1,114,COLONIAS,URBANO,189
186,255,BARRIO LA CABAÑA,3,309,COLONIAS,URBANO,190
187,255,COLONIA PUNTA ARENA,7,0,COLONIAS,URBANO,191
188,255,BARRIO ABAJO,1,101,COLONIAS,URBANO,192
394,255,SIN NOMBRE,17,0,SIN NOMBRE,URBANO,395
189,255,COLONIA GIRASOLES,9,908,COLONIAS,URBANO,193
190,255,SIN NOMBRE,7,0,SIN NOMBRE,URBANO,194
191,255,COLONIA SAN LORENZO,25,2532,COLONIAS,URBANO,195
192,255,COLONIA CANADA,7,720,COLONIAS,URBANO,196
193,255,FRATERNIDAD PESPIRENSE,7,0,COLONIAS,URBANO,197
194,255,COLONIA NUEVOS HORIZONTES,25,2510,COLONIAS,URBANO,198
195,255,SIN NOMBRE,7,0,SIN NOMBRE,URBANO,199
196,255,COLONIA LOMAS DE LA FLORIDA,16,1648,COLONIAS,URBANO,200
197,255,COLONIA ALEMANIA,7,751,COLONIAS,URBANO,201
198,255,BARRIO LA RONDA,1,111,COLONIAS,URBANO,202
199,255,SIN NOMBRE,7,0,SIN NOMBRE,URBANO,203
200,255,COLONIA FLOR No.1,7,725,COLONIAS,URBANO,204
201,255,COLONIA FERNANDO CALDERON,9,0,COLONIAS,URBANO,205
202,255,COLONIA VILLA UNION,7,769,COLONIAS,URBANO,206
203,255,BARRIO EL MANCHEN,3,303,COLONIAS,URBANO,207
204,255,COLONIA JARDINES DEL NORTE,25,2519,COLONIAS,URBANO,208
205,255,COLONIA 14 DE FEBRERO,7,0,COLONIAS,URBANO,209
206,255,COLONIA LA CAMPAÑA O MAYA CENTRO,4,426,COLONIAS,URBANO,210
207,255,COLONIA LARA NORTE,4,0,COLONIAS,URBANO,211
208,255,SIN NOMBRE,7,0,COLONIAS,URBANO,212
209,255,COLONIA LA CAMPAÑA,4,410,COLONIAS,URBANO,213
218,255,BARRIO LA PLAZUELA,1,110,COLONIAS,URBANO,222
210,255,SIN NOMBRE,29,0,SIN NOMBRE,URBANO,214
219,255,COLONIA SOTO O PLANES DEL BERRINCHE,7,730,COLONIAS,URBANO,223
235,255,COLONIA VISTA HERMOSA DEL NORTE,25,2503,COLONIAS,URBANO,235
211,255,COLONIA EL CARRIZAL,7,716,COLONIAS,URBANO,215
212,255,BARRIO LA MONCADA,1,115,COLONIAS,URBANO,216
213,255,COLONIA SMITH No.1,25,2511,COLONIAS,URBANO,217
214,255,BARRIO EL CENTRO,1,103,COLONIAS,URBANO,218
215,255,COLONIA FUERZAS ARMADAS,7,768,COLONIAS,URBANO,219
216,255,SIN NOMBRE,7,0,SIN NOMBRE,URBANO,220
217,255,COLONIA FLOR No. 2,7,741,COLONIAS,URBANO,221
220,255,COLONIA LA REFORMA,3,305,COLONIAS,URBANO,224
221,255,COLONIA OJO DE AGUA,29,0,COLONIAS,URBANO,225
222,255,COLONIA LA LAGUNA,7,721,COLONIAS,URBANO,226
226,255,BARRIO GUANACASTE,1,106,COLONIAS,URBANO,228
227,255,COLONIA LA UNION,16,1605,COLONIAS,URBANO,229
231,255,COLONIA 21 DE OCTUBRE,9,912,COLONIAS,URBANO,231
232,255,COLONIA FRANCISCO MORAZAN,7,0,COLONIAS,URBANO,232
233,255,AVENIDA LA PAZ,4,418,COLONIAS,URBANO,233
234,255,MALL PREMIER,7,0,REFERENCIAS,URBANO,234
265,255,COLONIA LAS VEGAS DEL CARRIZAL,25,0,COLONIAS,URBANO,263
236,255,COLONIA VISTA HERMOSA (Sector 29),29,0,COLONIAS,URBANO,236
237,255,RESIDENCIAL ZARAHEMLA I ETAPA,16,1654,COLONIAS,URBANO,237
238,255,COLONIA LOMAS DEL NORTE,25,2507,COLONIAS,URBANO,238
239,255,RESIDENCIAL EL MOLINON,16,1644,COLONIAS,URBANO,239
240,255,BARRIO EL JAZMIN,1,104,COLONIAS,URBANO,240
241,255,COLONIA BRISAS DE OLANCHO,7,722,COLONIAS,URBANO,241
244,255,COLONIA LARA,4,408,COLONIAS,URBANO,243
245,255,COLONIA MATAMOROS,4,409,COLONIAS,URBANO,244
246,255,COLONIA LA FRATERNIDAD ANEXO,16,0,COLONIAS,URBANO,245
247,255,COLONIA SEMPE,16,1606,COLONIAS,URBANO,246
248,255,BARRIO SAN MARTIN,7,740,COLONIAS,URBANO,247
249,255,BARRIO LA MERCED,1,109,COLONIAS,URBANO,248
256,255,CEMENTERIO GENERAL,7,0,REFERENCIAS,URBANO,253
257,255,BARRIO LA CHIVERA,6,611,COLONIAS,URBANO,254
252,255,SIN NOMBRE,16,0,COLONIAS,URBANO,249
253,255,COLONIA ZAPOTE CENTRO,7,724,COLONIAS,URBANO,250
254,255,COMPLEJO INDUSTRIAL SAN MIGUEL,16,0,REFERENCIAS,URBANO,251
255,255,COLONIA LA TRINIDAD (Sector 16),16,1601,COLONIAS,URBANO,252
258,255,COLONIA BRISAS DEL NORTE,25,2508,COLONIAS,URBANO,255
259,255,BARRIO EL OLVIDO,1,105,COLONIAS,URBANO,256
260,255,BARRIO EL PASTEL,7,739,COLONIAS,URBANO,257
261,255,BARRIO SAN RAFAEL,4,415,COLONIAS,URBANO,258
262,255,COLONIA LA FRATERNIDAD,9,905,COLONIAS,URBANO,259
263,255,COLONIA POLICARPO PAZ,7,715,COLONIAS,URBANO,260
264,255,BARRIO LA HOYA,1,108,COLONIAS,URBANO,261
311,255,COLONIA ESPIRITU SANTO,13,1327,COLONIAS,URBANO,312
266,255,COLONIA 30 DE NOVIEMBRE,16,1607,COLONIAS,URBANO,264
267,255,COLONIA GENERACION 2000,25,2540,COLONIAS,URBANO,265
268,255,COLONIA CIUDAD GUZMAN,25,2545,COLONIAS,URBANO,267
269,255,RESIDENCIAL ZARAHEMLA II ETAPA,16,1656,COLONIAS,URBANO,268
270,255,COLONIA EL PEDERNAL,25,0,COLONIAS,URBANO,269
279,255,BARRIO SAN FELIPE,4,412,COLONIAS,URBANO,279
312,255,COLONIA LOS CASTAÑOS,4,401,COLONIAS,URBANO,313
271,255,COLONIA LA SOSA,29,2914,COLONIAS,URBANO,270
272,255,BARRIO CENTRO DE COMAYAGUELA,6,617,COLONIAS,URBANO,272
273,255,BARRIO PARCALTAGUA,4,417,COLONIAS,URBANO,273
274,255,COLONIA LOS ANDES,25,0,COLONIAS,URBANO,274
275,255,BARRIO SABANAGRANDE,4,419,COLONIAS,URBANO,275
276,255,COLONIA LOS CENTENOS I,25,2512,COLONIAS,URBANO,276
277,255,COLONIA SANTA ISABEL (Sector 16),16,1610,COLONIAS,URBANO,277
278,255,COLONIA LOS CENTENOS II,25,2543,COLONIAS,URBANO,278
313,255,LA TRAVESIA SECTOR -5,29,0,COLONIAS,URBANO,314
280,255,ZONA CLINICA PERIFERICA IHSS,7,0,COLONIAS,URBANO,280
281,255,COLONIA SAN CARLOS,4,407,COLONIAS,URBANO,281
282,255,VILLA AURORA,29,2925,COLONIAS,URBANO,282
283,255,COLONIA LAS AYESTAS,7,742,COLONIAS,URBANO,283
284,255,COLONIA ROSARIO,7,713,COLONIAS,URBANO,284
285,255,BARRIO SIPILE,6,610,COLONIAS,URBANO,285
286,255,COLONIA AURORA,16,1608,COLONIAS,URBANO,287
287,255,COLONIA AURORA,16,1608,COLONIAS,URBANO,287
290,255,COLONIA JOSE ANGEL ULLOA,25,2524,COLONIAS,URBANO,289
291,255,COLONIA LA INDEPENDENCIA,7,723,COLONIAS,URBANO,291
292,255,COLONIA GRACIAS A DIOS,25,2502,COLONIAS,URBANO,292
293,255,COLONIA GUAMILITO,7,755,COLONIAS,URBANO,293
294,255,COLONIA ABRAHAN LINCOLN,25,2509,COLONIAS,URBANO,294
295,255,COLONIA 3 DE MAYO,7,744,COLONIAS,URBANO,295
314,255,ESTADIO NACIONAL,5,0,REFERENCIAS,URBANO,315
315,255,COLONIA LA ESTANCIA,10,1025,COLONIAS,URBANO,316
296,255,COLONIA 3 DE MAYO,7,744,COLONIAS,URBANO,295
297,255,COLONIA CONTINENTAL,25,2520,COLONIAS,URBANO,296
298,255,COLONIA LA OBRERA,7,738,COLONIAS,URBANO,297
299,255,SIN NOMBRE,7,0,SIN NOMBRE,URBANO,298
300,255,COLONIA NUEVA PROVIDENCIA,25,2531,COLONIAS,URBANO,299
301,255,COLONIA LA ESPERANZA (Sector 7),7,712,COLONIAS,URBANO,300
302,255,COLONIA LOS ALMENDROS,10,1010,COLONIAS,URBANO,301
334,255,BARRIO LAS CRUCITAS,6,625,COLONIAS,URBANO,336
303,255,COLONIA EL CARRIZAL No.2,25,2518,COLONIAS,URBANO,302
304,255,BARRIO LOS PROFESORES,7,734,COLONIAS,URBANO,304
305,255,COLONIA ALTOS DE LA TRAVESIA,29,0,COLONIAS,URBANO,305
306,255,COLONIA ARGENTINA,4,428,COLONIAS,URBANO,306
307,255,SIN NOMBRE,13,0,COLONIAS,URBANO,307
308,255,BARRIO PUEBLO NUEVO,4,413,COLONIAS,URBANO,308
309,255,COLONIA COFRADIA,7,743,COLONIAS,URBANO,309
310,255,COLONIA MIRADOR DE LA TRAVESIA,29,2925,COLONIAS,URBANO,311
316,255,COLONIA JOSE ARTURO DUARTE,25,2522,COLONIAS,URBANO,317
317,255,COLONIA IZAGUIRRE,16,1612,COLONIAS,URBANO,318
318,255,COLONIA ALTOS DE LA LAGUNA,25,2544,COLONIAS,URBANO,319
335,255,COLONIA 13 DE JULIO,16,1615,COLONIAS,URBANO,337
319,255,BARRIO LA GUADALUPE,5,507,COLONIAS,URBANO,320
320,255,COLONIA BRISAS DEL VALLE,10,1017,COLONIAS,URBANO,321
321,255,COLONIA LAS MERCEDES,7,736,COLONIAS,URBANO,322
322,255,COLONIA JARDINES DEL CARRIZAL,25,2528,COLONIAS,URBANO,323
323,255,CONDOMINIOS LOMA ALTA,10,0,COLONIAS,URBANO,324
324,255,LAS MARIAS,10,1031,COLONIAS,URBANO,325
325,255,COLONIA EL ZAPOTE,29,0,COLONIAS,URBANO,326
326,255,RESIDENCIAL PORTAL DEL CASTAÑO,10,1020,COLONIAS,URBANO,327
336,255,BARRIO BELLA VISTA,6,624,COLONIAS,URBANO,338
406,255,BARRIO LEMPIRA,6,602,COLONIAS,URBANO,407
327,255,COLONIA LA ESPERANZA (Sector 16),16,1613,COLONIAS,URBANO,328
328,255,COLONIA AURORA,10,1004,COLONIAS,URBANO,329
329,255,COLONIA SAN CRISTOBAL,7,735,COLONIAS,URBANO,330
330,255,COLONIA SANTA CECILIA No.1,13,1326,COLONIAS,URBANO,331
331,255,COLONIA PEDREGALITO N° 2,7,707,COLONIAS,URBANO,332
332,255,COLONIA PALERMO,5,501,COLONIAS,URBANO,333
333,255,PLANTEL DE LA COLUMBUS,13,0,REFERENCIAS,URBANO,334
421,255,COLONIA PIEDRA BLANCA (ALTOS DE LA MAYANGLE),13,1308,COLONIAS,URBANO,422
337,255,COLONIA SAN MIGUEL,16,1614,COLONIAS,URBANO,339
338,255,COLONIA CASTAÑO SUR,10,1023,COLONIAS,URBANO,340
339,255,COLONIA 14 DE ENERO,13,0,COLONIAS,URBANO,341
340,255,COLONIA BUENOS AIRES DE ORIENTE II ETAPA,29,2924,COLONIAS,URBANO,343
366,255,BARRIO PERPETUO SOCORRO,6,607,COLONIAS,URBANO,368
341,255,RESIDENCIAL LA CUMBRE,10,1007,COLONIAS,URBANO,344
342,255,COLONIA MONTECARLO,10,1015,COLONIAS,URBANO,345
343,255,COLONIA SAN JUAN BOSCO (Sector 10),10,1020,COLONIAS,URBANO,346
344,255,COLONIA LOMA ALTA,10,1026,COLONIAS,URBANO,347
345,255,COLONIA NUEVO EDEN,16,1649,COLONIAS,URBANO,348
346,255,COLONIA SANTA ANITA O QUEBRACHAL,16,1620,COLONIAS,URBANO,349
347,255,COLONIA VILLA SAN ANTONIO O BOQUERON,13,1325,COLONIAS,URBANO,350
348,255,COLONIA NUEVA VIERA (Sector 16),16,1630,COLONIAS,URBANO,351
349,255,COLONIA SANTA FE,7,711,COLONIAS,URBANO,352
350,255,SIN NOMBRE,25,0,SIN NOMBRE,URBANO,353
351,255,SIN NOMBRE,16,0,SIN NOMBRE,URBANO,354
352,255,COLONIA LA TRAVESIA,29,2913,COLONIAS,URBANO,355
353,255,BARRIO MORAZAN,5,507,COLONIAS,URBANO,356
437,255,COLONIA ALTOS DE LA DIVANNA,6,623,COLONIAS,URBANO,437
354,255,COLONIA ALTOS DEL PARAISO,25,2521,COLONIAS,URBANO,357
355,255,COLONIA LAS MINITAS,10,1003,COLONIAS,URBANO,358
356,255,COLONIA SUPERACION,13,1352,COLONIAS,URBANO,359
357,255,COLONIA LOMAS DEL CASTAÑO SUR,10,1018,COLONIAS,URBANO,360
360,255,COLONIA RUBEN DARIO,10,1002,COLONIAS,URBANO,362
374,255,BARRIO CONCEPCION,6,606,COLONIAS,URBANO,376
361,255,COLONIA LA GRANADA,7,705,COLONIAS,URBANO,363
362,255,COLONIA FUERZAS UNIDAS,25,2533,COLONIAS,URBANO,364
363,255,SIN NOMBRE,18,0,SIN NOMBRE,URBANO,365
364,255,COLONIA VILLA LOS CIRUELOS,16,1625,COLONIAS,URBANO,366
365,255,COLONIA 28 DE MARZO,16,1619,COLONIAS,URBANO,367
477,255,SIN NOMBRE,13,0,SIN NOMBRE,URBANO,477
367,255,COLONIA TOROCAGUA,7,710,COLONIAS,URBANO,369
368,255,SIN NOMBRE,25,0,SIN NOMBRE,URBANO,370
369,255,RESIDENCIAL VILLA UNIVERSITARIA II ETAPA,16,1625,COLONIAS,URBANO,371
370,255,COLONIA LA HAYA,7,704,COLONIAS,URBANO,372
371,255,RESIDENCIAL MAYA,16,1629,COLONIAS,URBANO,373
372,255,RESIDENCIAL VILLA UNIVERSITARIA I ETAPA,16,1625,COLONIAS,URBANO,374
373,255,LOMA ALTA 2DA ETAPA,17,1724,COLONIAS,URBANO,375
375,255,COLONIA NUEVA DANLI,25,2526,COLONIAS,URBANO,377
376,255,RESIDENCIAL VILLA OLIMPUS,16,1645,COLONIAS,URBANO,378
377,255,COLONIA NUEVA ERA (Sector 16),16,1616,COLONIAS,URBANO,379
378,255,COLONIA NUEVA ERA (Sector 16),16,1616,COLONIAS,URBANO,379
379,255,RESIDENCIAL VILLAS MILANO,16,1653,COLONIAS,URBANO,380
380,255,BARRIO BELEN,7,702,COLONIAS,URBANO,381
381,255,COLONIA RAFAEL L. CALLEJAS,7,708,COLONIAS,URBANO,382
382,255,CASERIO AGUA BLANCA,29,2912,COLONIAS,URBANO,383
383,255,COLONIA ARNULFO CANTARERO LOPEZ,13,1348,COLONIAS,URBANO,384
384,255,CONDOMINIOS EL MIRADOR,17,0,COLONIAS,URBANO,385
391,255,SIN NOMBRE,29,0,SIN NOMBRE,URBANO,392
392,255,COLONIA LA LOMA,17,1735,COLONIAS,URBANO,393
393,255,COLINAS DE LA MAYANGLE,13,1368,COLONIAS,URBANO,394
385,255,COLONIA LOMAS DEL GUIJARRO,10,1006,COLONIAS,URBANO,386
386,255,BARRIO LA ISLA,5,509,COLONIAS,URBANO,387
387,255,COLONIA MONSEÑOR FIALLOS,7,703,COLONIAS,URBANO,388
388,255,COLONIA BENDECK,13,1337,COLONIAS,URBANO,389
389,255,SIN NOMBRE,16,0,SIN NOMBRE,URBANO,390
390,255,BARRIO CAMAGUARA,6,0,COLONIAS,URBANO,391
395,255,RESIDENCIAL VILLA CENTROAMERICANA,16,1622,COLONIAS,URBANO,396
396,255,VILLAS LIQUIDAMBAR,17,1737,COLONIAS,URBANO,397
397,255,COLONIA PRIMERO DE DICIEMBRE,13,1379,COLONIAS,URBANO,398
398,255,SIN NOMBRE,13,0,SIN NOMBRE,URBANO,399
399,255,SIN NOMBRE,16,0,COLONIAS,URBANO,400
407,255,BARRIO SAN JUAN DE DIOS,6,628,COLONIAS,URBANO,408
408,255,RESIDENCIAL ECO VIVIENDAS,16,1655,COLONIAS,URBANO,409
400,255,COLONIA IBERIA,13,1365,COLONIAS,URBANO,401
401,255,CEMENTERIO DIVINO PARAISO,25,0,REFERENCIAS,URBANO,402
402,255,RESIDENCIAL ECO VIVIENDAS II,29,2907,COLONIAS,URBANO,403
403,255,CERRO JUANA LAINEZ,5,0,REFERENCIAS,URBANO,404
404,255,COLONIA MONTE VERDE,17,1715,COLONIAS,URBANO,405
405,255,RESIDENCIAL LOMAS DE CARRARA,17,1729,COLONIAS,URBANO,406
411,255,COLONIA ALAMEDA,10,1001,COLONIAS,URBANO,412
412,255,BARRIO LA PAGODA,5,505,COLONIAS,URBANO,413
413,255,BARRIO CERRO JUANA LAINEZ,5,508,COLONIAS,URBANO,414
414,255,RESIDENCIAL SANTA CECILIA,13,1329,COLONIAS,URBANO,415
415,255,CONDOMINIOS LOMAS DEL COUNTRY,13,1375,COLONIAS,URBANO,416
416,255,SIN NOMBRE,25,0,SIN NOMBRE,URBANO,417
417,255,BARRIO EL OBELISCO,6,612,COLONIAS,URBANO,418
418,255,VILLA REYES I ETAPA,13,1328,COLONIAS,URBANO,419
419,255,VILLA REYES II ETAPA,13,1363,COLONIAS,URBANO,420
420,255,RESIDENCIAL CENTRO AMERICA ESTE III ETAPA,13,1320,COLONIAS,URBANO,421
422,255,COLONIA LOMAS DEL COUNTRY,13,1336,COLONIAS,URBANO,423
423,255,COLONIA CENTROAMERICANA,13,1321,COLONIAS,URBANO,424
424,255,SIN NOMBRE,17,0,SIN NOMBRE,URBANO,425
425,255,COLONIA TEPEYAC,10,1005,COLONIAS,URBANO,426
426,255,COLONIA MAYANGLE,13,1335,COLONIAS,URBANO,427
427,255,COLONIA PAYAQUI,10,1012,COLONIAS,URBANO,428
433,255,COLONIA CENTRO AMERICA OESTE,13,1344,COLONIAS,URBANO,433
428,255,COLONIA LA ERA,29,2911,COLONIAS,URBANO,429
429,255,RESIDENCIAL CENTRO AMERICA ESTE IV ETAPA,13,1320,COLONIAS,URBANO,430
430,255,SANAA,13,0,REFERENCIAS,URBANO,431
434,255,COLONIA HOLLYWOOD,13,0,COLONIAS,URBANO,434
435,255,COLONIA VILLA CENTRO AMERICA,13,1363,COLONIAS,URBANO,435
438,255,SIN NOMBRE,17,0,SIN NOMBRE,URBANO,438
439,255,RESIDENCIAL PRADO VERDE,16,1652,COLONIAS,URBANO,439
440,255,UNIVERSIDAD NORTE,17,1701,COLONIAS,URBANO,440
441,255,COMPLEJO DEPORTIVO JOSE SIMON AZCONA VILLA OLIMPICA,17,0,REFERENCIAS,URBANO,441
442,255,RESIDENCIAL LOMAS DEL PRADO NORTE,16,1646,COLONIAS,URBANO,442
443,255,RESIDENCIAL CENTRO AMERICA ESTE II ETAPA,13,1320,COLONIAS,URBANO,443
444,255,COLONIA QUEZADA,11,1103,COLONIAS,URBANO,444
445,255,RESIDENCIAL MONTE CARMELO,13,1322,COLONIAS,URBANO,445
446,255,RESIDENCIAL CENTRO AMERICA ESTE I ETAPA,13,1320,COLONIAS,URBANO,446
447,255,VILLA SUYAPA OLIMPICA,17,1711,COLONIAS,URBANO,447
448,255,SIN NOMBRE,25,0,SIN NOMBRE,URBANO,448
449,255,RESIDENCIAL LOMAS DEL GUIJARRO SUR,10,1030,COLONIAS,URBANO,449
450,255,COLONIA SANTA CLARA,25,0,COLONIAS,URBANO,450
451,255,BARRIO LA BOLSA,12,1201,COLONIAS,URBANO,451
452,255,RESIDENCIAL PUERTA DEL SOL,17,1728,COLONIAS,URBANO,452
453,255,COLONIA ALTOS DE CENTROAMERICA,25,0,COLONIAS,URBANO,453
454,255,RESIDENCIAL CENTRO AMERICA ESTE ANEXO SUR,13,1319,COLONIAS,URBANO,454
455,255,COLONIA ALTOS DE LA PRIMAVERA,6,621,COLONIAS,URBANO,455
456,255,BARRIO LA SOLEDAD No. 2,13,1317,COLONIAS,URBANO,456
457,255,RESIDENCIAL VILLA COLONIAL,16,1647,COLONIAS,URBANO,457
458,255,RESIDENCIAL VILLA D'ESTE,16,1650,COLONIAS,URBANO,458
459,255,SIN NOMBRE,17,0,SIN NOMBRE,URBANO,459
470,255,COLONIA VEGAS DEL COUNTRY,13,1330,COLONIAS,URBANO,470
460,255,COLONIA CRUZ LARGA,10,1027,COLONIAS,URBANO,460
461,255,COLONIA EL SOCORRO,6,608,COLONIAS,URBANO,461
462,255,COLONIA DIVANNA,13,1343,COLONIAS,URBANO,462
463,255,COLONIA BUENA VISTA,25,2530,COLONIAS,URBANO,463
464,255,SIN NOMBRE,25,0,SIN NOMBRE,URBANO,464
465,255,COLONIA BERLIN,25,2527,COLONIAS,URBANO,465
466,255,COLONIA REPARTO MANDOFER,10,1024,COLONIAS,URBANO,466
467,255,COLONIA INTERAMERICANA,13,1332,COLONIAS,URBANO,467
468,255,COLONIA NUEVA ERA (Sector 13),13,1347,COLONIAS,URBANO,468
469,255,COLONIA NUEVA CAPITAL,25,2507,COLONIAS,URBANO,469
476,255,COLONIA EL PROGRESO II,13,1333,COLONIAS,URBANO,476
471,255,RESIDENCIAL PRADOS UNIVERSITARIOS II ETAPA,16,1621,COLONIAS,URBANO,471
472,255,COLONIA LOMAS DEL MAYAB,10,1008,COLONIAS,URBANO,472
473,255,COLONIA EL COUNTRY,13,1334,COLONIAS,URBANO,473
474,255,COLONIA MARY FLAKES DE FLORES,25,2535,COLONIAS,URBANO,474
475,255,COLONIA LA FUENTE I ETAPA,13,1345,COLONIAS,URBANO,475
478,255,COLONIA EL PRADO,11,1102,COLONIAS,URBANO,478
479,255,EL TABLON,13,0,COLONIAS,URBANO,479
480,255,COLONIA LOS PROFESIONALES,17,1706,COLONIAS,URBANO,480
481,255,COLONIA JOSE TRINIDAD CABANAS,25,2536,COLONIAS,URBANO,482
482,255,COLONIA FLORENCIA OESTE,17,1704,COLONIAS,URBANO,483
490,255,COLONIA LINDA VISTA,25,2539,COLONIAS,URBANO,491
483,255,COLONIA LA FUENTE II ETAPA,13,1345,COLONIAS,URBANO,484
484,255,COLONIA MIRAMONTES,11,1106,COLONIAS,URBANO,485
485,255,SIN NOMBRE,16,0,SIN NOMBRE,URBANO,486
486,255,COLONIA EL PROGRESO I,13,1384,COLONIAS,URBANO,487
487,255,COLONIA FLORENCIA NORTE,17,1702,COLONIAS,URBANO,488
488,255,RESIDENCIAL LA HACIENDA,17,1723,COLONIAS,URBANO,489
489,255,CEMENTERIO SANTA ANITA,13,0,REFERENCIAS,URBANO,490
491,255,BARRIO GUACERIQUE,12,1202,COLONIAS,URBANO,492
492,255,COLONIA 21 DE FEBRERO,13,1301,COLONIAS,URBANO,493
493,255,COLONIA ARMANDO CALIDONIO,16,1634,COLONIAS,URBANO,494
494,255,SIN NOMBRE,17,0,SIN NOMBRE,URBANO,495
495,255,COLONIA SAN RAFAEL,11,1105,COLONIAS,URBANO,496
496,255,BARRIO VILLA ADELA,6,603,COLONIAS,URBANO,497
497,255,COLONIA JUAN LINDO,6,0,COLONIAS,URBANO,498
532,255,COLONIA AUSTRALIA,25,2514,COLONIAS,URBANO,536
498,255,COLONIA LAS LOMITAS,29,0,COLONIAS,URBANO,499
499,255,COLONIA LA PRIMAVERA,12,1220,COLONIAS,URBANO,500
500,255,RESIDENCIAL PRADOS UNIVERSITARIOS,16,1621,COLONIAS,URBANO,501
501,255,SIN NOMBRE,13,0,SIN NOMBRE,URBANO,502
502,255,RESIDENCIAL MIRADOR DEL NORTE,13,1374,COLONIAS,URBANO,503
503,255,COLONIA ALTOS DE LA PRIMAVERA 1,12,0,COLONIAS,URBANO,504
504,255,RESIDENCIAL CIUDAD LEMPIRA I ETAPA,13,1362,COLONIAS,URBANO,505
507,255,COLONIA ALTOS DE LAS CASCADAS,25,0,COLONIAS,URBANO,507
508,255,ALDEA SUYAPA SECTOR 1,29,2906,COLONIAS,URBANO,508
509,255,COLONIA FLORENCIA SUR,17,1703,COLONIAS,URBANO,509
533,255,COLONIA TILOARQUE,12,1205,COLONIAS,URBANO,538
510,255,COLONIA 23 DE JUNIO PRIVADO,13,1315,COLONIAS,URBANO,510
511,255,SIN NOMBRE,19,0,SIN NOMBRE,URBANO,511
512,255,COLONIA ALTOS DE LA ELVEL,11,1112,COLONIAS,URBANO,513
513,255,VILLAS SAINT HONORE,17,0,COLONIAS,URBANO,514
514,255,RIVIERA DEL TRAPICHE IV,17,1731,COLONIAS,URBANO,515
515,255,COLONIA ELVEL,11,1107,COLONIAS,URBANO,516
516,255,VENECIA DEL TRAPICHE ETAPA IIB,17,1732,COLONIAS,URBANO,517
517,255,VILLA FLORENCIA,17,1738,COLONIAS,URBANO,518
518,255,BARRIO LA SOLEDAD,13,1317,COLONIAS,URBANO,519
589,255,COLONIA MONTE DE LOS OLIVOS,13,1300,COLONIAS,URBANO,597
519,255,ALDEA LA SOLEDAD No. 2,25,2501,COLONIAS,URBANO,520
520,255,COLONIA FATIMA,13,1316,COLONIAS,URBANO,522
521,255,VILLA QUEZADA,13,0,COLONIAS,URBANO,525
522,255,ALDEA DE SUYAPA,17,1710,COLONIAS,URBANO,526
523,255,MIRADOR DE TILOARQUE,12,1235,COLONIAS,URBANO,527
529,255,COLONIA ISRAEL NORTE,13,1314,COLONIAS,URBANO,533
524,255,COLONIA LOMA LINDA NORTE,11,1109,COLONIAS,URBANO,528
525,255,AREA VERDE,29,0,REFERENCIAS,URBANO,529
526,255,RESIDENCIAL LOMA VERDE,19,1927,COLONIAS,URBANO,530
527,255,COLONIA UNIDAD Y FUERZA,25,2538,COLONIAS,URBANO,531
528,255,SIN NOMBRE,13,0,SIN NOMBRE,URBANO,532
530,255,COLONIA VILLA SAN MIGUEL,25,9,COLONIAS,URBANO,534
531,255,COLONIA NUEVA AUSTRALIA,25,2541,COLONIAS,URBANO,535
534,255,BARRIO SAN JORGE,12,1204,COLONIAS,URBANO,539
535,255,RESIDENCIAL CIUDAD LEMPIRA 2 ETAPA,13,1362,COLONIAS,URBANO,540
536,255,COLONIA TILOARQUE NORTE,12,1218,COLONIAS,URBANO,542
537,255,COLONIA MARADIAGA,12,1215,COLONIAS,URBANO,543
538,255,COLONIA NUEVO AMANECER,12,1217,COLONIAS,URBANO,544
539,255,COLONIA OSCAR CASTRO TEJADA,12,1236,COLONIAS,URBANO,545
540,255,COLONIA LUIS LANDA,18,1805,COLONIAS,URBANO,546
541,255,ALDEA SUYAPA SECTOR LA CRUZ,29,2906,COLONIAS,URBANO,547
542,255,SIN NOMBRE,13,0,SIN NOMBRE,URBANO,548
543,255,COLONIA TRES CAMINOS,17,1705,COLONIAS,URBANO,549
544,255,COLONIA ALTOS DE LA QUEZADA (Sin codcol),13,0,COLONIAS,URBANO,550
545,255,RESIDENCIAL CASAVOLA,18,1806,COLONIAS,URBANO,551
546,255,COLONIA RUBEN ANTUNEZ,17,1707,COLONIAS,URBANO,552
547,255,CEMENTERIO SUYAPA,29,0,REFERENCIAS,URBANO,553
548,255,RESIDENCIAL ATLANTIS,12,1223,COLONIAS,URBANO,554
549,255,SIN NOMBRE,17,0,SIN NOMBRE,URBANO,555
550,255,VILLAS SAN DIEGO,17,1734,COLONIAS,URBANO,556
551,255,CHALET FRANCES SAN IGNACIO,17,1721,COLONIAS,URBANO,557
584,255,COLONIA ISRAEL SUR,13,1313,COLONIAS,URBANO,592
552,255,COLONIA EL HOGAR,19,1902,COLONIAS,URBANO,559
553,255,SIN NOMBRE,25,0,SIN NOMBRE,URBANO,560
554,255,SIN NOMBRE,12,0,SIN NOMBRE,URBANO,561
555,255,COLONIA LOMA LINDA SUR,11,1110,COLONIAS,URBANO,562
556,255,COLONIA 25 DE ENERO,13,1349,COLONIAS,URBANO,563
557,255,COLONIA VILLA ESPAÑOLA,12,1206,COLONIAS,URBANO,564
558,255,COLONIA BRISAS DEL MOGOTE,13,0,COLONIAS,URBANO,565
559,255,CONDOMINIOS LAS MARIAS,12,0,COLONIAS,URBANO,566
585,255,COLONIA FUENTE DE VIDA (NUEVA ALDEA),13,0,COLONIAS,URBANO,593
560,255,ALDEA SUYAPA SECTOR LA PLAZA,29,2906,COLONIAS,URBANO,567
561,255,ALDEA SUYAPA SECTOR EL CALVARIO,29,2906,COLONIAS,URBANO,568
562,255,COLONIA VISTA HERMOSA (Sector 13),13,1312,COLONIAS,URBANO,569
563,255,COLONIA LA HUERTA,13,0,COLONIAS,URBANO,570
564,255,COLONIA SAN FRANCISCO,13,1311,COLONIAS,URBANO,571
565,255,COLONIA PERITOS MERCANTILES,12,1226,COLONIAS,URBANO,572
567,255,VILLAS SAFIRO,18,0,COLONIAS,URBANO,574
568,255,COLONIA HUMUYA,11,1101,COLONIAS,URBANO,575
569,255,CONDOMINIOS QUINTA BELLA,18,1824,COLONIAS,URBANO,576
570,255,ALDEA SUYAPA SECTOR COLINAS DE JERUSALEN,29,2906,COLONIAS,URBANO,577
586,255,RESIDENCIAL ALTOS DE LA GRANJA (PROYECTO),12,0,COLONIAS,URBANO,594
571,255,COLONIA ALTOS DE MIRAMONTES,11,1104,COLONIAS,URBANO,579
572,255,COLONIA EL ALAMO,12,1207,COLONIAS,URBANO,580
573,255,COLONIA SAN BUENAVENTURA,13,1380,COLONIAS,URBANO,581
574,255,COLONIA SECTOR MATUTE,29,0,COLONIAS,URBANO,582
575,255,RESIDENCIAL CIUDAD LEMPIRA III ETAPA,13,1362,COLONIAS,URBANO,583
587,255,COLONIA LOMAS DE TILOARQUE ETAPA I,12,1208,COLONIAS,URBANO,595
588,255,COLONIA EL DORADO,19,1917,COLONIAS,URBANO,596
576,255,COLONIA ARTURO QUEZADA,13,1346,COLONIAS,URBANO,584
577,255,COLONIA FECOVIL,29,2902,COLONIAS,URBANO,585
578,255,RESIDENCIAL GAUBANA,18,1828,COLONIAS,URBANO,586
579,255,COLONIA PEREZ,11,1108,COLONIAS,URBANO,587
580,255,RESIDENCIAL LA GRANJA SEGUNDA ETAPA,12,1233,COLONIAS,URBANO,588
581,255,COLONIA ALTOS DE SAN FRANCISCO,13,1101,COLONIAS,URBANO,589
582,255,HOSPITAL MARIA,18,0,REFERENCIAS,URBANO,590
583,255,COLONIA VICENTE LOPEZ,13,0,COLONIAS,URBANO,591
590,255,SIN NOMBRE,13,0,SIN NOMBRE,URBANO,598
591,255,RESIDENCAL ALTOS DE LAS COLINAS,19,1905,COLONIAS,URBANO,599
592,255,COLONIA VENEZUELA,12,1210,COLONIAS,URBANO,600
593,255,PLAZA MIRAFLORES,19,0,REFERENCIAS,URBANO,601
594,255,COLONIA NUEVA ESPAÑA,13,1386,COLONIAS,URBANO,602
595,255,SIN NOMBRE,12,0,SIN NOMBRE,URBANO,603
618,255,RESIDENCIAL VILLA ESMERALDA I ETAPA,19,1932,COLONIAS,URBANO,625
596,255,COLONIA EL RETIRO,13,1350,COLONIAS,URBANO,604
597,255,COLONIA EL TREBOL,12,1231,COLONIAS,URBANO,605
598,255,COLONIA MIRAFLOR,12,1222,COLONIAS,URBANO,606
599,255,COLONIA EL EDEN,13,1309,COLONIAS,URBANO,607
600,255,RESIDENCIAL AZULEJOS DE SAN IGNACIO,18,0,COLONIAS,URBANO,608
601,255,RESIDENCIAL SUYAPITA,18,1819,COLONIAS,URBANO,609
602,255,COLONIA FUENTES DE MIRAFLORES,19,1937,COLONIAS,URBANO,610
603,255,RESIDENCIAL QUINTAS SAN IGNACIO,18,0,COLONIAS,URBANO,611
604,255,SIN NOMBRE,18,0,SIN NOMBRE,URBANO,612
630,255,COLONIA DAVID BETANCOURHT,13,1371,COLONIAS,URBANO,637
605,255,COLONIA ARCIERY,13,1370,COLONIAS,URBANO,613
606,255,COLONIA LAS COLINAS,19,1904,COLONIAS,URBANO,614
607,255,SIN NOMBRE,19,0,SIN NOMBRE,URBANO,615
608,255,SIN NOMBRE,19,0,SIN NOMBRE,URBANO,615
609,255,COLONIA NUEVA JERUSALEM,13,1372,COLONIAS,URBANO,616
631,255,RESIDENCIAL VILLA DE TILOARQUE II ETAPA,12,1234,COLONIAS,URBANO,638
632,255,COLONIA LOS OLMOS,24,2422,COLONIAS,URBANO,639
610,255,RESIDENCIAL VILLA PALMERAS,17,1727,COLONIAS,URBANO,617
611,255,COLONIA HATO DE ENMEDIO SECTOR 5,18,1801,COLONIAS,URBANO,618
612,255,COLONIA NUEVA GALILEA,13,1385,COLONIAS,URBANO,619
613,255,TOWNHOUSES EL PUEBLO,18,1823,COLONIAS,URBANO,620
614,255,COLONIA SANTA EDUVIGES,13,1308,COLONIAS,URBANO,621
615,255,ASERRADERO,18,0,REFERENCIAS,URBANO,622
616,255,RESIDENCIAL LA GRANJA PRIMERA ETAPA,12,1232,COLONIAS,URBANO,623
617,255,UNIVERSIDAD NACIONAL PEDAGOGICA FRANCISCO MORAZAN,19,0,REFERENCIAS,URBANO,624
619,255,COLONIA HATO DE ENMEDIO SECTOR 6,18,1801,COLONIAS,URBANO,626
620,255,COLONIA PUEBLO NUEVO,13,1377,COLONIAS,URBANO,627
621,255,COLONIA ARCIERY SECTOR II,13,1370,COLONIAS,URBANO,628
622,255,RESIDENCIAL VILLA DE TILOARQUE I ETAPA,12,1234,COLONIAS,URBANO,629
623,255,COLONIA LOMAS DE TILOARQUE ETAPA II,12,1208,COLONIAS,URBANO,630
624,255,MALL LAS CASCADAS,19,0,REFERENCIAS,URBANO,631
625,255,RESIDENCIAL ALTOS DEL TRAPICHE II ETAPA,18,1818,COLONIAS,URBANO,632
626,255,COLONIA MODESTO RODAS ALVARADO (Sector 24),24,2409,COLONIAS,URBANO,633
627,255,COLONIA VILLA NELITA,24,2410,COLONIAS,URBANO,634
628,255,RESIDENCIAL VILLA ESMERALDA II ETAPA,19,1932,COLONIAS,URBANO,635
629,255,VILLA MIRAFLORES NORTE,19,1932,COLONIAS,URBANO,636
633,255,COLONIA FLORES DE ORIENTE,29,2905,COLONIAS,URBANO,640
634,255,PLAZA CUBA,20,0,REFERENCIAS,URBANO,641
635,255,VILLA DE SAN IGNACIO,20,1823,COLONIAS,URBANO,642
636,255,COLONIA ALTOS DE LOS LAURELES,13,1303,COLONIAS,URBANO,643
637,255,RESIDENCIAL ALTOS DEL TRAPICHE I ETAPA,18,1818,COLONIAS,URBANO,644
638,255,COLONIA HATO DE ENMEDIO SECTOR 4,18,1801,COLONIAS,URBANO,645
639,255,AMPLIACION BLOQUE I Y J,18,1801,COLONIAS,URBANO,646
640,255,COLONIA JARDINES DE MIRAFLORES,19,1919,COLONIAS,URBANO,647
641,255,COLONIA HATO DE ENMEDIO SECTOR 6A,18,1801,COLONIAS,URBANO,648
642,255,COLONIA HENRRY MERRIAM,24,2412,COLONIAS,URBANO,649
643,255,COLONIA NUEVA OROCUINA,13,1304,COLONIAS,URBANO,650
644,255,METRO MALL,12,0,REFERENCIAS,URBANO,651
645,255,COLONIA SAN IGNACIO,18,1802,COLONIAS,URBANO,652
646,255,COLONIA LAS DELICIAS (Sector 24),24,2411,COLONIAS,URBANO,653
661,255,COLONIA RAMON AMAYA AMADOR,13,1369,COLONIAS,URBANO,668
647,255,COLONIA UNIVERSIDAD SUYAPA,29,0,COLONIAS,URBANO,654
648,255,BARRIO LA GRANJA,12,1213,COLONIAS,URBANO,655
649,255,SIN NOMBRE,19,0,SIN NOMBRE,URBANO,656
662,255,INFOP,20,0,REFERENCIAS,URBANO,669
650,255,AREA DE RESERVA ECOLOGICA,18,0,REFERENCIAS,URBANO,657
651,255,COLONIA MARIA CRISTINA,12,1203,COLONIAS,URBANO,658
652,255,RESIDENCIAL ALTOS DEL TRAPICHE III ETAPA,18,1818,COLONIAS,URBANO,659
653,255,COLONIA EL VACILON,12,1201,COLONIAS,URBANO,660
654,255,COLONIA HATO DE ENMEDIO SECTOR 3,18,1801,COLONIAS,URBANO,661
663,255,COLONIA HATO DE ENMEDIO SECTOR 2,18,1801,COLONIAS,URBANO,670
655,255,COLONIA ALTOS DE TILOARQUE,12,1216,COLONIAS,URBANO,662
656,255,COLONIA COVESPUL,18,1817,COLONIAS,URBANO,663
657,255,RESIDENCIAL VILLA CRISTINA,19,1938,COLONIAS,URBANO,664
658,255,COLONIA NUEVA JERUSALEN No.2,13,0,COLONIAS,URBANO,665
659,255,COLONIA BETANIA (El Zarzal)*,19,1929,COLONIAS,URBANO,666
660,255,COLONIA MILENIUN,12,0,COLONIAS,URBANO,667
664,255,COLONIA VILLA NUEVA SUYAPA,29,2901,COLONIAS,URBANO,671
665,255,COLONIA HATO DE ENMEDIO SECTOR 7,18,1801,COLONIAS,URBANO,672
666,255,COLONIA GLORIA A DIOS,18,1816,COLONIAS,URBANO,673
667,255,COLONIA EL ESTIQUIRIN,12,0,COLONIAS,URBANO,674
668,255,COLONIA MONTES DE BENDICION,13,1383,COLONIAS,URBANO,675
678,255,COLONIA SAN ANGEL,20,2010,COLONIAS,URBANO,685
669,255,COLONIA HATO DE ENMEDIO SECTOR 1,18,1801,COLONIAS,URBANO,676
670,255,RESIDENCIAL VILLA BENETTON,19,1930,COLONIAS,URBANO,677
671,255,RESIDENCIAL VALENCIA,18,1814,COLONIAS,URBANO,678
672,255,RESIDENCIAL ALTOS DE MIRAFLORES SUR LOTE 37,19,0,COLONIAS,URBANO,679
673,255,COLONIA VILLA LOS LAURELES,13,1378,COLONIAS,URBANO,680
674,255,COLONIA MIRAFLORES SUR LOTE 32,19,0,COLONIAS,URBANO,681
675,255,SIN NOMBRE,24,0,SIN NOMBRE,URBANO,682
676,255,COLONIA LA LIBERTAD,18,1809,COLONIAS,URBANO,683
677,255,COLONIA BRISAS DE SUYAPA,29,2904,COLONIAS,URBANO,684
679,255,COLONIA MIRAFLORES NORTE,19,1908,COLONIAS,URBANO,686
680,255,COLONIA HATO DE ENMEDIO SECTOR 8,18,1801,COLONIAS,URBANO,687
681,255,COLONIA 19 DE SEPTIEMBRE,13,1306,COLONIAS,URBANO,688
682,255,RESIDENCIAL VILLA LOS LAURELES II ETAPA,13,1307,COLONIAS,URBANO,689
683,255,VILLA SANTA MARIA,19,0,COLONIAS,URBANO,690
684,255,RESIDENCIAL JOYAS DEL DORADO,19,1935,COLONIAS,URBANO,691
685,255,COLONIA LAS BRISAS,19,1911,COLONIAS,URBANO,692
686,255,AGAFAM,18,0,REFERENCIAS,URBANO,693
687,255,RESIDENCIAL ALTOS DE MIRAFLORES SUR II ETAPA,19,1934,COLONIAS,URBANO,694
688,255,RESIDENCIAL ALTOS DE MIRAFLORES SUR II ETAPA,19,1934,COLONIAS,URBANO,695
689,255,AREA VERDE,24,0,REFERENCIAS,URBANO,696
690,255,COLONIA HATO DE ENMEDIO SECTOR 9,18,1801,COLONIAS,URBANO,697
691,255,RESIDENCIAL ALTOS DEL TRAPICHE IV ETAPA,18,1818,COLONIAS,URBANO,698
692,255,CONDOMINIOS ALTOS DE MIRAFLORES SUR LOTE 33,19,0,COLONIAS,URBANO,699
693,255,COLONIA EL HIGUERO,18,1808,COLONIAS,URBANO,700
694,255,COLONIA ALTOS DE AGAFAM,18,0,COLONIAS,URBANO,701
695,255,RESIDENCIAL ALTOS DE MIRAFLORES SUR III ETAPA,19,1935,COLONIAS,URBANO,702
696,255,RESIDENCIAL VILLA LOS LAURELES,13,1381,COLONIAS,URBANO,703
697,255,RESIDENCIAL LAURELES REAL,13,1382,COLONIAS,URBANO,704
698,255,COLONIA LA PRADERA,24,2406,COLONIAS,URBANO,705
699,255,SIN NOMBRE,19,0,SIN NOMBRE,URBANO,706
710,255,COLONIA ROBERTO SUAZO CORDOVA (Sector 22),22,2203,COLONIAS,URBANO,717
700,255,COLONIA MIRAFLORES SUR,19,1907,COLONIAS,URBANO,707
701,255,COLONIA RIVAS,24,2405,COLONIAS,URBANO,708
702,255,RESIDENCIAL ALTOS DE MIRAFLORES SUR I ETAPA,19,1933,COLONIAS,URBANO,709
703,255,COLONIA LA PROVIDENCIA,22,2226,COLONIAS,URBANO,710
704,255,COLONIA BOLIVAR,24,2402,COLONIAS,URBANO,711
705,255,COLONIA KENNEDY SUPER MANZANA 5,20,2001,COLONIAS,URBANO,712
706,255,COLONIA LA BURRERA,24,2404,COLONIAS,URBANO,713
707,255,RESIDENCIAL VILLA LOMAS DE MIRAFLORES,19,1936,COLONIAS,URBANO,714
708,255,RESIDENCIAL CAÑADA,24,0,COLONIAS,URBANO,715
711,255,COLONIA NORA DE MELGAR,19,0,COLONIAS,URBANO,718
709,255,SIN NOMBRE,29,0,SIN NOMBRE,URBANO,716
724,255,COLONIA KUWAYT,21,0,COLONIAS,URBANO,731
712,255,COLONIA FLOR DEL CAMPO,24,2414,COLONIAS,URBANO,719
713,255,COLONIA 17 DE SEPTIEMBRE,18,1810,COLONIAS,URBANO,721
714,255,CORTE SUPREMA DE JUSTICIA,19,0,REFERENCIAS,URBANO,722
715,255,COLONIA LA TRINIDAD (Sector 22),22,2201,COLONIAS,URBANO,723
716,255,COLONIA LA LIBERTAD 2,18,0,COLONIAS,URBANO,724
717,255,SIN NOMBRE,24,0,COLONIAS,URBANO,725
718,255,RESIDENCIAL VISTA HERMOSA,20,2011,COLONIAS,URBANO,726
719,255,ASERRADERO LAMAS,24,0,REFERENCIAS,URBANO,727
720,255,RESIDENCIAL BELLA ORIENTE,18,1803,COLONIAS,URBANO,728
721,255,COLONIA JARDINES DE TONCONTIN,22,2208,COLONIAS,URBANO,729
725,255,SIN NOMBRE,19,0,SIN NOMBRE,URBANO,732
726,255,SIN NOMBRE,18,0,SIN NOMBRE,URBANO,733
727,255,SIN NOMBRE,21,0,SIN NOMBRE,URBANO,734
728,255,SIN NOMBRE,20,0,SIN NOMBRE,URBANO,735
729,255,INSTITUTO TECNICO SAUL ZELAYA,24,0,REFERENCIAS,URBANO,736
730,255,COLONIA LUIS ANDRES ZUNIGA,24,2431,COLONIAS,URBANO,737
731,255,COLONIA KENNEDY SUPER MANZANA 3,20,2001,COLONIAS,URBANO,738
734,255,COLONIA HATO DE ENMEDIO SECTOR 10,18,1801,COLONIAS,URBANO,740
735,255,COLONIA KENNEDY SUPER MANZANA 4,20,2001,COLONIAS,URBANO,741
736,255,RESIDENCIAL SAN JUAN,18,1821,COLONIAS,URBANO,742
737,255,COLONIA ABELARDO R FORTIN,21,2139,COLONIAS,URBANO,743
738,255,COLONIA FALDAS DEL PEDREGAL,22,2204,COLONIAS,URBANO,744
739,255,SIN NOMBRE,20,0,SIN NOMBRE,URBANO,746
863,255,RESIDENCIAL ROBLE OESTE I ETAPA,23,2346,COLONIAS,URBANO,875
740,255,RESIDENCIAL ALTOS DEL TRAPICHE V ETAPA,18,1818,COLONIAS,URBANO,747
741,255,LOMA DE LA JOYA,19,1931,COLONIAS,URBANO,750
742,255,COLONIA KENNEDY SUPER MANZANA 6,20,2001,COLONIAS,URBANO,751
748,255,COLONIA LA JOYA (Sector 19),19,1912,COLONIAS,URBANO,757
749,255,COLONIA SANTO DOMINGO,22,2209,COLONIAS,URBANO,758
750,255,COLONIA LA ROSA,24,2415,COLONIAS,URBANO,759
864,255,"COLONIA BRISAS DE JACALEAPA,LOMAS DE NAVOO IV ETAPA",21,2147,COLONIAS,URBANO,876
743,255,SIN NOMBRE,13,0,COLONIAS,URBANO,752
744,255,RESIDENCIAL GUAYMURAS,20,2009,COLONIAS,URBANO,753
745,255,RESIDENCIAL VILLAS PLAZA,20,0,COLONIAS,URBANO,754
746,255,COLONIA FRANCISCO MURILLO SOTO,22,2210,COLONIAS,URBANO,755
747,255,COLONIA LAS GRANJITAS,21,2117,COLONIAS,URBANO,756
768,255,RESIDENCIAL ALTOS DEL TRAPICHE VI ETAPA,18,1826,COLONIAS,URBANO,782
751,255,COLONIA SAN JOSE DEL PEDREGAL,22,2205,COLONIAS,URBANO,761
752,255,BARRIO EL COCO,22,2211,COLONIAS,URBANO,763
755,255,COLONIA JARDINES DE SAN JOSE,22,2207,COLONIAS,URBANO,765
756,255,TEXTILES RIO LINDO,22,0,REFERENCIAS,URBANO,767
757,255,RESIDENCIAL LAS VEGAS,21,0,COLONIAS,URBANO,769
758,255,BARRIO EL CARRIZAL,22,2212,COLONIAS,URBANO,770
759,255,RESIDENCIAL FRANCISCO MORAZAN,13,1354,COLONIAS,URBANO,771
760,255,COLONIA PORTAL DE LAS FLORES,24,0,COLONIAS,URBANO,772
761,255,COLONIA ZUNLACAL,23,2301,COLONIAS,URBANO,773
762,255,RESIDENCIAL TULIPANES,19,1939,COLONIAS,URBANO,774
763,255,RESIDENCIAL ALTOS DE LA VEGA,21,0,COLONIAS,URBANO,775
764,255,COLONIA VENECIA,24,2416,COLONIAS,URBANO,776
765,255,ALDEA LA JOYA,19,1923,COLONIAS,URBANO,778
766,255,COLONIA MONTELIMAR,22,2219,COLONIAS,URBANO,780
767,255,COLONIA EL ZANCUDO,18,1820,COLONIAS,URBANO,781
769,255,SIN NOMBRE,13,0,SIN NOMBRE,URBANO,783
770,255,COLONIA LOMAS DEL CORTIJO,22,2213,COLONIAS,URBANO,784
771,255,COLONIA LOS ZORZALES I,22,2215,COLONIAS,URBANO,785
772,255,SAN JOSE DE LA VEGA I ETAPA,21,2114,COLONIAS,URBANO,786
774,255,COLONIA VILLA NUEVA SECTOR 6 ETAPA 2,20,2022,COLONIAS,URBANO,788
798,255,COLONIA KENNEDY SUPER MANZANA 2,20,2002,COLONIAS,URBANO,811
775,255,COLONIA LA JOYA FOSOVI,19,1913,COLONIAS,URBANO,789
776,255,RESIDENCIAL VEGAS DE LA JOYA,20,2031,COLONIAS,URBANO,790
777,255,COLONIA PREDIOS DEL RECREO,24,2430,COLONIAS,URBANO,791
778,255,SIN NOMBRE,21,2137,SIN NOMBRE,URBANO,792
779,255,SIN NOMBRE,22,0,SIN NOMBRE,URBANO,793
780,255,SIN NOMBRE,20,0,SIN NOMBRE,URBANO,794
781,255,SIN NOMBRE,20,0,SIN NOMBRE,URBANO,794
782,255,COLONIA COMUNIDAD SOCIAL,21,0,COLONIAS,URBANO,795
783,255,COLONIA VEGAS DEL RIO,21,2138,COLONIAS,URBANO,796
784,255,RESIDENCIAL LOS ZORZALES (Sector 22),22,0,COLONIAS,URBANO,797
785,255,COLONIA LA JOYA MATAMOROS,19,0,COLONIAS,URBANO,798
786,255,SIN NOMBRE,13,0,SIN NOMBRE,URBANO,799
787,255,SAN JOSE DE LA VEGA II ETAPA,21,2114,COLONIAS,URBANO,800
788,255,COLONIA RAMON ALVAREZ MALDONADO,21,2148,COLONIAS,URBANO,801
789,255,LA VEGA,22,0,COLONIAS,URBANO,802
790,255,RESIDENCIAL PLAZA,20,2017,COLONIAS,URBANO,803
791,255,COLONIA LOS ZORZALES II,22,2215,COLONIAS,URBANO,804
799,255,COLONIA BRISAS DEL CORTIJO,22,2230,COLONIAS,URBANO,812
800,255,COLONIA SANTA BARBARA,24,2418,COLONIAS,URBANO,813
801,255,SIN NOMBRE,24,0,SIN NOMBRE,URBANO,814
802,255,SIN NOMBRE,24,0,SIN NOMBRE,URBANO,815
803,255,SIN NOMBRE,24,0,SIN NOMBRE,URBANO,815
792,255,REPRESA LOS LAURELES,24,0,REFERENCIAS,URBANO,805
793,255,COLONIA ALTOS DE SAN JOSE,22,2221,COLONIAS,URBANO,806
794,255,RESIDENCIAL PLAZA SUB DIVISION,20,2027,COLONIAS,URBANO,807
795,255,COLONIA MONTERREY NORTE,21,0,COLONIAS,URBANO,808
796,255,RESIDENCIAL ALESSA,23,0,COLONIAS,URBANO,809
797,255,SIN NOMBRE,20,0,SIN NOMBRE,URBANO,810
804,255,COLONIA OSCAR A FLORES,22,2216,COLONIAS,URBANO,816
805,255,COLONIA SANTA ISABEL (Sector 20),20,2003,COLONIAS,URBANO,817
806,255,SIN NOMBRE,18,0,SIN NOMBRE,URBANO,818
807,255,COLONIA INESTROZA,24,2419,COLONIAS,URBANO,819
808,255,COLONIA RIVERAS DE LA VEGA,22,2220,COLONIAS,URBANO,820
809,255,SIN NOMBRE,24,0,SIN NOMBRE,URBANO,821
810,255,COLONIA VILLA NUEVA SECTOR 6 ETAPA 1,20,2022,COLONIAS,URBANO,822
816,255,RESIDENCIAL ALEMAN,21,2113,COLONIAS,URBANO,828
811,255,COLONIA VILLA NUEVA SECTOR 6 ETAPA 4,20,2022,COLONIAS,URBANO,823
812,255,SIN NOMBRE,20,0,SIN NOMBRE,URBANO,824
813,255,SIN NOMBRE,23,0,SIN NOMBRE,URBANO,825
814,255,SIN NOMBRE,21,0,COLONIAS,URBANO,826
815,255,COLONIA VILLA NUEVA SECTOR 6 ETAPA 3,20,2022,COLONIAS,URBANO,827
839,255,COLONIA DIOS PROVEERA(BETHEL),20,2023,COLONIAS,URBANO,851
817,255,COLONIA LAS TORRES,24,2417,COLONIAS,URBANO,829
818,255,COLONIA MONTES DE SINAI,21,2112,COLONIAS,URBANO,830
819,255,RESIDENCIAL CIUDAD NUEVA,24,2420,COLONIAS,URBANO,831
820,255,COLONIA LOMA SUR,21,2150,COLONIAS,URBANO,832
821,255,SIN NOMBRE,21,2142,SIN NOMBRE,URBANO,833
822,255,COLONIA KENNEDY SUPER MANZANA 1,20,2021,COLONIAS,URBANO,834
823,255,SIN NOMBRE,20,0,SIN NOMBRE,URBANO,835
824,255,RESIDENCIAL BERNARDO DAZZI I ETAPA,20,2005,COLONIAS,URBANO,836
825,255,RESIDENCIAL PORTAL DEL BOSQUE II,23,2367,COLONIAS,URBANO,837
826,255,COLONIA LOMAS DE SAN JOSE II ETAPA,20,2018,COLONIAS,URBANO,838
827,255,COLONIA LOS ALPES No.2,21,2142,COLONIAS,URBANO,839
828,255,VILLAS MARIA,23,0,COLONIAS,URBANO,840
829,255,COLONIA SAN JOSE DE LOS LLANOS,21,2119,COLONIAS,URBANO,841
830,255,COLONIA LOS ALPES No.1,21,2146,COLONIAS,URBANO,842
831,255,RESIDENCIAL BERNARDO DAZZI III ETAPA,20,2005,COLONIAS,URBANO,843
849,255,RESIDENCIAL ROBLE ALTO I ETAPA,23,2304,COLONIAS,URBANO,861
850,255,VILLAS ALONDRA,23,0,COLONIAS,URBANO,862
832,255,COLONIA LAS PALMAS,20,2004,COLONIAS,URBANO,844
833,255,RESIDENCIAL PORTAL DEL BOSQUE I,23,2349,COLONIAS,URBANO,845
834,255,COLONIA VICTOR F ARDON,20,2008,COLONIAS,URBANO,846
835,255,SIN NOMBRE,20,0,SIN NOMBRE,URBANO,847
836,255,COLONIA 15 DE SEPTIEMBRE,23,2321,COLONIAS,URBANO,848
837,255,VILLA MARBELLA,23,0,COLONIAS,URBANO,849
838,255,COLONIA MODELO,23,2318,COLONIAS,URBANO,850
851,255,SIN NOMBRE,20,0,SIN NOMBRE,URBANO,863
840,255,COLONIA SAN JOSE DE LA PEÑA,21,2111,COLONIAS,URBANO,852
841,255,COLONIA LOS ROBLES,23,2303,COLONIAS,URBANO,853
842,255,COLONIA MONTERREY,21,2120,COLONIAS,URBANO,854
852,255,SIN NOMBRE,21,0,SIN NOMBRE,URBANO,864
853,255,COLONIA LOMAS DE SAN JOSE II ETAPA,20,2018,COLONIAS,URBANO,865
854,255,RESIDENCIAL VIENA,20,2030,COLONIAS,URBANO,866
855,255,CONDOMINIOS EL DORAL,23,2366,COLONIAS,URBANO,867
843,255,COLONIA VILLA NUEVA NORTE,18,1804,COLONIAS,URBANO,855
844,255,RESIDENCIAL LOS MOLINOS,21,2149,COLONIAS,URBANO,856
845,255,ALDEA JACALEAPA CAS. LA JOYA,20,2016,COLONIAS,URBANO,857
846,255,RESIDENCIAL LAS PALMAS,20,2035,COLONIAS,URBANO,858
847,255,LLANO DEL POTRERO,23,2322,COLONIAS,URBANO,859
848,255,RESIDENCIAL ROBLE ALTO II ETAPA,23,2304,COLONIAS,URBANO,860
856,255,SIN NOMBRE,20,0,SIN NOMBRE,URBANO,868
857,255,SIN NOMBRE,21,0,COLONIAS,URBANO,869
858,255,VILLA TERRANOVA,23,0,COLONIAS,URBANO,870
859,255,AREA VERDE,20,0,REFERENCIAS,URBANO,0
860,255,COLONIA VILLA NUEVA SUR,20,2022,COLONIAS,URBANO,872
861,255,"COLONIA BRISAS DE JACALEAPA,LOMAS DE NAVOO I ETAPA",21,2021,COLONIAS,URBANO,873
862,255,RESIDENCIAL ROBLE OESTE III ETAPA,23,2342,COLONIAS,URBANO,874
865,255,COLONIA LOMAS DE SAN JOSE I ETAPA,20,2018,COLONIAS,URBANO,877
866,255,COLONIA LA POPULAR,21,2110,COLONIAS,URBANO,878
867,255,RESIDENCIAL BERNARDO DAZZI II ETAPA,20,2005,COLONIAS,URBANO,879
868,255,RESIDENCIAL LOMAS EL DORADO,20,2025,COLONIAS,URBANO,880
869,255,RESIDENCIAL LOMAS DE JACALEAPA,20,2007,COLONIAS,URBANO,882
870,255,RESIDENCIAL LA PEÑA,21,0,COLONIAS,URBANO,883
871,255,SIN NOMBRE,20,0,SIN NOMBRE,URBANO,884
872,255,RESIDENCIAL ROBLE OESTE II ETAPA,23,2345,COLONIAS,URBANO,885
873,255,RESIDENCIAL LOS PORTALES (Sector 20),20,2028,COLONIAS,URBANO,886
899,255,COLONIA CALPULES I ETAPA,21,2109,COLONIAS,URBANO,916
874,255,COLONIA VILLANUEVA 7B,18,1826,COLONIAS,URBANO,887
875,255,UNIVERSIDAD CATOLICA,23,0,REFERENCIAS,URBANO,890
876,255,SIN NOMBRE,20,0,SIN NOMBRE,URBANO,891
877,255,RESIDENCIAL LA CASCADA I ETAPA,23,2307,COLONIAS,URBANO,892
878,255,COLONIA BRISAS DE ORIENTE,32,3209,COLONIAS,URBANO,894
879,255,RES.LAS CASITAS,36,3642,COLONIAS,URBANO,895
880,255,COLONIA LOS ENSUEÑOS,23,2352,COLONIAS,URBANO,896
881,255,COLONIA LA PEÑA,21,2121,COLONIAS,URBANO,897
882,255,RESIDENCIAL HONDURAS,20,2019,COLONIAS,URBANO,898
883,255,COLONIA 14 DE MARZO,21,2108,COLONIAS,URBANO,899
884,255,RESIDENCIAL LOS EUCALIPTOS,23,2351,COLONIAS,URBANO,900
900,255,RESIDENCIAL LA CASCADA II ETAPA,23,2341,COLONIAS,URBANO,917
885,255,COLONIA ALTOS DE LOS PINOS,20,2012,COLONIAS,URBANO,901
886,255,RESIDENCIAL LA CAÑADA,21,2133,COLONIAS,URBANO,902
889,255,RESIDENCIAL LA GRAN VILLA,23,0,COLONIAS,URBANO,906
890,255,RESIDENCIAL CIUDAD JARDIN,20,2029,COLONIAS,URBANO,907
911,255,SIN NOMBRE,23,0,SIN NOMBRE,URBANO,928
912,255,RESIDENCIAL CASA VERDE,23,2355,COLONIAS,URBANO,929
913,255,VILLA LOS OLMOS,36,3636,COLONIAS,URBANO,930
891,255,FUERZA AEREA HONDUREÑA,22,0,REFERENCIAS,URBANO,908
892,255,RESIDENCIAL ROBLE OESTE VI ETAPA,23,2356,COLONIAS,URBANO,909
893,255,COLONIA ALTOS DE SAN ISIDRO,21,2100,COLONIAS,URBANO,910
894,255,SIN NOMBRE,23,2336,SIN NOMBRE,URBANO,911
895,255,COLONIA LUIS FERNANDO CORDOBA,21,2153,COLONIAS,URBANO,912
896,255,RESIDENCIAL CONDOMINIOS TONCONTIN,23,2339,COLONIAS,URBANO,913
897,255,COLONIA LA FELICIDAD,23,2360,COLONIAS,URBANO,914
898,255,RESIDENCIAL VILLA SAN RAFAEL,23,2336,COLONIAS,URBANO,915
901,255,ALDEA JACALEAPA,20,2016,COLONIAS,URBANO,918
902,255,COLONIA CALPULES II ETAPA,21,2109,COLONIAS,URBANO,919
903,255,COLONIA VISTA HERMOSA (Sector 21),21,2123,COLONIAS,URBANO,920
904,255,RESIDENCIAL TONCONTIN,23,2331,COLONIAS,URBANO,922
905,255,RESIDENCIAL JESUS AGUILAR PAZ,21,2140,COLONIAS,URBANO,923
906,255,VILLA SANTA MONICA,23,2334,COLONIAS,URBANO,924
907,255,RESIDENCIAL COPACABANA,23,0,COLONIAS,URBANO,925
908,255,RESIDENCIAL PINO VERDE,36,3643,COLONIAS,URBANO,926
909,255,RESIDENCIAL CATESA,23,0,COLONIAS,URBANO,927
910,255,SIN NOMBRE,23,0,SIN NOMBRE,URBANO,928
914,255,RESIDENCIAL LOS HIDALGOS CIRCUITO II,23,2356,COLONIAS,URBANO,931
915,255,COLONIA PLAN DE LOS PINOS,26,2601,COLONIAS,URBANO,932
916,255,RESIDENCIAL LAS HADAS AMPLIACION FEHCOVIL,23,2336,COLONIAS,URBANO,933
917,255,UNITEC,26,0,REFERENCIAS,URBANO,935
918,255,RESIDENCIAL PALMA REAL,23,2330,COLONIAS,URBANO,936
919,255,SIN NOMBRE,23,2310,SIN NOMBRE,URBANO,937
920,255,RESIDENCIAL LAS CANARIAS II ETAPA,23,2368,COLONIAS,URBANO,938
936,255,RESIDENCIAL ALTOS DE LAS HADAS,23,2333,COLONIAS,URBANO,954
937,255,RESIDENCIAL ALTOS DE VENECIA I ETAPA,21,2152,COLONIAS,URBANO,955
921,255,COLONIA SATELLITE,22,2223,COLONIAS,URBANO,939
922,255,URBANIZACION AGUA DULCE,23,2328,COLONIAS,URBANO,940
923,255,COLONIA NUEVO LOARQUE,21,2107,COLONIAS,URBANO,941
924,255,RESIDENCIAL HAMBURGO,26,2609,COLONIAS,URBANO,942
938,255,COLONIA JARDINES DE LOARQUE,21,2105,COLONIAS,URBANO,956
925,255,COLONIA MONTE FRESCO,26,2605,COLONIAS,URBANO,943
926,255,RESIDENCIAL LOS HIDALGOS,23,2356,COLONIAS,URBANO,944
927,255,SIN NOMBRE,26,0,SIN NOMBRE,URBANO,945
928,255,RESIDENCIAL LOS HIDALGOS CIRCUITO I,23,2356,COLONIAS,URBANO,946
941,255,SIN NOMBRE,28,0,SIN NOMBRE,URBANO,959
929,255,COLONIA LOS PINOS,20,2032,COLONIAS,URBANO,947
930,255,COLONIA LOS ANGELES,23,2315,COLONIAS,URBANO,948
939,255,RESIDENCIAL LAS CAMPANAS,26,2608,COLONIAS,URBANO,957
940,255,RESIDENCIAL VILLAS DE LAS HADAS,23,2348,COLONIAS,URBANO,958
931,255,SIN NOMBRE,23,0,SIN NOMBRE,URBANO,949
932,255,COLONIA MIRADOR DEL LOARQUE,21,2106,COLONIAS,URBANO,950
933,255,SIN NOMBRE,26,0,SIN NOMBRE,URBANO,951
934,255,SIN NOMBRE,28,0,SIN NOMBRE,URBANO,952
935,255,RESIDENCIAL SANTA CRUZ I ETAPA,23,2357,COLONIAS,URBANO,953
942,255,COLONIA LOARQUE COMERCIAL,21,2129,COLONIAS,URBANO,960
943,255,RESIDENCIAL VENECIA I ETAPA,21,2151,COLONIAS,URBANO,961
944,255,COLONIA LOMAS DE TONCONTIN III ETAPA,28,2813,COLONIAS,URBANO,962
945,255,COLONIA GODOY,23,2314,COLONIAS,URBANO,963
946,255,COLONIA LOS PERIODISTAS,23,2316,COLONIAS,URBANO,964
947,255,RESIDENCIAL ALTOS DE VENECIA II ATAPA,21,2152,COLONIAS,URBANO,965
948,255,RESIDENCIAL VILLA SAN JORGE,28,2822,COLONIAS,URBANO,966
949,255,RESIDENCIAL VILLA TOSCANA ETAPA I,23,2374,COLONIAS,URBANO,967
950,255,RESIDENCIAL SANTA CRUZ II ETAPA,23,2365,COLONIAS,URBANO,969
951,255,RESIDENCIAL ALTOS DE VENECIA III ATAPA,21,2152,COLONIAS,URBANO,970
952,255,COLONIA RIO GRANDE NORTE,21,2103,COLONIAS,URBANO,972
953,255,TRAMO COLONIA ALTOS DE TONCONTIN-ANILLO PERIFERICO,28,0,SIN NOMBRE,URBANO,973
954,255,RESIDENCIAL VILLA CORINTO,28,2825,COLONIAS,URBANO,974
955,255,RESIDENCIAL LAS HADAS,23,2319,COLONIAS,URBANO,975
956,255,COLONIA ALTOS DEL TONCONTIN,28,2801,COLONIAS,URBANO,976
957,255,COLONIA LOMAS DE TONCONTIN II ETAPA,28,2813,COLONIAS,URBANO,977
958,255,COLONIA SAN JOSE DE LOARQUE,28,2308,COLONIAS,URBANO,978
959,255,COLONIA LOMAS DE TONCONTIN I ETAPA,28,2813,COLONIAS,URBANO,979
960,255,COLONIA RIO GRANDE SUR,21,2103,COLONIAS,URBANO,980
961,255,VILLA LAS ORQUIDEAS,28,2823,COLONIAS,URBANO,981
962,255,VILLA LAS ACACIAS,23,2358,COLONIAS,URBANO,982
963,255,COLONIA ALTOS DEL LOARQUE,28,2802,COLONIAS,URBANO,983
964,255,RESIDENCIAL PARIS,21,2154,COLONIAS,URBANO,984
965,255,COLONIA LOARQUE SUR,21,2104,COLONIAS,URBANO,985
966,255,VILLA LOS GERANIOS,28,2826,COLONIAS,URBANO,986
967,255,VILLA LOS PINOS,23,2362,COLONIAS,URBANO,987
968,255,RESIDENCIAL EL SAUCE,28,2826,COLONIAS,URBANO,988
969,255,RESIDENCIAL EL TABLON,26,2608,COLONIAS,URBANO,989
970,255,RESIDENCIAL VENECIA II ETAPA,21,2151,COLONIAS,URBANO,990
971,255,VILLA LOS TULIPANES,28,2831,COLONIAS,URBANO,991
972,255,VILLA LAS HORTENCIAS,28,28282,COLONIAS,URBANO,992
973,255,RESIDENCIAL VILLA DE REAL,23,2347,COLONIAS,URBANO,993
974,255,VILLA LOS JASMINEZ,28,2830,COLONIAS,URBANO,994
975,255,ALDEA LA CIENEGA,27,2707,COLONIAS,URBANO,995
976,255,VILLA LAS PALMERAS,28,2814,COLONIAS,URBANO,996
977,255,VILLA LOS NARANJOS,28,2832,COLONIAS,URBANO,997
978,255,VILLA LOS NOPALES,23,2370,COLONIAS,URBANO,999
981,255,ALDEA LOARQUE (MIMBRE),28,2805,COLONIAS,URBANO,1004
982,255,VILLA LOS CIPRECES,28,9,COLONIAS,URBANO,1005
979,255,EL AGUACATE,21,0,COLONIAS,URBANO,1001
980,255,LOARQUE,21,2129,COLONIAS,URBANO,1003
983,255,ALDEA EL SAUCE,23,0,COLONIAS,URBANO,1006
986,255,RESIDENCIAL LAS UVAS,23,2309,COLONIAS,URBANO,1009
987,255,ALDEA LOARQUE,21,2132,COLONIAS,URBANO,1010
988,255,RESIDENCIAL CONCEPCION,28,2821,COLONIAS,URBANO,1011
989,255,RESIDENCIAL LOMAS DEL PORTILLO,28,0,COLONIAS,URBANO,1012
985,255,AGUA DULCE,23,2357,COLONIAS,URBANO,1008
995,255,RESIDENCIAL FLORENTINOS,27,2723,COLONIAS,URBANO,1018
990,255,TRAMO RESIDENCIAL LA CONCEPCION-RESIDENCIAL EL SAUCE,28,0,SIN NOMBRE,URBANO,1013
991,255,RESIDENCIAL EL PORTILLO,28,2827,COLONIAS,URBANO,1014
992,255,CASERIO EL PORTILLO,28,2817,COLONIAS,URBANO,1015
996,255,TRAMO CASERIO LA JOYA-ALDEA YAGUASIRE,28,0,SIN NOMBRE,URBANO,1019
1010,255,COLONIA LOMAS DEL TIZATILLO,27,2721,COLONIAS,URBANO,1038
993,255,ALDEA LOS TROZOS,27,2705,COLONIAS,URBANO,1016
994,255,RESIDENCIAL LOMAS DE GERMANIA,28,2824,COLONIAS,URBANO,1017
997,255,ALDEA GERMANIA,27,2701,COLONIAS,URBANO,1020
998,255,RESIDENCIAL SANTA CLARA,27,2717,COLONIAS,URBANO,1021
999,255,COLONIA EL RECREO,27,2714,COLONIAS,URBANO,1022
1016,255,RESIDENCIAL NORTE FRESCO,13,1346,COLONIAS,URBANO,1044
1000,255,RESIDENCIAL VILLAS DE SAN SEBASTIAN,27,2716,COLONIAS,URBANO,1024
1001,255,RESIDENCIAL VILLAS LA CONCEPCION,28,2829,COLONIAS,URBANO,1025
1002,255,RESIDENCIAL ENMANUEL,27,2720,COLONIAS,URBANO,1026
1003,255,ALDEA SANTA ROSA,27,2723,COLONIAS,URBANO,1027
1004,255,CASERIO LA JOYA,28,0,COLONIAS,URBANO,1029
1008,255,CASERIO EL JICARO,26,2603,COLONIAS,URBANO,1033
1009,255,COLONIA CRUZ ROJA,27,2715,COLONIAS,URBANO,1037
1005,255,TRAMO CASERIO OJO DE AGUA-COLONIA ALTOS DE LOARQUE,28,0,SIN NOMBRE,URBANO,1030
1006,255,TRAMO CASERIO LA JOYA-RESIDENCIAL MIRADOR DE LOS ANGELES,28,0,SIN NOMBRE,URBANO,1031
1007,255,TRAMO ALDEA GERMANIA-COLONIA LOMAS DEL TIZATILLO,27,0,SIN NOMBRE,URBANO,1032
1011,255,TRAMO CASERIO EL JICARO-COLONIA LOMAS DEL TIZATILLO,27,0,SIN NOMBRE,URBANO,1039
1012,255,COLONIA ALTOS DE SANTA ROSA,27,2713,COLONIAS,URBANO,1040
1013,255,RES. LOMAS DE MARIA AUXILIADORA,35,3536,COLONIAS,URBANO,1041
1014,255,COLONIA BUENOS AIRES DE ORIENTE I ETAPA,29,2924,COLONIAS,URBANO,1042
1015,255,COLONIA ALTAMIRA,5,502,COLONIAS,URBANO,1043
1019,255,COLONIA PALMIRA,4,433,COLONIAS,URBANO,286
1020,255,RESIDENCIAL ROBLE OESTE IV ETAPA,23,2343,COLONIAS,URBANO,881
1021,255,RESIDENCIAL ROBLE OESTE IV ETAPA,23,2343,COLONIAS,URBANO,881
1026,255,ALDEA SUYAPA SECTOR ALTOS DE SUYAPA,29,2906,COLONIAS,URBANO,512
1027,255,ALDEA SUYAPA SECTOR ALTOS DE SUYAPA,29,2906,COLONIAS,URBANO,512
1028,255,CASERIO OJO DE AGUA,28,0,COLONIAS,URBANO,1034
1029,255,CASERIO OJO DE AGUA,28,0,COLONIAS,URBANO,1034
1030,255,COLONIA ALTOS DE LA JOYA,19,1916,COLONIAS,URBANO,720
1031,255,COLONIA ALTOS DE LA JOYA,19,1916,COLONIAS,URBANO,720
1032,255,COLONIA AMERICA,23,2312,COLONIAS,URBANO,893
1046,255,COLONIA SAN LUIS,24,2408,COLONIAS,URBANO,768
1050,255,ALDEA LOS JUTES,27,2702,COLONIAS,URBANO,1028
1047,255,ALDEA LA CUESTA No.1,14,1407,COLONIAS,URBANO,106
1048,255,ALDEA LA CAADA,21,9999,COLONIAS,URBANO,1000
1054,255,ALDEA SUYAPA SECTOR GRACIAS A DIOS,29,2906,COLONIAS,URBANO,521
1049,255,ALDEA LAS CASITAS,23,2324,COLONIAS,URBANO,25
1055,255,ALDEA SUYAPA SECTOR SAGRADO CORAZON,29,2906,COLONIAS,URBANO,523
1051,255,AEREOPUERTO INTERNACIONAL TONCONTIN,22,0,REFERENCIAS,URBANO,1046
1056,255,ALDEA YAGUASIRE (PARTE),28,2819,COLONIAS,URBANO,1035
1052,255,ALDEA CERRO GRANDE,14,1402,COLONIAS,URBANO,43
1057,255,COLONIA RODRIGUEZ,6,616,COLONIAS,URBANO,481
1053,255,ALDEA EL TABLON,26,2602,COLONIAS,URBANO,1002
900031,255,RESIDENCIAL PORTAL LAS CANARIAS,23,900031,COLONIAS,URABANA,900031
900033,255,RESIDENCIAL LA ARBOLEDA,36,900033,COLONIAS,RURAL,900033
900034,255,RESIDENCIAL VISTA REAL,35,900034,COLONIAS,RURAL,900034
984,255,RESIDENCIAL MIRADOR DE LOS ANGELES,23,2363,COLONIAS,URBANO,1007
900037,255,COLINAS DE SANTA ROSA,23,900037,COLONIAS,RURAL,900037
900038,255,VILLA FLORESTA,33,900038,COLONIAS,RURAL,900038
900039,255,VILLA VIEJA,33,900039,COLONIAS,RURAL,900039
900031,255,VLLA NUEVA,33,900031,COLONIAS,RURAL,900031
732,255,BARRIO SAN JOSE,22,2202,COLONIAS,URBANO,739
228,255,COLONIA CAMPO CIELO,7,727,COLONIAS,URBANO,230
431,255,COLONIA CRISTOBAL DIAZ,13,1341,COLONIAS,URBANO,432
69,255,COLONIA EL MIRADOR,8,0,COLONIAS,URBANO,73
1033,255,COLONIA EL REPARTO,9,902,COLONIAS,URBANO,135
1024,255,COLONIA EL TRIANGULO,10,1003,COLONIAS,URBANO,335
1035,255,COLONIA ERENDIRA,21,2116,COLONIAS,URBANO,760
1037,255,COLONIA LA MOLOLOA (PARTE),29,0,COLONIAS,URBANO,266
1040,255,COLONIA LAS VEGAS FECESITLIH,21,2137,COLONIAS,URBANO,749
288,255,COLONIA LIVERPOOL,25,0,COLONIAS,URBANO,288
242,255,COLONIA LOS QUEBRACHOS,29,0,COLONIAS,URBANO,242
98,255,COLONIA MINA DE AGUA O BRISAS DEL PICACHO,8,827,COLONIAS,URBANO,103
887,255,COLONIA MIRADOR DE SAN ISIDRO,21,0,COLONIAS,URBANO,904
1042,255,COLONIA NUEVA ESPERANZA,12,1221,COLONIAS,URBANO,541
358,255,COLONIA PEDREGALITO,7,707,COLONIAS,URBANO,361
1044,255,COLONIA PROFESOR EUGENIO MATUTE CANIZALES,21,0,COLONIAS,URBANO,905
1022,255,COLONIA ROMA,21,2118,COLONIAS,URBANO,779
1017,255,COLONIA SAN JUAN BOSCO (Sector 25),25,2516,COLONIAS,URBANO,290
223,255,COLONIA ZAPOTE NORTE,7,765,COLONIAS,URBANO,227
14,255,RESIDENCIAL EL TRAPICHE,17,1726,COLONIAS,URBANO,15
722,255,RESIDENCIAL LOMAS DE MIRAFLORES SUR,19,1921,COLONIAS,URBANO,730
753,255,RETORNO,18,0,REFERENCIAS,URBANO,764
505,255,UNAH,17,0,REFERENCIAS,URBANO,506