Seq,Neighborhood,City,Sector,Zone,objectid,Neighborhood,Corr,Dist,SectorGis,,
16,13 DE FEBRERO,TEGUCIGALPA,2,R3,13,BARRIO ABAJO,101,DU01,,,
440,13 DE JULIO,TEGUCIGALPA,16,R3,719,COLONIA 13 DE JULIO,1615,DU02,SECTOR 16,,
825,14 DE ENERO,COMAYAGÜELA,25,R3,,,,,,,
111,14 DE FEBRERO,COMAYAGÜELA,7,R4,800,COLONIA 14 DE FEBRERO,728,DU06,SECTOR 07,,
729,15 DE SEPTIEMBRE,TEGUCIGALPA/ COMAYAGÜELA,23,R2,,,,,,,
533,17 DE SEPTIEMBRE,TEGUCIGALPA,18,R3,,,,,,,
322,19 DE SEPTIEMBRE,COMAYAGÜELA,13,R3,66,COLONIA   19 DE SEPTIEMBRE,1306,DU11,SECTOR 13,,
323,21 DE FEBRERO,COMAYAGÜELA,13,R3,646,COLONIA 21 DE FEBRERO,1301,DU11,SECTOR 13,,
208,21 DE OCTUBRE,TEGUCIGALPA,9,R3,560,COLONIA 21 DE OCTUBRE,912,DU07,SECTOR 09,,
324,23 DE JUNIO,COMAYAGÜELA,13,R3,650,COLONIA   23 DE JUNIO,1315,DU11,SECTOR 13,,
325,25 DE ENERO,COMAYAGÜELA,13,R3,83,COLONIA 25 DE ENERO,1381,DU11,SECTOR 13,,
441,28 DE MARZO,TEGUCIGALPA,16,R3,726,COLONIA 28 DE MARZO,1619,DU02,SECTOR 16,,
442,30 DE NOVIEMBRE,TEGUCIGALPA,16,R3,715,COLONIA 30 DE NOVIEMBRE,1607,DU08,SECTOR 16,,
730,AEROPUERTO,TEGUCIGALPA,23,R2,,,,,,,
702,AEROPUERTO TONCONTIN,TEGUCIGALPA/ COMAYAGUELA,22,G,,,,,,,
534,AGAFAM,TEGUCIGALPA,18,AR,,,,,,,
936,AGUA BLANCA,TEGUCIGALPA,29,R3,,,,,,,
731,AGUA DULCE,TEGUCIGALPA,23,R3,,,,,,,
732,AGUA DULCE SIN DESARROLLO,TEGUCIGALPA,23,R3,,,,,,,
247,ALAMEDA,TEGUCIGALPA,10,D3,591,COLONIA ALAMEDA,1001,DU02,SECTOR 10,,
285,ALAMO,COMAYAGÜELA,12,R3,46,COLONIA EL ALAMO,1207,DU04,SECTOR 12,,
733,ALDEA AGUA DULCE,TEGUCIGALPA,23,UR,,,,,,,
416,ALDEA CERRO GRANDE,TEGUCIGALPA/ COMAYAGUELA,14,UR/R3,839,ALDEA CERRO GRANDE,1402,DU06,SECTOR 14,,
891,ALDEA DE GERMANIA,TEGUCIGALPA,27,R3,,,,,,,
892,ALDEA DE GERMANIA (BALDIO),TEGUCIGALPA,27,UR,,,,,,,
602,ALDEA DE JACALEAPA,TEGUCIGALPA,20,R3,,,,,,,
937,ALDEA DE SUYAPA,TEGUCIGALPA,29,R3,,,,,,,
938,ALDEA DE SUYAPA (BALDIO),TEGUCIGALPA,29,UR,,,,,,,
911,ALDEA DE YAGUASIRE,TEGUCIGALPA,28,R3,,,,,,,
417,ALDEA EL DURAZNO,COMAYAGÜELA,14,UR,842,CASERIO EL DURAZNO,1404,DU06,SECTOR 14,,
912,ALDEA EL ESPINAL,TEGUCIGALPA,28,UR,,,,,,,
426,ALDEA EL HATILLO,TEGUCIGALPA,15,HATILLO,539,ALDEA EL HATILLO,1509,DU07,SECTOR 15,,
913,ALDEA EL LOARQUE (BALDIO),TEGUCIGALPA,28,UR,,,,,,,
427,ALDEA EL PILIGUIN,TEGUCIGALPA,15,HATILLO,,,,,,,
914,ALDEA EL SAUCE,TEGUCIGALPA,28,R3,,,,,,,
883,ALDEA EL TABLON,TEGUCIGALPA,26,UR,,,,,,,
428,ALDEA EL TRIGO,TEGUCIGALPA,15,HATILLO,538,EL TRIGO,940,DU07,SECTOR 09,,
638,ALDEA JACALEAPA (CASERIO LA CAÑADA No. 2),TEGUCIGALPA,21,R3,,,,,,,
639,ALDEA LA CAÑADA,TEGUCIGALPA,21,R3,,,,,,,
827,ALDEA LA CUESTA (BALDIO),COMAYAGÜELA,25,UR,,,,,,,
418,ALDEA LA CUESTA 418,COMAYAGÜELA,14,UR,844,ALDEA LA CUESTA No. 2,1407,DU06,SECTOR 14,,
826,ALDEA LA CUESTA 826,COMAYAGÜELA,25,R3,,,,,,,
565,ALDEA LA JOYA,TEGUCIGALPA,19,R3,,,,,,,
828,ALDEA LA SOLEDAD,COMAYAGÜELA,25,R4,,,,,,,
829,ALDEA LA SOLEDAD NO 2,COMAYAGÜELA,25,R3,,,,,,,
734,ALDEA LAS CASITAS,TEGUCIGALPA/ COMAYAGUELA,23,UR,,,,,,,
429,ALDEA LOS JUTES,TEGUCIGALPA,15,HATILLO,,,,,,,
893,ALDEA LOS JUTES,TEGUCIGALPA,27,UR,,,,,,,
998,ALDEA SANTA CRUZ,TEGUCIGALPA,54,R3,,,,,,,
640,ALEMAN,TEGUCIGALPA,21,R3,,,,,,,
112,ALEMANIA,COMAYAGÜELA,7,R3,783,COLONIA ALEMANIA,751,DU06,SECTOR 07,,
735,ALESSA,TEGUCIGALPA/ COMAYAGÜELA,23,R3,,,,,,,
641,ALPES,TEGUCIGALPA,21,R3,,,,,,,
85,ALTAMIRA,COMAYAGÜELA,5,R1,495,COLONIA ALTAMIRA,502,DU02,SECTOR 05,,
642,ALTOS DE JARDINES LOARQUE,TEGUCIGALPA,21,R3,,,,,,,
830,ALTOS DE LA CENTROAMERICA,COMAYAGÜELA,25,R3,,,,,,,
326,ALTOS DE LA DIVANNA,COMAYAGÜELA,13,R3,512,COLONIA ALTOS DE LA DIVANNA,1343,DU05,SECTOR 13,,
286,ALTOS DE LA GRANJA,COMAYAGÜELA,12,R4,367,RESIDENCIAL ALTOS DE  LA GRANJA (PROYECTO),9991,DU04,SECTOR 12,,
496,ALTOS DE LA GRANJA,TEGUCIGALPA,17,R1,367,RESIDENCIAL ALTOS DE  LA GRANJA (PROYECTO),9991,DU04,SECTOR 12,,
566,ALTOS DE LA JOYA,TEGUCIGALPA,19,R4,,,,,,,
831,ALTOS DE LA LAGUNA,COMAYAGÜELA,25,R4,,,,,,,
327,ALTOS DE LA MAYANGLE,COMAYAGÜELA,13,R3,631,COLONIA PIEDRA BLANCA (ALTOS DE LA MAYANGLE),1368,DU05,SECTOR 13,,
94,ALTOS DE LA PRIMAVERA,COMAYAGÜELA,6,R3,621,DU05,SECTOR 06,,,,
328,ALTOS DE LA SOLEDAD,COMAYAGÜELA,13,R3,,,,,,,
443,ALTOS DE LA TRAVESIA,TEGUCIGALPA,16,R3,0,COLONIA LA TRAVESIA,2913,DU08,SECTOR 16,,
567,ALTOS DE LAS COLINAS,COMAYAGÜELA,19,R2,,,,,,,
736,ALTOS DE LAS HADAS,TEGUCIGALPA,23,R3,,,,,,,
497,ALTOS DE LAS LOMAS,TEGUCIGALPA,17,R1,679,RESIDENCIAL ALTOS DE LAS LOMAS,1713,DU02,SECTOR 17,,
643,ALTOS DE LAS VEGAS,TEGUCIGALPA,21,R3,,,,,,,
644,ALTOS DE LOARQUE,TEGUCIGALPA,21,R3,,,,,,,
329,ALTOS DE LOS LAURELES,COMAYAGÜELA,13,R4,64,COLONIA ALTOS  DE LOS LAURELES,1303,DU11,SECTOR 13,,
603,ALTOS DE LOS PINOS,TEGUCIGALPA,20,R4,,,,,,,
568,ALTOS DE MIRAFLORES LOTE 32,TEGUCIGALPA,19,R2,,,,,,,
572,ALTOS DE MIRAFLORES SUR BLOQUE 37,TEGUCIGALPA,19,R3,,,,,,,
569,ALTOS DE MIRAFLORES SUR ETAPA 1,TEGUCIGALPA,19,R3,,,,,,,
573,ALTOS DE MIRAFLORES SUR ETAPA 2,TEGUCIGALPA,19,R3-R4,,,,,,,
570,ALTOS DE MIRAFLORES SUR LOTE 01 (CONDOMINIO HORIZONTAL),TEGUCIGALPA,19,R3,,,,,,,
571,ALTOS DE MIRAFLORES SUR LOTE 33 (CONDOMINIO HORIZONTAL),TEGUCIGALPA,19,R3,,,,,,,
17,ALTOS DE MIRAMESI,TEGUCIGALPA,2,R3,1,COLONIA MIRAMESI,205,DU07,,,
273,ALTOS DE MIRAMONTES,COMAYAGÜELA,11,R1,606,COLONIA ALTOS DE MIRAMONTES,1104,DU02,SECTOR 11,,
989,ALTOS DE MONTE REAL,TEGUCIGALPA,38,R1,,,,,,,
330,ALTOS DE SAN FRANCISCO,COMAYAGÜELA,13,R4,330,COLONIA  ALTOS DE SAN FRANCISCO,1305,DU11,SECTOR 13,,
645,ALTOS DE SAN ISIDRO,TEGUCIGALPA,21,R3,,,,,,,
703,ALTOS DE SAN JOSE,COMAYAGÜELA,22,R3,,,,,,,
894,ALTOS DE SANTA ROSA 27,TEGUCIGALPA,27,R3,,,,,,,
976,ALTOS DE SANTA ROSA 35,TEGUCIGALPA,35,R3,,,,,,,
287,ALTOS DE TILOARQUE,COMAYAGÜELA,12,R3,35,COLONIA ALTOS  DE TILOARQUE,1216,DU04,SECTOR 12,,
915,ALTOS DE TONCONTIN,TEGUCIGALPA,28,R3,,,,,,,
647,ALTOS DE VENECIA ETAPA 1 Y ETAPA 2,TEGUCIGALPA,21,R3,,,,,,,
646,ALTOS DE VENECIA ETAPA 3 (CONDOMINIO HORIZONTAL),TEGUCIGALPA,21,R3,,,,,,,
95,ALTOS DE VILLA ADELA,COMAYAGÜELA,6,R3,,,,,,,
604,ALTOS DE VILLA VIEJA,TEGUCIGALPA,20,R4,,,,,,,
331,ALTOS DEL MILAGRO,COMAYAGÜELA,13,R3,638,COLONIA ALTOS DEL MILAGRO,1338,DU05,SECTOR 13,,
832,ALTOS DEL PARAISO,COMAYAGÜELA,25,R4,,,,,,,
113,ALTOS DEL PEDREGALITO,COMAYAGÜELA,7,R4,766,COLONIA PEDREGALITO,707,DU05,SECTOR 07,,
536,"ALTOS DEL TRAPICHE ETAPA 1 , 2, 3, 4 Y 5",TEGUCIGALPA,18,R4,,,,,,,
535,ALTOS DEL TRAPICHE ETAPA VI (CONDOMINIO HORIZONTAL),TEGUCIGALPA,18,R3,,,,,,,
737,AMERICA,TEGUCIGALPA,23,R2,,,,,,,
444,ANEXO LA FRATERNIDAD,TEGUCIGALPA,16,R3,735,COLONIA LA FRATERNIDAD ANEXO,0,DU02,SECTOR 16,,
648,ANEXO LAS VEGAS,TEGUCIGALPA,21,R3,,,,,,,
332,ARCIERY 1,COMAYAGÜELA,13,R3,354,COLONIA ARCIERY,0,DU11,SECTOR 13,,
333,ARCIERY 2,COMAYAGÜELA,13,R3,79,COLONIA ARCIERY SECTOR II,1370,DU11,SECTOR 13,,
60,ARGENTINA,TEGUCIGALPA,4,R2,487,COLONIA  ARGENTINA,428,DU02,SECTOR 04,,
445,ARMANDO CALIDONIO,TEGUCIGALPA,16,R4,744,COLONIA ARMANDO CALIDONIO,1634,DU08,SECTOR 16,,
334,ARTURO QUEZADA,COMAYAGÜELA,13,R4,75,COLONIA  ARTURO QUEZADA,1346,DU11,SECTOR 13,,
288,ATLANTIC,COMAYAGÜELA,12,R3,49,RESIDENCIAL ATLANTIS,1223,DU04,SECTOR 12,,
833,AUSTRALIA,COMAYAGÜELA,25,R4,,,,,,,
61,AVENIDA LA PAZ,TEGUCIGALPA,4,D1,476,AVENIDA LA PAZ,418,DU02,SECTOR 04,,
114,AYESTAS,COMAYAGÜELA,7,R3,804,COLONIA LAS AYESTAS,742,DU06,SECTOR 07,,
430,BALDIO (ALDEA LOS JUTES),TEGUCIGALPA,15,HATILLO,,,,,,,
248,BALDIO (SABANAGRANDE),TEGUCIGALPA,10,R3,,,,,,,
1,BARRIO ABAJO,TEGUCIGALPA,1,CH,,,,,,,
289,BARRIO EL MIRADOR,COMAYAGÜELA,12,R3,51,MIRADOR DE TILOARQUE,1235,DU04,SECTOR 12,,
834,BARRIO LA CUESTA N01,COMAYAGÜELA,25,R3,,,,,,,
335,BARRIO LA SOLEDAD,COMAYAGÜELA,13,R3,52,BARRIO LA SOLEDAD,1317,DU11,SECTOR 13,,
42,BARRIO NUEVA VIERA,TEGUCIGALPA,3,R3,,,,,,,
56,BARRIO SAN PABLO,TEGUCIGALPA,3,R3,,,,,,,
179,BARRIO VIERA,TEGUCIGALPA,8,R3,468,COLONIA VIERA,301,DU07,SECTOR 03,,
115,BELEN,COMAYAGÜELA,7,R3,761,BARRIO BELEN,702,DU05,SECTOR 07,,
537,BELLA ORIENTE,TEGUCIGALPA,18,R2,,,,,,,
116,BELLA VISTA,COMAYAGÜELA,7,R3,503,BARRIO BELLA VISTA,701,DU05,SECTOR 07,,
336,BENDECK,COMAYAGÜELA,13,R3,511,COLONIA BENDECK,1337,DU05,SECTOR 13,,
605,BERNARDO DAZZI ETAPA 3,TEGUCIGALPA,20,R3,,,,,,,
574,BETANIA,COMAYAGÜELA,19,R3,,,,,,,
606,BETHEL,TEGUCIGALPA,20,R3,,,,,,,
209,BOLIVAR,TEGUCIGALPA,9,R3,530,COLONIA  NUEVA VIERA,0,DU07,SECTOR 08,,
799,BOLIVAR,COMAYAGÜELA,24,R3,21,BARRIO SAN PABLO,304,DU07,SECTOR 03,,
969,BOSQUES DE ALTAMIRA,TEGUCIGALPA,32,R3,468,COLONIA VIERA,301,DU07,SECTOR 03,,
117,BRASILIA,COMAYAGÜELA,7,R3,779,COLONIA BRASILIA,749,DU06,SECTOR 07,,
999,BRICEÑO,TEGUCIGALPA,54,R3,,,,,,,
607,BRISAS DE JACALEAPA,TEGUCIGALPA,20,R3,,,,,,,
649,BRISAS DE JACALEAPA,TEGUCIGALPA,21,R3/R4,,,,,,,
650,BRISAS DE JACALEAPA 4 ETAPA,TEGUCIGALPA,21,R4,,,,,,,
118,BRISAS DE LA LAGUNA,COMAYAGÜELA,7,R3,784,COLONIA BRISAS DE LA LAGUNA,761,DU06,SECTOR 07,,
119,BRISAS DE OLANCHO,COMAYAGÜELA,7,R4,791,COLONIA BRISAS DE OLANCHO,722,DU05,SECTOR 07,,
608,BRISAS DE ORIENTE 20,TEGUCIGALPA,20,R3,,,,,,,
970,BRISAS DE ORIENTE 32,TEGUCIGALPA,32,R4,,,,,,,
538,BRISAS DE SUYAPA,TEGUCIGALPA,18,R3,,,,,,,
704,BRISAS DEL CORTIJO,COMAYAGÜELA,22,R3,,,,,,,
337,BRISAS DEL MOGOTE,COMAYAGÜELA,13,R3,318,COLONIA BRISAS DEL MOGOTE,0,DU11,SECTOR 13,,
835,BRISAS DEL NORTE,COMAYAGÜELA,25,R4,,,,,,,
180,BRISAS DEL PICACHO/MINA DE AGUA,TEGUCIGALPA,8,R3,529,COLONIA  MINA DE AGUA O BRISAS DEL PICACHO,827,DU07,SECTOR 08,,
705,BRISAS DEL RIO,COMAYAGÜELA,22,R3,,,,,,,
249,BRISAS DEL VALLE 10,TEGUCIGALPA,10,R3,578,COLONIA BRISAS DEL VALLE,1017,DU02,SECTOR 10,,
446,BRISAS DEL VALLE 16,TEGUCIGALPA,16,R4,578,COLONIA BRISAS DEL VALLE,1017,DU02,SECTOR 10,,
18,BUENA VISTA NORTE,TEGUCIGALPA,2,R3,455,RESIDENCIAL BUENA VISTA,0,DU01,,,
19,BUENA VISTA SUR,TEGUCIGALPA,2,R3,455,RESIDENCIAL BUENA VISTA,0,DU01,,,
120,BUENAS NUEVAS,COMAYAGÜELA,7,R3,785,COLONIA BUENAS NUEVAS,757,DU06,SECTOR 07,,
939,BUENOS AIRE,TEGUCIGALPA,29,R4,,,,,,,
20,BUENOS AIRES,TEGUCIGALPA,2,CH/R4,5,BARRIO BUENOS AIRES,201,DU07,,,
,CALDERON,,,,,,,,,,
82,CALIXTO,TEGUCIGALPA,5,D3,,,,,,,
651,CALPULES,TEGUCIGALPA,21,R4,,,,,,,
96,CAMAGUARA,COMAYAGÜELA,6,R3,509,BARRIO CAMAGUARA,0,DU05,SECTOR 06,,
210,CAMINO AL HATILLO,TEGUCIGALPA,9,HATILLO,555,RESIDENCIAL CAMINO DEL HATILLO,944,DU07,SECTOR 09,,
62,CAMPANA ARRIBA,TEGUCIGALPA,4,R1,,,,,,,
63,CAMPANA O MAYA CENTRO,TEGUCIGALPA,4,R1,829,COLONIA LA CAMPA√ëA O MAYA CENTRO,426,DU02,SECTOR 04,,
121,CAMPO CIELO 1,COMAYAGÜELA,7,R3,799,COLONIA CAMPO CIELO,727,DU06,SECTOR 07,,
122,CAMPO CIELO 2,COMAYAGÜELA,7,R3,799,COLONIA CAMPO CIELO,727,DU06,SECTOR 07,,
123,CAMPO CIELO 3,COMAYAGÜELA,7,R3,799,COLONIA CAMPO CIELO,727,DU06,SECTOR 07,,
290,CAMPO COCA COLA,COMAYAGÜELA,12,R3,,,,,,,
97,CAMPO SONIA,COMAYAGÜELA,6,R3,,,,,,,
990,CAMPO VERDE,TEGUCIGALPA,41,R3,,,,,,,
211,CANAAN,TEGUCIGALPA,9,R3,546,COLONIA CANAAN,947,DU07,SECTOR 09,,
124,CAÑADA,COMAYAGÜELA,7,R3,789,COLONIA CANADA,720,DU06,SECTOR 07,,
836,CANTARERO LOPEZ,COMAYAGÜELA,25,R3,,,,,,,
181,CANTERA,TEGUCIGALPA,8,HATILLO,3,COLONIA LAS CANTERAS,207,DU07,SECTOR 02,,
182,CANTERA 1,TEGUCIGALPA,8,R3,3,COLONIA LAS CANTERAS,207,DU07,SECTOR 02,,
183,CANTERA 2,TEGUCIGALPA,8,R3,3,COLONIA LAS CANTERAS,207,DU07,SECTOR 02,,
184,CANTERA 3,TEGUCIGALPA,8,R3,3,COLONIA LAS CANTERAS,207,DU07,SECTOR 02,,
916,CANTERA DE SANTOS Y COMPAÑIA,TEGUCIGALPA,28,ZI,,,,,,,
1014,CARPINTERO (CASERIO ASERRADERO EL PINO),TEGUCIGALPA,58,EL HATILLO,,,,,,,
1015,CARPINTERO (VILLA CAMPESINA),TEGUCIGALPA,58,EL HATILLO,,,,,,,
837,CARRIZAL ZONA QUEBRACHOS,COMAYAGÜELA,25,R3,,,,,,,
43,CASAMATA,TEGUCIGALPA,3,R3,19,BARRIO CASAMATA,302,DU07,SECTOR 03,,
125,CASANDRA,COMAYAGÜELA,7,R3,,,,,,,
738,CASAS VERDES,TEGUCIGALPA,23,R3,,,,,,,
539,CASAVOLA,TEGUCIGALPA,18,R1,,,,,,,
739,CASCADA,TEGUCIGALPA,23,R2,,,,,,,
740,CASCADAS SEGUNDA ETAPA,TEGUCIGALPA,23,R3,,,,,,,
838,CASERIO EL PEDREGAL,COMAYAGÜELA,25,R3,,,,,,,
291,CASERIO TILOARQUE,COMAYAGÜELA,12,R3,,,,,,,
652,CASO COL FALDAS DEL PEDREGAL,TEGUCIGALPA,21,R3,,,,,,,
250,CASTAÑO SUR,TEGUCIGALPA,10,R1,586,COLONIA CASTAÑOS SUR,1023,DU02,SECTOR 10,,
741,CATESA,TEGUCIGALPA,23,R1,,,,,,,
839,CEMENTERIO DIVINO PARAISO,COMAYAGÜELA,25,R3,,,,,,,
338,CEMENTERIO SANTA ANITA,COMAYAGÜELA,13,R3,651,CEMENTERIO SANTA ANITA,0,DU11,SECTOR 13,,
840,CENTENO NRO. 1,COMAYAGÜELA,25,R3,,,,,,,
841,CENTENO NRO. 2,COMAYAGÜELA,25,R3,,,,,,,
2,CENTRO,TEGUCIGALPA,1,CH,462,BARRIO EL CENTRO,103,DU01,,,
343,CENTRO AMERICA OESTE BLOQUE Y-Y,COMAYAGÜELA,13,R3,619,COLONIA CENTRO AMERICA OESTE,1344,DU11,SECTOR 13,,
575,CENTRO CIVICO GUBERNAMENTAL,COMAYAGÜELA,19,G,,,,,,,
83,CENTRO DE RECREACION LA ISLA,COMAYAGÜELA,5,AR/D3,493,BARRIO LA ISLA,509,DU02,SECTOR 05,,
339,CENTROAMERICA ESTE TODAS LAS ETAPAS,COMAYAGÜELA,13,R4,623,RESIDENCIAL CENTRO AMERICA ESTE I ETAPA,1320,DU05,SECTOR 13,,
340,CENTROAMERICA OESTE TODAS LAS ETAPAS,COMAYAGÜELA,13,R4,619,COLONIA CENTRO AMERICA OESTE,1344,DU11,SECTOR 13,,
341,CENTROAMERICANA,COMAYAGÜELA,13,R3,639,COLONIA CENTROAMERICANA,1321,DU05,SECTOR 13,,
342,CENTROAMERICANA FECOVIL,COMAYAGÜELA,13,R3,,,,,,,
212,CERRITOS,TEGUCIGALPA,9,R3,540,CERRITOS,904,DU07,SECTOR 09,,
185,CERRO EL PICACHO,TEGUCIGALPA,8,AR,535,CERRO EL PICACHO,0,DU07,SECTOR 08,,
187,CERRO GRANDE ZONA 2 Y ZONA 6,TEGUCIGALPA,8,R-4,654,COLONIA CERRO GRANDE ZONA 2,1401,DU06,SECTOR 14,,
186,CERRO GRANDE ZONA 4 Y ZONA 5,TEGUCIGALPA,8,R2,517,COLONIA CERRO GRANDE ZONA 4,814,DU06,SECTOR 08,,
188,CERRO GRANDE ZONA 7,TEGUCIGALPA,8,R-3,,,,,,,
189,CERRO GRANDE ZONA 8,TEGUCIGALPA,8,R4,523,COLONIA CERRO GRANDE ZONA 8 I ETAPA,840,DU06,SECTOR 08,,
190,"CERRO GRANDE, ZONA 1",TEGUCIGALPA,8,R1,,,,,,,
191,"CERRO GRANDE, ZONA 3",TEGUCIGALPA,8,R4,519,COLONIA CERRO GRANDE ZONA 3,813,DU06,SECTOR 08,,
84,CERRO JUANA LAINEZ,COMAYAGÜELA,5,AR,494,CERRO JUANA LAINEZ,508,DU02,SECTOR 05,,
498,CHALET FRANCES,TEGUCIGALPA,17,R1,87,CHALET FRANCES SAN IGNACIO,1825,DU02,SECTOR 17,,
499,CHALET SUIZO,TEGUCIGALPA,17,R1,,,,,,,
991,CIUDAD ESPAÑA,TEGUCIGALPA,41,R3,,,,,,,
1010,CIUDAD ESPERANZA / EXP -6500-15 / 4251-15,TEGUCIGALPA,56,R4,,,,,,,
609,CIUDAD JARDIN,TEGUCIGALPA,20,R3,,,,,,,
344,CIUDAD LEMPIRA,COMAYAGÜELA,13,R4,73,RESIDENCIAL CIUDAD LEMPIRA I ETAPA,1362,DU11,SECTOR 13,,
345,CIUDAD LEMPIRA II ETAPA,COMAYAGÜELA,13,R3,73,RESIDENCIAL CIUDAD LEMPIRA I ETAPA,1362,DU11,SECTOR 13,,
800,CIUDAD NUEVA,COMAYAGÜELA,24,R1,,,,,,,
977,CIUDAD TÉCNOLÓGICA ROSA DE LOBO (ALCAZAR DEL SUR),TEGUCIGALPA,35,R3,,,,,,,
126,COFRADIA,COMAYAGÜELA,7,R3,808,COLONIA COFRADIA,743,DU05,SECTOR 07,,
447,COL 13 DE JULIO,TEGUCIGALPA,16,R3,719,COLONIA 13 DE JULIO,1615,DU02,SECTOR 16,,
346,COL 14 DE ENERO,COMAYAGÜELA,13,R3,616,COLONIA 14 DE ENERO,0,DU11,SECTOR 13,,
653,COL 14 DE MARZO,TEGUCIGALPA,21,R3,251,COLONIA 14 DE MARZO,2108,DU03,SECTOR 21,,
347,COL 19 DE SEPTIEMBRE,COMAYAGÜELA,13,R4,66,COLONIA   19 DE SEPTIEMBRE,1306,DU11,SECTOR 13,,
348,COL 1ERO DE DICIEMBRE,COMAYAGÜELA,13,R4,624,COLONIA PRIMERO DE DICIEMBRE,1379,DU05,SECTOR 13,,
349,COL 23 DE JUNIO,COMAYAGÜELA,13,R4,650,COLONIA   23 DE JUNIO,1315,DU11,SECTOR 13,,
350,COL 25 DE ENERO,COMAYAGÜELA,13,R4,83,COLONIA 25 DE ENERO,1381,DU11,SECTOR 13,,
448,COL 28 DE MARZO,TEGUCIGALPA,16,R4,726,COLONIA 28 DE MARZO,1619,DU02,SECTOR 16,,
127,COL 3 DE MAYO,COMAYAGÜELA,7,R3,796,COLONIA 3 DE MAYO,744,DU06,SECTOR 07,,
578,COL DE LA JOYA,TEGUCIGALPA,19,R3,,,,,,,
251,COL EL TRIANGULO,TEGUCIGALPA,10,R1,585,COLONIA EL TRIANGULO,1013,DU02,SECTOR 10,,
742,COL GODOY,TEGUCIGALPA,23,R2,,,,,,,
610,COL GUAYMURA,TEGUCIGALPA,20,R4,,,,,,,
351,COL IBERIA,COMAYAGÜELA,13,R4,629,COLONIA IBERIA,767,DU05,SECTOR 07,,
449,COL IZAGUIRRE,TEGUCIGALPA,16,R4,728,COLONIA IZAGUIRRE,1612,DU02,SECTOR 16,,
656,COL LA CANADA,TEGUCIGALPA,21,R3,,,,,,,
450,COL LA ESPERANZA,TEGUCIGALPA,16,R4,727,COLONIA LA ESPERANZA,1613,DU02,SECTOR 16,,
576,COL LA JOYA,TEGUCIGALPA,19,R4,,,,,,,
657,COL LA PEÑA,TEGUCIGALPA,21,R4,,,,,,,
451,COL LA TRINIDAD,TEGUCIGALPA,16,R3,711,COLONIA LA TRINIDAD,1603,DU08,SECTOR 16,,
21,COL LOMAS DEL BOSQUE,TEGUCIGALPA,2,R3,819,COLONIA LOMAS DEL BOSQUE,829,DU07,SECTOR 08,,
252,COL LOMAS DEL GUIJARRO,TEGUCIGALPA,10,R1,593,COLONIA LOMAS DEL GUIJARRO,1006,DU02,SECTOR 10,,
128,COL MELGAR,COMAYAGÜELA,7,R4,773,COLONIA MELGAR,706,DU06,SECTOR 07,,
577,COL NORA DE MELGAR S/A,TEGUCIGALPA,19,R3,,,,,,,
213,COL NUEVA SANTA ROSA,TEGUCIGALPA,9,R4,552,COLONIA NUEVA SANTA ROSA,928,DU07,SECTOR 09,,
292,COL NUEVO AMANECER,COMAYAGÜELA,12,R3,29,COLONIA NUEVO AMANECER,1217,DU04,SECTOR 12,,
842,COL NUEVOS HORIZONTES,COMAYAGÜELA,25,R3,,,,,,,
293,COL OSCAR CASTRO,COMAYAGÜELA,12,R4,28,COLONIA OSCAR CASTRO TEJADA,1236,DU04,SECTOR 12,,
64,COL PARCALTAGUA,TEGUCIGALPA,4,D1,481,BARRIO PARCALTAGUA,417,DU02,SECTOR 04,,
274,COL PEREZ,COMAYAGÜELA,11,R1,607,COLONIA PEREZ,1108,DU02,SECTOR 11,,
654,COL POPULAR NUM 1 COMAYAGUELA,TEGUCIGALPA,21,R3,,,,,,,
706,COL PROVIDENCIA,COMAYAGÜELA,22,R3,,,,,,,
500,COL RUBEN ANTUNEZ,TEGUCIGALPA,17,R2,88,COLONIA RUBEN ANTUNEZ,1707,DU02,SECTOR 17,,
129,COL SAN CRISTOBAL,COMAYAGÜELA,7,R4,806,COLONIA SAN CRISTOBAL,735,DU05,SECTOR 07,,
655,COL SAN JOSE DEL PEDREGAL,TEGUCIGALPA,21,R3,,,,,,,
352,COL SANTA EDUVIGES,COMAYAGÜELA,13,R4,62,COLONIA SANTA EDUVIGES,1308,DU11,SECTOR 13,,
611,COL SANTA ISABEL(RECIBE NOMBRE PALMAS),TEGUCIGALPA,20,R3,,,,,,,
707,COL SATELITE,TEGUCIGALPA,22,R2,,,,,,,
843,COL SMITH,COMAYAGÜELA,25,R4,,,,,,,
844,COL SMITH NUM 2,COMAYAGÜELA,25,R4,,,,,,,
253,COL TEPEYAC,TEGUCIGALPA,10,R1,592,COLONIA TEPEYAC,1005,DU02,SECTOR 10,,
353,COL VENEZUELA,COMAYAGÜELA,13,R3,611,COLONIA VENEZUELA,1210,DU11,SECTOR 13,,
743,COL. AMERICA,TEGUCIGALPA,23,R2,,,,,,,
294,COL. MARIA CRISTINA,COMAYAGÜELA,12,R4,40,COLONIA MARIA CRISTINA,1203,DU04,SECTOR 12,,
254,COL. PAYAQUI,TEGUCIGALPA,10,R1,595,COLONIA PAYAQUI,1012,DU02,SECTOR 10,,
354,COLINA DE MAYANGLE,COMAYAGÜELA,13,R2,468,COLINAS DEL MAYANGLE,762,DU05,SECTOR 07,,
845,COLONIA BERLIN,COMAYAGÜELA,25,R3,,,,,,,
452,COLONIA ESTADOS UNIDOS,TEGUCIGALPA,16,R4,710,COLONIA ESTADOS UNIDOS,1601,DU08,SECTOR 16,,
453,COLONIA NUEVA EDEN,TEGUCIGALPA,16,R3,723,COLONIA NUEVO EDEN,1640,DU02,SECTOR 16,,
846,COLONIA SIN IDENTIFOCAR,COMAYAGÜELA,25,R3,,,,,,,
355,COLUMBUS STALDI,COMAYAGÜELA,13,R3,941,COLONIA NUEVA PROVIDENCIA,2531,DU11,SECTOR 25,,
454,COMPLEJO  INDUSTRIAL SAN MIGUEL 1,TEGUCIGALPA,16,ZI,851,COMPLEJO INDUSTRIAL SAN MIGUEL,0,DU07,SECTOR 16,,
275,COMPLEJO HABITACIONAL LA HUMUYA (CONDOMINIO HORIZONTAL),COMAYAGÜELA,11,R3,601,COLONIA HUMUYA,1101,DU02,SECTOR 11,,
455,COMPLEJO INDUSTRIAL SAN MIGUEL 2,TEGUCIGALPA,16,ZI,851,COMPLEJO INDUSTRIAL SAN MIGUEL,0,DU07,SECTOR 16,,
658,COMUNIDAD SOCIAL,TEGUCIGALPA,21,R3,,,,,,,
98,CONCEPCION,COMAYAGÜELA,6,CH,502,BARRIO CONCEPCION,606,DU01,SECTOR 06,,
978,CONCEPCION II ETAPA,TEGUCIGALPA,35,R3,,,,,,,
501,CONDOMINIOS EL MIRADOR,TEGUCIGALPA,17,R4,675,CONDOMINIOS  EL MIRADOR,0,DU02,SECTOR 17,,
744,CONDOMINIOS TONCONTIN,TEGUCIGALPA,23,R3,,,,,,,
44,CONDOMINIOS VIERA,TEGUCIGALPA,3,R1,18,CONDOMINIOS VIERA,316,DU07,SECTOR 03,,
295,CONTADOR,COMAYAGÜELA,12,R4,,,,,,,
847,CONTINENTAL,COMAYAGÜELA,25,R3,,,,,,,
356,COUNTRY CLUB,COMAYAGÜELA,13,R2,,,,,,,
540,COVESPUL,TEGUCIGALPA,18,R4,,,,,,,
659,COVIDEPROL / LA ROMA,TEGUCIGALPA,21,R3,,,,,,,
357,CRISTOBAL DIAZ,COMAYAGÜELA,13,R3,640,COLONIA CRISTOBAL DIAZ,1341,DU05,SECTOR 13,,
255,CRUZ LARGA,TEGUCIGALPA,10,D1,597,COLONIA CRUZ LARGA,1027,DU02,SECTOR 10,,
895,CRUZ ROJA,TEGUCIGALPA,27,R4,,,,,,,
358,DAVID BETANCOURTH,COMAYAGÜELA,13,R3,78,COLONIA DAVID BETANCOURHT,1371,DU11,SECTOR 13,,
612,DIOS PROVEERA,TEGUCIGALPA,20,R4,,,,,,,
359,DIVANNA,COMAYAGÜELA,13,R4,641,COLONIA DIVANNA,1343,DU05,SECTOR 13,,
992,DIVINA PROVIDENCIA,TEGUCIGALPA,41,R3,,,,,,,
130,DULCE NOMBRE DE JESUS,COMAYAGÜELA,7,R3,,,,,,,
131,EL BERRINCHE (PLANES),TEGUCIGALPA,7,R3,758,COLONIA SOTO O PLANES DEL BERRINCHE,730,DU06,SECTOR 07,,
22,EL BOSQUE,TEGUCIGALPA,2,R3,4,BARRIO EL BOSQUE,202,DU07,,,
99,EL CALVARIO,COMAYAGÜELA,6,CH/R4,507,BARRIO EL CALVARIO,609,DU05,SECTOR 06,,
86,EL CARMELO,TEGUCIGALPA,5,D3,,,,,,,
431,EL CARPINTERO,TEGUCIGALPA,15,HATILLO,658,CARPINTERO,1508,DU07,SECTOR 15,,
708,EL CARRIZAL,,22,R3,,,,,,,
132,EL CARRIZAL NO.2,COMAYAGÜELA,7,R3,775,COLONIA EL CARRIZAL,716,DU06,SECTOR 07,,
848,EL CARRIZAL NO.2,COMAYAGÜELA,25,R3,,,,,,,
849,EL CARRIZAL ZONA 3,COMAYAGÜELA,25,R3,,,,,,,
850,EL CARRIZAL ZONA 4,COMAYAGÜELA,25,R3,,,,,,,
65,EL CASTAÑO (LOS CASTANOS),TEGUCIGALPA,4,R1,486,COLONIA LOS CASTAÑOS,401,DU02,SECTOR 04,,
100,EL CENTRO (COMAYAGUELA),COMAYAGÜELA,6,CH,498,BARRIO CENTRO DE COMAYAGUELA,617,DU01,SECTOR 06,,
133,EL CHILE,TEGUCIGALPA,7,R3,755,BARRIO CHILE,732,DU06,SECTOR 07,,
214,EL CHIMBO,TEGUCIGALPA,9,R3,536,ALDEA  EL CHIMBO,9996,DU07,SECTOR 09,,
709,EL COCO,COMAYAGÜELA,22,R3,,,,,,,
579,EL DORADO,TEGUCIGALPA,19,R2,,,,,,,
745,EL DORAL CON EXP 5640-11,TEGUCIGALPA,23,R2,,,,,,,
23,EL EDEN,TEGUCIGALPA,2,R3,11,BARRIO EL EDEN,204,DU07,,,
360,EL EDEN NO 1,COMAYAGÜELA,13,R3,59,COLONIA EL EDEN,1309,DU11,SECTOR 13,,
801,EL ESTIQUIRIN,COMAYAGÜELA,24,R4,,,,,,,
432,EL HATILLO,TEGUCIGALPA,15,HATILLO,539,ALDEA EL HATILLO,1509,DU07,SECTOR 15,,
580,EL HOGAR,TEGUCIGALPA,19,R2,,,,,,,
940,EL INFIERNITO,TEGUCIGALPA,29,R3,,,,,,,
192,EL JAPON,TEGUCIGALPA,8,R3,527,COLONIA EL JAPON,819,DU07,SECTOR 08,,
3,EL JASMIN,TEGUCIGALPA,1,CH,15,BARRIO EL JAZMIN,104,DU01,,,
419,EL LOLO,COMAYAGÜELA,14,R3,841,CASERIO EL LOLO,1403,DU06,SECTOR 14,,
45,EL MANCHEN,TEGUCIGALPA,3,R3,470,BARRIO EL MANCHEN,303,DU07,SECTOR 03,,
456,EL MOLINO 16,TEGUCIGALPA,16,R3,,,,,,,
660,EL MOLINO 21,TEGUCIGALPA,21,R3,,,,,,,
457,EL MOLINON,TEGUCIGALPA,16,R4,713,RESIDENCIAL EL MOLINON,1644,DU08,SECTOR 16,,
4,EL OLVIDO,TEGUCIGALPA,1,CH,17,BARRIO EL OLVIDO,105,DU01,,,
134,EL PASTEL,COMAYAGÜELA,7,R3,802,BARRIO EL PASTEL,739,DU06,SECTOR 07,,
851,EL PEDERNAL,COMAYAGÜELA,25,R3,,,,,,,
215,EL PILIGUÍN (COLONIA EL TRIGO),TEGUCIGALPA,9,HATILLO,538,EL TRIGO,940,DU07,SECTOR 09,,
420,EL PORTILLO 14,TEGUCIGALPA,14,R3,843,CASERIO EL PORTILLO,1405,DU06,SECTOR 14,,
917,EL PORTILLO 28,TEGUCIGALPA,28,R3,,,,,,,
135,EL PORVENIR,TEGUCIGALPA,7,R3,756,COLONIA  EL PORVENIR,731,DU06,SECTOR 07,,
361,EL PROGRESO # 1,COMAYAGÜELA,13,R3,643,COLONIA EL PROGRESO I,1384,DU05,SECTOR 13,,
216,EL REPARTO,TEGUCIGALPA,9,R3,547,COLONIA EL REPARTO,902,DU07,SECTOR 09,,
362,EL RETIRO,COMAYAGÜELA,13,R4,60,COLONIA EL RETIRO,1350,DU11,SECTOR 13,,
217,EL RINCON,TEGUCIGALPA,9,R3/HATILLO,571,COLONIA LA LEONA DEL RINCON,941,DU07,SECTOR 09,,
136,EL ROSARIO,COMAYAGÜELA,7,R3,770,COLONIA ROSARIO,713,DU05,SECTOR 07,,
746,EL SAUCE,TEGUCIGALPA,23,R3,,,,,,,
941,EL SITIO,TEGUCIGALPA,29,R3,,,,,,,
942,EL SITIO ARRIBA,TEGUCIGALPA,29,R3,,,,,,,
943,EL SITIO/98,TEGUCIGALPA,29,R4,,,,,,,
101,EL SOCORRO,COMAYAGÜELA,6,R3,817,COLONIA  EL SOCORRO,608,DU05,SECTOR 06,,
993,EL STIBYS / ECO URBANIZACIONES,TEGUCIGALPA,41,UR/R4,,,,,,,
884,EL TABLON,TEGUCIGALPA,26,R4,,,,,,,
296,EL TREBOL,COMAYAGÜELA,12,R2,45,COLONIA EL TREBOL,1231,DU04,SECTOR 12,,
218,EL TRIGO,TEGUCIGALPA,9,HATILLO,538,EL TRIGO,940,DU07,SECTOR 09,,
541,EL ZANCUDO,TEGUCIGALPA,18,R3,,,,,,,
852,ELECTROCENTRO,COMAYAGÜELA,25,R3,,,,,,,
276,ELVEL,TEGUCIGALPA/ COMAYAGUELA,11,R2,604,COLONIA  ELVEL,1107,DU02,SECTOR 11,,
363,EMBALSE DE LA REPRESA LAURELES,COMAYAGÜELA,13,AR,998,REPRESA LOS LAURELES,0,,SECTOR 24,,
896,ENMANUEL,TEGUCIGALPA,27,R3,,,,,,,
433,ENTRE PINOS,TEGUCIGALPA,15,HATILLO,664,RESIDENCIAL ENTREPINOS 1,1515,DU07,SECTOR 15,,
581,EQUIPAMIENTO GUBERNAMENTAL,TEGUCIGALPA,19,G,,,,,,,
944,ERA #1,TEGUCIGALPA,29,R3,,,,,,,
945,ERA #1,TEGUCIGALPA,29,R3,,,,,,,
661,ERENDIDA (LAS VEGAS),TEGUCIGALPA,21,R4,,,,,,,
364,ESPIRITU SANTO,COMAYAGÜELA,13,R3,613,COLONIA ESPIRITU SANTO,1327,DU05,SECTOR 13,,
87,ESTADIO NACIONAL,COMAYAGÜELA,5,AR,685,ESTADIO NACIONAL,0,DU02,SECTOR 05,,
193,ESTRELLA,TEGUCIGALPA,8,R3,820,BARRIO LA ESTRELLA,806,DU07,SECTOR 08,,
662,FABRICA TEXTILES RIO LINDO,TEGUCIGALPA,21,ZI,,,,,,,
710,FABRICA TEXTILES RIO LINDO,COMAYAGÜELA,22,ZI,,,,,,,
365,FATIMA NRO. 1,COMAYAGÜELA,13,R3,55,COLONIA FATIMA,1316,DU11,SECTOR 13,,
366,FATIMA NRO. 2,COMAYAGÜELA,13,R3,55,COLONIA FATIMA,1316,DU11,SECTOR 13,,
946,FEHCOVIL,TEGUCIGALPA,29,R3,,,,,,,
219,FERNANDO,TEGUCIGALPA,9,R3,478,COLONIA FERNANDO CALDERON,0,DU07,SECTOR 09,,
66,FINCA VALLADARES,TEGUCIGALPA,4,R1,,,,,,,
5,FINLAY,TEGUCIGALPA,1,CH,464,BARRIO LA RONDA,111,DU01,,,
137,FLOR # 1,COMAYAGÜELA,7,R3,788,COLONIA FLOR No. 1,725,DU06,SECTOR 07,,
138,FLOR # 2,COMAYAGÜELA,7,R3,805,COLONIA FLOR No. 2,741,DU06,SECTOR 07,,
802,FLOR DEL CAMPO (LAS DELICIAS),COMAYAGÜELA,24,R3,,,,,,,
502,FLORENCIA NORTE,TEGUCIGALPA,17,R1,667,COLONIA FLORENCIA NORTE,1702,DU02,SECTOR 17,,
503,FLORENCIA OESTE,TEGUCIGALPA,17,R1,666,COLONIA FLORENCIA OESTE,1704,DU02,SECTOR 17,,
504,FLORENCIA SUR,TEGUCIGALPA,17,R1-R2,86,COLONIA FLORENCIA SUR,1703,DU02,SECTOR 17,,
897,FLORENTINOS,TEGUCIGALPA,27,R3,,,,,,,
947,FLORES DE ORIENTE,TEGUCIGALPA,29,R3,,,,,,,
194,FLORESTA DEL PICACHO,TEGUCIGALPA,8,HATILLO,533,RESIDENCIAL FLORESTA DEL PICACHO,842,DU07,SECTOR 08,,
853,FRANCISCO MORAZAN,COMAYAGÜELA,25,R4,,,,,,,
711,FRANCISCO MURILLO SOTO,COMAYAGÜELA,22,R3,,,,,,,
67,FRATERNIDAD,TEGUCIGALPA,4,R3,559,COLONIA LA FRATERNIDAD,905,DU02,SECTOR 09,,
139,FRATERNIDAD PESPIRENSE,COMAYAGÜELA,7,R4,846,COLONIA FRATERNIDAD PESPIRENSE,0,DU06,SECTOR 07,,
367,FUENTE DE VIDA (NUEVA ALDEA),COMAYAGÜELA,13,R3,648,COLONIA LA FUENTE I  ETAPA,1345,DU11,SECTOR 13,,
140,FUERZAS ARMADAS,COMAYAGÜELA,7,R3,792,COLONIA FUERZAS ARMADAS,768,DU05,SECTOR 07,,
854,FUERZAS UNIDAS,COMAYAGÜELA,25,R3,,,,,,,
855,GENERACION 2000,COMAYAGÜELA,25,R3,,,,,,,
898,"GERMANIA (CASERIOS GERMANIA, LOS JUTES Y PASO ANCH",TEGUCIGALPA,27,SECTOR 27,,,,,,,
220,GIRASOLES,TEGUCIGALPA,9,R3,558,COLONIA GIRASOLES,908,DU07,SECTOR 09,,
542,GLORIA A DIOS,TEGUCIGALPA,18,R4,,,,,,,
856,GRACIAS A DIOS,COMAYAGÜELA,25,R3,,,,,,,
434,GRAN MIRADOR,TEGUCIGALPA,15,R1,816,EL GRAN MIRADOR,0,DU07,SECTOR 15,,
141,GRANADA,COMAYAGÜELA,7,R3,764,COLONIA  GRANADA,705,DU05,SECTOR 07,,
297,GUACERIQUE,COMAYAGÜELA,12,R3,600,BARRIO GUACERIQUE,1202,DU04,SECTOR 12,,
88,GUADALUPE,COMAYAGÜELA,5,D3,491,BARRIO LA GUADALUPE,507,DU02,SECTOR 05,,
6,GUAJOCO,TEGUCIGALPA,1,CH,459,BARRIO GUAJOCO,121,DU01,,,
142,GUAMILITO,COMAYAGÜELA,7,R4,760,COLONIA GUAMILITO,755,DU06,SECTOR 07,,
7,GUANACASTE,TEGUCIGALPA,1,CH,20,BARRIO GUANACASTE,106,DU07,,,
221,GUILLEN,TEGUCIGALPA,9,R3,548,COLONIA GUILLEN,906,DU07,SECTOR 09,,
857,GUZMAN,COMAYAGÜELA,25,R3,,,,,,,
458,HACIENDA EL MOLINO,TEGUCIGALPA,16,R3,,,,,,,
505,HACIENDA EL TRAPICHE,TEGUCIGALPA,17,R1,90,RESIDENCIAL EL TRAPICHE,1726,DU02,SECTOR 17,,
506,HACIENDA HATO DE EN MEDIO,TEGUCIGALPA,17,R1,141,COLONIA HATO DE ENMEDIO SECTOR 1,1801,DU02,SECTOR 18,,
984,HACIENDA REAL I ETAPA,TEGUCIGALPA,36,R3,,,,,,,
985,HACIENDA REAL II ETAPA PARTE - A - Y PARTE -B-,TEGUCIGALPA,36,R3,,,,,,,
613,HAMBURGO 20,TEGUCIGALPA,20,R3,,,,,,,
885,HAMBURGO 26,TEGUCIGALPA,26,R3,,,,,,,
435,HATILLO,TEGUCIGALPA,15,HATILLO/ R3,539,ALDEA EL HATILLO,1509,DU07,SECTOR 15,,
543,HATO DE EN MEDIO FOSOVI,TEGUCIGALPA,18,R4,,,,,,,
544,HATO O SAN IGNACIO,TEGUCIGALPA,18,R1,,,,,,,
803,HENRY MERRIAN,COMAYAGÜELA,24,R3,,,,,,,
368,HOLLIWOOD,COMAYAGÜELA,13,R3,648,COLONIA LA FUENTE I  ETAPA,1345,DU11,SECTOR 13,,
614,HONDURAS,TEGUCIGALPA,20,R4,,,,,,,
277,HUMUYA,COMAYAGÜELA,11,R3,601,COLONIA HUMUYA,1101,DU02,SECTOR 11,,
143,IBERIA,COMAYAGÜELA,7,R3,629,COLONIA IBERIA,767,DU05,SECTOR 07,,
1023,"ILAMAPA, CIUDAD SATELITE",TEGUCIGALPA,46/4 7,R4,,,,,,,
144,INDEPENDENCIA,COMAYAGÜELA,7,R4,795,COLONIA LA INDEPENDENCIA,723,DU05,SECTOR 07,,
222,INDEPENDENCIA PORTILLO,TEGUCIGALPA,9,R3,,,,,,,
804,INESTROZA,TEGUCIGALPA/ COMAYAGÜELA,24,R3,,,,,,,
369,INSTALACIONES DEL SANAA,COMAYAGÜELA,13,R3,119,PLANTEL SANAA,0,DU03,SECTOR 21,,
370,INTERAMERICANA,COMAYAGÜELA,13,R2,634,COLONIA INTERAMERICANA,1332,DU05,SECTOR 13,,
371,ISRAEL,COMAYAGÜELA,13,R4,,,,,,,
372,ISRAEL NORTE,COMAYAGÜELA,13,R4,652,COLONIA  ISRAEL NORTE,1314,DU11,SECTOR 13,,
373,ISRAEL SUR,COMAYAGÜELA,13,R4,53,COLONIA ISRAEL SUR,1313,DU11,SECTOR 13,,
886,JACALEAPA (CASERIO EL JICARO),TEGUCIGALPA,26,R3,,,,,,,
899,JACALEAPA (LA CIENEGA),TEGUCIGALPA,27,R3,,,,,,,
46,JACARANDA,TEGUCIGALPA,3,R3,469,COLONA LAS JACARANDAS,310,DU07,SECTOR 03,,
223,JARDIN,TEGUCIGALPA,9,R3-R4,565,RESIDENCIAL EL JARDIN,937,DU07,SECTOR 09,,
47,JARDIN DE CASAMATA,TEGUCIGALPA,3,R3,19,BARRIO CASAMATA,302,DU07,SECTOR 03,,
48,JARDIN LAS COLINAS,TEGUCIGALPA,3,R3,471,COLONIA JARDINES LAS COLINAS,308,DU07,SECTOR 03,,
49,JARDIN LAS COLINAS,TEGUCIGALPA,3,R3,471,COLONIA JARDINES LAS COLINAS,308,DU07,SECTOR 03,,
68,JARDIN NORMA,TEGUCIGALPA,4,R1,473,COLONIA JARDIN NORMA,430,DU02,SECTOR 04,,
50,JARDIN SANTA ROSA,TEGUCIGALPA,3,R3,22,COLONIA JARDIN SANTA ROSA,306,DU07,SECTOR 03,,
69,JARDIN SONIA,TEGUCIGALPA,4,R1,,,,,,,
663,JARDINES DE LOARQUE,TEGUCIGALPA,21,R2,,,,,,,
747,JARDINES DE LOARQUE,TEGUCIGALPA,23,R2,,,,,,,
582,JARDINES DE MIRAFLORES,TEGUCIGALPA,19,R2,,,,,,,
712,JARDINES DE SAN JOSE,COMAYAGÜELA,22,R3,,,,,,,
713,JARDINES DE TONCONTIN,COMAYAGÜELA,22,R3,,,,,,,
805,JARDINES DE TONCONTIN,COMAYAGÜELA,24,R3,,,,,,,
858,JARDINES DEL CARRIZAL,COMAYAGÜELA,25,R4,,,,,,,
859,JARDINES DEL NORTE,COMAYAGÜELA,25,R3,,,,,,,
664,JESUS AGUILAR PAZ / OROPEL,TEGUCIGALPA,21,R3,,,,,,,
860,JOSE A DUARTE,COMAYAGÜELA,25,R4,,,,,,,
861,JOSE ANGEL ULLOA,COMAYAGÜELA,25,R4,,,,,,,
862,JOSE ARTURO DUARTE,COMAYAGÜELA,25,R3,,,,,,,
615,JOSE ROBERTO MOLINA MURILLO FONEDOR,TEGUCIGALPA,20,R3,,,,,,,
224,JOSE SIMON AZCONA,TEGUCIGALPA,9,R3,549,COLONIA JOSE SIMON AZCONA,948,DU07,SECTOR 09,,
583,"JOYAS DEL DORADO EXP. 1649-13, 4326-13",TEGUCIGALPA,19,R3,,,,,,,
102,JUAN LINDO,COMAYAGÜELA,6,R3,516,COLONIA JUAN LINDO,0,DU05,SECTOR 06,,
616,KENNEDY FOSOVI,TEGUCIGALPA,20,R3,,,,,,,
617,KENNEDY NORTE,TEGUCIGALPA,20,R4,,,,,,,
24,LA ALAMBRA,TEGUCIGALPA,2,R2,9,COLONIA ALAHAMBRA,210,DU01,,,
986,LA ARBOLEDA,TEGUCIGALPA,36,R4,,,,,,,
256,LA AURORA,TEGUCIGALPA,10,R1,588,COLONIA LA AURORA,1004,DU02,SECTOR 10,,
459,LA AURORA,TEGUCIGALPA,16,R3,,,,,,,
949,LA AURORA,TEGUCIGALPA,29,R3,,,,,,,
298,LA BOLSA,COMAYAGÜELA,12,R3,505,BARRIO LA BOLSA,1201,DU04,SECTOR 12,,
806,LA BURRERA,COMAYAGÜELA,24,R3,,,,,,,
25,LA CABAÑA,TEGUCIGALPA,2,CH/R2,460,BARRIO LA CABAÑA,203,DU07,,,
70,LA CAMPAÑA,TEGUCIGALPA,4,R1,474,COLONIA LA CAMPA√ëA,410,DU02,SECTOR 04,,
665,LA CAÑADA,TEGUCIGALPA,21,R4,,,,,,,
807,LA CAÑADA,COMAYAGÜELA,24,R3,,,,,,,
103,LA CHIVERA,COMAYAGÜELA,6,R3,499,BARRIO LA CHIVERA,611,DU06,SECTOR 06,,
145,LA CIDRA,COMAYAGÜELA,7,R3,,,,,,,
666,LA CIENEGA,TEGUCIGALPA,21,R3,,,,,,,
918,LA CONCEPCION,TEGUCIGALPA,28,R3,,,,,,,
8,LA CONCORDIA,TEGUCIGALPA,1,CH,7,BARRIO LA CONCORDIA,219,DU01,,,
51,LA CRUZ,TEGUCIGALPA,3,R3,468,COLONIA VIERA,301,DU07,SECTOR 03,,
421,LA CUESTA,COMAYAGÜELA,14,R3,,,,,,,
422,LA CUESTA No. 2 (CASERIO EL DURAZNO),COMAYAGÜELA,14,R3,844,ALDEA LA CUESTA No. 2,1407,DU06,SECTOR 14,,
423,"LA CUESTA NO. 2 (CASERIO EL LOLO, LA CUESTA No. 2)",COMAYAGÜELA,14,R3,844,ALDEA LA CUESTA No. 2,1407,DU06,SECTOR 14,,
257,LA CUMBRE,TEGUCIGALPA,10,R1,581,RESIDENCIAL LA CUMBRE,1007,DU02,SECTOR 10,,
374,LA ENTRADA CENTROAMERICA,COMAYAGÜELA,13,R4,,,,,,,
460,LA ERA N1,TEGUCIGALPA,16,R3,,,,,,,
146,LA ESPERANZA,COMAYAGÜELA,7,R3,769,BARRIO LA ESPERANZA,712,DU05,SECTOR 07,,
375,LA FATIMA,COMAYAGÜELA,13,R4,55,COLONIA FATIMA,1316,DU11,SECTOR 13,,
195,LA FINCA,TEGUCIGALPA,8,R3,,,,,,,
225,LA FLORIDA,TEGUCIGALPA,9,R4,568,RESIDENCIAL FLORIDA I ETAPA,945,DU07,SECTOR 09,,
26,LA FUENTE,TEGUCIGALPA,2,CH,8,BARRIO LA FUENTE,213,DU01,,,
376,LA FUENTE,COMAYAGÜELA,13,R3,648,COLONIA LA FUENTE I  ETAPA,1345,DU11,SECTOR 13,,
377,LA FUENTE No 2,COMAYAGÜELA,13,R4,648,COLONIA LA FUENTE I  ETAPA,1345,DU11,SECTOR 13,,
748,LA GRAN VILLA,TEGUCIGALPA,23,R2,,,,,,,
299,LA GRANJA,COMAYAGÜELA,12,R1,612,BARRIO LA GRANJA,1213,DU04,SECTOR 12,,
507,LA HACIENDA,TEGUCIGALPA,17,R1,682,RESIDENCIAL LA HACIENDA,1723,DU02,SECTOR 17,,
147,LA HAYA,COMAYAGÜELA,7,R3,763,COLONIA LA HAYA,704,DU05,SECTOR 07,,
9,LA HOYA,TEGUCIGALPA,1,CH,463,BARRIO LA HOYA,108,DU01,,,
89,LA HOYA,TEGUCIGALPA,5,D3,489,COLONIA LA HOYA,427,DU02,SECTOR 04,,
378,LA HUERTA,COMAYAGÜELA,13,R3,314,COLONIA LA HUERTA,0,DU11,SECTOR 13,,
226,LA JOYA,TEGUCIGALPA,9,R3,567,COLONIA LA JOYA,907,DU07,SECTOR 09,,
584,LA JOYA FOSOVI,TEGUCIGALPA,19,R3,,,,,,,
148,LA LAGUNA,COMAYAGÜELA,7,R3,790,COLONIA LA LAGUNA,721,DU05,SECTOR 07,,
27,LA LEONA,TEGUCIGALPA,2,CH,12,BARRIO LA LEONA,209,DU01,,,
28,LA LEONA DEL RINCON,TEGUCIGALPA,2,R4,571,LA LEONA DEL RINCON,941,DU07,Sector09,,
227,LA LEONA DEL RINCON,TEGUCIGALPA,9,R3,571,COLONIA LA LEONA DEL RINCON,941,DU07,SECTOR 09,,
545,LA LIBERTAD(SECTOR VILLANUEVA SUYAPA),TEGUCIGALPA,18,R3,,,,,,,
919,LA LIMA,TEGUCIGALPA,28,R3,,,,,,,
461,LA LOMA,TEGUCIGALPA,16,R3,,,,,,,
10,LA MERCED,TEGUCIGALPA,1,CH,,,,,,,
11,LA MONCADA,TEGUCIGALPA,1,CH,,,,,,,
12,LA PEDRERA,TEGUCIGALPA,1,CH,,,,,,,
1000,LA PEDRERA,TEGUCIGALPA,54,R3,,,,,,,
13,LA PLAZUELA,TEGUCIGALPA,1,CH,,,,,,,
300,LA PRADERA,COMAYAGÜELA,12,R3,,,,,,,
808,LA PRADERA,COMAYAGÜELA,24,R3,,,,,,,
301,LA PRIMAVERA,COMAYAGÜELA,12,R1,,,,,,,
14,LA RONDA,TEGUCIGALPA,1,CH,,,,,,,
809,LA ROSA,COMAYAGÜELA,24,R4,,,,,,,
379,LA SOLEDAD,COMAYAGÜELA,13,R3,,,,,,,
863,LA SOLEDAD,COMAYAGÜELA,25,R3,,,,,,,
948,LA SOSA,TEGUCIGALPA,29,R5,,,,,,,
950,LA SOSA NORTE,TEGUCIGALPA,29,R3,,,,,,,
951,LA SOSA SUR,TEGUCIGALPA,29,R3,,,,,,,
149,LA SOTO,TEGUCIGALPA,7,R3,,,,,,,
228,LA TIGRA,TEGUCIGALPA,9,AR,,,,,,,
952,LA TRAVESIA,TEGUCIGALPA,29,R3,,,,,,,
462,LA UNION,TEGUCIGALPA,16,R3,712,COLONIA LA UNION,1605,DU08,SECTOR 16,,
104,LA ZOPILOTERA,COMAYAGÜELA,6,R3,465,BARRIO LA MERCED,109,DU01,,,
71,LARA,TEGUCIGALPA,4,R1,14,BARRIO LA MONCADA,115,DU01,,,
72,LARA NORTE,TEGUCIGALPA,4,R1,466,BARRIO LA PEDRERA,118,DU01,,,
864,LAS ACACIAS,COMAYAGÜELA,25,R3,,,,,,,
463,LAS ANONAS,TEGUCIGALPA,16,R1,16,BARRIO LA PLAZUELA,110,DU01,,,
508,LAS BEGONIAS SAN IGNACIO (CONDOMINIO HORIZONTAL),TEGUCIGALPA,17,R2,976,COLONIA LA PRADERA,2406,DU04,SECTOR 24,,
585,LAS BRISAS,COMAYAGÜELA,19,R3,,,,,,,
586,LAS BRISAS BETANIA,COMAYAGÜELA,19,R3,608,COLONIA LA PRIMAVERA,1220,DU04,SECTOR 12,,
29,LAS CANTERAS,TEGUCIGALPA,2,R3,464,BARRIO LA RONDA,111,DU01,,,
749,LAS CASITAS (CASERIO LAS CASITAS),TEGUCIGALPA,23,R3,,,,,,,
750,LAS CASITAS (COLONIA FELICIDAD),TEGUCIGALPA,23,R3,52,BARRIO LA SOLEDAD,1317,DU11,SECTOR 13,,
987,LAS CASITAS RESIDENCIAL,TEGUCIGALPA,36,R3,,,,,,,
587,LAS COLINAS,TEGUCIGALPA,19,R2,,,,,,,
150,LAS CRUCITAS,COMAYAGÜELA,7,R3,,,,,,,
196,LAS CRUCITAS,TEGUCIGALPA,8,HATILLO,,,,,,,
197,LAS CRUCITAS #2,TEGUCIGALPA,8,HATILLO,758,COLONIA SOTO O PLANES DEL BERRINCHE,730,DU06,SECTOR 07,,
30,LAS DELICIAS,TEGUCIGALPA,2,CH,,,,,,,
667,LAS GRANJITAS,TEGUCIGALPA,21,R3,,,,,,,
751,LAS HADAS,TEGUCIGALPA,23,R3,706,COLONIA LAS ANONAS,1639,DU07,SECTOR 16,,
752,LAS HADAS FECOVIL,TEGUCIGALPA,23,R3,,,,,,,
753,LAS HADAS SOGERIN,TEGUCIGALPA,23,R2,,,,,,,
229,LAS JOYAS,TEGUCIGALPA,9,R4,,,,,,,
979,LAS MARGARITAS,TEGUCIGALPA,35,R3,,,,,,,
258,LAS MARIAS,TEGUCIGALPA,10,R1,582,RESIDENCIAL LAS MARIAS,1031,DU02,SECTOR 10,,
151,LAS MERCEDES,COMAYAGÜELA,7,R4,807,COLONIA LAS MERCEDES,736,DU05,SECTOR 07,,
259,LAS MINITAS,TEGUCIGALPA,10,R1,589,COLONIA LAS MINITAS,1003,DU02,SECTOR 10,,
618,LAS PALMAS,TEGUCIGALPA,20,R3,,,,,,,
73,LAS PALOMAS,TEGUCIGALPA,4,R1,484,COLONIA LAS PALOMAS,411,DU02,SECTOR 04,,
152,LAS PAVAS,COMAYAGÜELA,7,R3,782,COLONIA LAS PAVAS,719,DU06,SECTOR 07,,
230,LAS PAVAS,TEGUCIGALPA,9,R4,,,,,,,
900,LAS PERLAS,TEGUCIGALPA,27,R3,,,,,,,
810,LAS TORRES,TEGUCIGALPA/ COMAYAGUELA,24,R3,,,,,,,
668,LAS VEGAS,TEGUCIGALPA,21,R3,,,,,,,
669,LAS VEGAS (FECESITLEH),TEGUCIGALPA,21,R3,,,,,,,
380,LAURELES REAL,COMAYAGÜELA,13,R3,67,RESIDENCIAL LAURELES REAL,1382,DU11,SECTOR 13,,
105,LEMPIRA,COMAYAGÜELA,6,CH/R4,508,BARRIO LEMPIRA,602,DU05,SECTOR 06,,
865,LINCOLN,COMAYAGÜELA,25,R3,,,,,,,
260,LINDA VISTA,TEGUCIGALPA,10,R1,584,COLONIA LINDA VISTA,1009,DU02,SECTOR 10,,
31,LINTON,TEGUCIGALPA,2,R3,818,COLONIA LINTON,225,DU07,,,
509,LIQUIDAMBAR,TEGUCIGALPA,17,R1/R2,,,,,,,
381,LIVERPOOL,COMAYAGÜELA,13,R3,945,COLONIA LIVERPOOL,0,DU05,SECTOR 25,,
754,LLANOS DEL POTRERO,TEGUCIGALPA,23,R2,,,,,,,
670,LOARQUE,TEGUCIGALPA,21,R3,,,,,,,
,LOARQUE,,,,,,,,,,
671,LOARQUE SUR,TEGUCIGALPA,21,R3,,,,,,,
261,LOMA ALTA,TEGUCIGALPA,10,R1,579,COLONIA LOMA ALTA,1026,DU02,SECTOR 10,,
278,LOMA LINDA NORTE,TEGUCIGALPA/ COMAYAGUELA,11,R1,605,COLONIA  LOMA LINDA NORTE,1109,DU02,SECTOR 11,,
279,LOMA LINDA SUR,TEGUCIGALPA/ COMAYAGUELA,11,R1,25,COLONIA  LOMA LINDA SUR,1110,DU02,SECTOR 11,,
672,LOMA SUR,TEGUCIGALPA,21,R3,,,,,,,
588,LOMA VERDE,TEGUCIGALPA,19,R3,,,,,,,
510,LOMAS DE CARRARA,TEGUCIGALPA,17,R3,,,,,,,
901,LOMAS DE GERMANIA,TEGUCIGALPA,27,R4,,,,,,,
619,LOMAS DE JACALEAPA,TEGUCIGALPA,20,R4,,,,,,,
464,LOMAS DE LA FLORIDA,TEGUCIGALPA,16,R4,708,RESIDENCIAL LOMAS DE LA FLORIDA,1648,DU02,SECTOR 16,,
589,LOMAS DE LA JOYA,TEGUCIGALPA,19,R3,,,,,,,
231,LOMAS DE LAS MINITAS,TEGUCIGALPA,9,R3,,,,,,,
673,LOMAS DE LOARQUE,TEGUCIGALPA,21,R3,,,,,,,
980,LOMAS DE MARIA AUXILIADORA,TEGUCIGALPA,35,R3,,,,,,,
590,LOMAS DE MIRAFLORES,TEGUCIGALPA,19,R2,,,,,,,
591,LOMAS DE MIRAFLORES SUR,TEGUCIGALPA,19,R3,,,,,,,
620,LOMAS DE SAN JOSE,TEGUCIGALPA,20,R3,,,,,,,
302,LOMAS DE TILOARQUE (PLAN DE LAS LOMAS),COMAYAGÜELA,12,R4,32,COLONIA LOMAS DE TILOARQUE ETAPA I,1208,DU04,SECTOR 12,,
303,LOMAS DE TILOARQUE ETAPA 1,COMAYAGÜELA,12,R3,32,COLONIA LOMAS DE TILOARQUE ETAPA I,1208,DU04,SECTOR 12,,
304,LOMAS DE TILOARQUE ETAPA 2,COMAYAGÜELA,12,R3,32,COLONIA LOMAS DE TILOARQUE ETAPA I,1208,DU04,SECTOR 12,,
920,LOMAS DE TONCONTIN,TEGUCIGALPA,28,R3,,,,,,,
32,LOMAS DEL BOSQUE,TEGUCIGALPA,2,R3,819,COLONIA LOMAS DEL BOSQUE,829,DU07,SECTOR 08,,
262,LOMAS DEL CASTAÑO,TEGUCIGALPA,10,R1,587,COLONIA LOMAS DELCASTAÑOS SUR,1018,DU02,SECTOR 10,,
263,LOMAS DEL CASTAÑO,TEGUCIGALPA,10,R1,587,COLONIA LOMAS DELCASTAÑOS SUR,1018,DU02,SECTOR 10,,
714,LOMAS DEL CORTIJO,COMAYAGÜELA,22,R3,,,,,,,
382,LOMAS DEL COUNTRY,COMAYAGÜELA,13,R2,637,COLONIA LOMAS DEL COUNTRY,1336,DU05,SECTOR 13,,
621,LOMAS DEL DORADO,TEGUCIGALPA,20,R4,,,,,,,
264,LOMAS DEL GUIJARRO,TEGUCIGALPA,10,R1,593,COLONIA LOMAS DEL GUIJARRO,1006,DU02,SECTOR 10,,
511,LOMAS DEL GUIJARRO SUR,TEGUCIGALPA,17,R1,,,,,,,
265,LOMAS DEL MAYAB,TEGUCIGALPA,10,R1,596,COLONIA LOMAS DEL MAYAB,1008,DU02,SECTOR 10,,
674,LOMAS DEL NAVOO,TEGUCIGALPA,21,R3,,,,,,,
866,LOMAS DEL NORTE,COMAYAGÜELA,25,R4,,,,,,,
921,LOMAS DEL PORTILLO,TEGUCIGALPA,28,R3,,,,,,,
465,LOMAS DEL PRADO NORTE,TEGUCIGALPA,16,R4,739,RESIDENCIAL LOMAS DEL PRADO NORTE,1646,DU08,SECTOR 16,,
266,LOS ALMENDROS,TEGUCIGALPA,10,R1,576,COLONIA LOS ALMENDROS,1010,DU02,SECTOR 10,,
675,LOS ALPES,TEGUCIGALPA,21,R3,,,,,,,
953,LOS ALPES DE,TEGUCIGALPA,29,R3,,,,,,,
867,LOS ANDES,COMAYAGÜELA,25,R3,,,,,,,
755,LOS ANGELES,TEGUCIGALPA,23,R1,,,,,,,
756,LOS ANGELES(CATESA),TEGUCIGALPA,23,R2,,,,,,,
15,LOS DOLORES,TEGUCIGALPA,1,CH,461,BARRIO LOS DOLORES,114,DU01,,,
676,LOS ENCUENTROS,TEGUCIGALPA,21,R3,,,,,,,
757,LOS ENSUEÑOS LLANOS DEL POTRERO (CIRCUITO CERRADO),TEGUCIGALPA,23,R2,,,,,,,
758,LOS EUCALIPTOS,TEGUCIGALPA,23,R4,,,,,,,
759,LOS HIDALGOS,TEGUCIGALPA,23,R3,,,,,,,
760,LOS HIDALGOS CIRCUITO 1 Y CIRCUITO 2,TEGUCIGALPA,23,R3,,,,,,,
546,LOS HIGUEROS,TEGUCIGALPA,18,R3,,,,,,,
902,LOS JUTES,TEGUCIGALPA,27,R4,,,,,,,
436,LOS JUTES (CASERIO LAS PILITAS),TEGUCIGALPA,15,HATILLO,,,,,,,
33,LOS MANGOS,TEGUCIGALPA,2,R3,1,COLONIA MIRAMESI,205,DU07,,Sub,"14.1161815, -87.2083478"
677,LOS MOLINOS IMPREMA / JOSE MARIA ANDRADE,TEGUCIGALPA,21,R4,,,,,,,
761,LOS PERIODISTAS,TEGUCIGALPA,23,R1,,,,,,,
622,LOS PINOS,TEGUCIGALPA,20,R4,,,,,,,
466,LOS PROCERES,TEGUCIGALPA,16,R2,735,COLONIA LOS PROCERES,1609,DU02,SECTOR 16,,
153,LOS PROFESORES,COMAYAGÜELA,7,R3,831,COLONIA LOS PROFESORES,734,DU06,SECTOR 07,,
954,LOS QUEBRACHOS,TEGUCIGALPA,29,R3,,,,,,,
762,LOS ROBLES,TEGUCIGALPA,23,R3,,,,,,,
903,LOS TROZOS,TEGUCIGALPA,27,R3,,,,,,,
592,LOS TULIPANES,TEGUCIGALPA,19,R3,,,,,,,
715,LOS ZORSALES # 1,COMAYAGÜELA,22,R3,,,,,,,
716,LOS ZORSALES # 2,COMAYAGÜELA,22,R3,,,,,,,
717,LOS ZORZALES,COMAYAGÜELA,22,R4,,,,,,,
547,LOTE NUM 9 SAN IGNACIO,TEGUCIGALPA,18,R1,,,,,,,
198,LOTIFICACION CANTERO,TEGUCIGALPA,8,HATILLO,,,,,,,
512,LOTIFICACION SUYAPA,TEGUCIGALPA,17,R3,,,,,,,
955,LOTIFICADORA CERRO AZUL,TEGUCIGALPA,29,UR,,,,,,,
555,LOYOLA SAN IGNACIO (CONDOMINIO HORIZONTAL),TEGUCIGALPA,18,R3,,,,,,,
811,LUIS ANDRES ZUNIGA,COMAYAGÜELA,24,R3,,,,,,,
678,LUIS CORDOVA,TEGUCIGALPA,21,R3,,,,,,,
154,MANANTIAL,COMAYAGÜELA,7,R3,753,COLONIA MANANTIAL,718,DU06,SECTOR 07,,
305,MARADIAGA,COMAYAGÜELA,12,R1,44,COLONIA MARADIAGA,1215,DU04,SECTOR 12,,
306,MARIA CRISTINA,COMAYAGÜELA,12,R3,40,COLONIA MARIA CRISTINA,1203,DU04,SECTOR 12,,
1001,MARIA JOSE,TEGUCIGALPA,54,R4,,,,,,,
981,MARIA MERCEDES,TEGUCIGALPA,35,R3,,,,,,,
232,MARICHAL,TEGUCIGALPA,9,R3,809,COLONIA MARICHAL,921,DU07,SECTOR 09,,
868,MARY FLAKES FLORES,COMAYAGÜELA,25,R4,,,,,,,
74,MATAMOROS,TEGUCIGALPA,4,R1,475,COLONIA MATAMOROS,409,DU02,SECTOR 04,,
956,MATUTE,TEGUCIGALPA,29,R3,,,,,,,
467,MAYA,TEGUCIGALPA,16,R3,721,RESIDENCIAL MAYA,1629,DU02,SECTOR 16,,
383,MAYANGLE,COMAYAGÜELA,13,R2,630,COLONIA MAYANGLE,1335,DU05,SECTOR 13,,
52,MEJIA,TEGUCIGALPA,3,R3,472,COLONIA MEJIA,315,DU07,SECTOR 03,,
155,MI CASITA,COMAYAGÜELA,7,R3,,,,,,,
957,MIRADOR (LA TRAVESIA),TEGUCIGALPA,29,R3,,,,,,,
468,MIRADOR DE LA TRAVESIA,TEGUCIGALPA,16,R3,,,,,,,
763,MIRADOR DE LOS ANGELES,TEGUCIGALPA,23,R3,,,,,,,
679,MIRADOR DEL,TEGUCIGALPA,21,R3,,,,,,,
34,MIRADOR DEL BOSQUE,TEGUCIGALPA,2,R3,4,BARRIO EL BOSQUE,202,DU07,,,
384,MIRADOR DEL NORTE,COMAYAGÜELA,13,R4,72,RESIDENCIAL MIRADOR DEL NORTE,1374,DU11,SECTOR 13,,
680,MIRADOR SAN ISIDRO,TEGUCIGALPA,21,R3,,,,,,,
307,MIRADOR TILOARQUE 2005,COMAYAGÜELA,12,R4,51,MIRADOR DE TILOARQUE,1235,DU04,SECTOR 12,,
308,MIRAFLOR,COMAYAGÜELA,12,R3,50,COLONIA MIRAFLOR,1222,DU04,SECTOR 12,,
593,MIRAFLORES,TEGUCIGALPA,19,R2,,,,,,,
594,MIRAFLORES NORTE,TEGUCIGALPA,19,R3,,,,,,,
595,MIRAFLORES SUR,TEGUCIGALPA,19,R2,,,,,,,
437,MIRALAGO,TEGUCIGALPA,15,HATILLO,659,RESIDENCIAL MIRALAGO,1514,DU07,SECTOR 15,,
35,MIRAMESI,TEGUCIGALPA,2,CH/R4,1,COLONIA MIRAMESI,205,DU07,,,
280,MIRAMONTE I ETAPA,TEGUCIGALPA/ COMAYAGUELA,11,R2,602,COLONIA MIRAMONTES,1106,DU02,SECTOR 11,,
281,MIRAMONTE II ETAPA,TEGUCIGALPA/ COMAYAGUELA,11,R2,602,COLONIA MIRAMONTES,1106,DU02,SECTOR 11,,
764,MODELO,TEGUCIGALPA,23,R2,,,,,,,
233,MODESTO RODAS ALVARADO,TEGUCIGALPA,9,R3,562,COLONIA MODESTO RODAS ALVARADO,909,DU07,SECTOR 09,,
812,MODESTO RODAS ALVARADO,COMAYAGÜELA,24,R3,,,,,,,
156,MONSEÑOR FIALLOS,COMAYAGÜELA,7,R3,762,COLONIA MONSE√ëOR FIALLOS,703,DU05,SECTOR 07,,
385,MONTE CARMELO,COMAYAGÜELA,13,R3,633,RESIDENCIAL MONTE CARMELO,1322,DU05,SECTOR 13,,
887,MONTE FRESCO,TEGUCIGALPA,26,R2,,,,,,,
386,MONTE LOS OLIVOS,COMAYAGÜELA,13,R3,917,COLONIA MONTE DE LOS OLIVOS,2534,DU11,SECTOR 25,,
513,MONTE VERDE,TEGUCIGALPA,17,R3,,,,,,,
267,MONTECARLOS,TEGUCIGALPA,10,R1,583,COLONIA MONTECARLO,1015,DU02,SECTOR 10,,
514,MONTEFRESCO / PLANES DE LA LOMA,TEGUCIGALPA,17,R3,,,,,,,
718,MONTELIMAR,COMAYAGÜELA,22,R3,,,,,,,
681,MONTERREY,TEGUCIGALPA,21,R3,,,,,,,
682,MONTERREY NORTE,TEGUCIGALPA,21,R3,,,,,,,
683,MONTERREY SUR,TEGUCIGALPA,21,R3,,,,,,,
387,MONTES DE BENDICION,COMAYAGÜELA,13,R3,77,COLONIA   MONTES  DE BENDICION,1383,DU11,SECTOR 13,,
684,MONTES DE SINAI,TEGUCIGALPA,21,R3,,,,,,,
958,MONTES DE SINAI,TEGUCIGALPA,29,R4,,,,,,,
90,MORAZAN,COMAYAGÜELA,5,D3,492,BARRIO MORAZAN,504,DU02,SECTOR 05,,
596,NORA GUNERA DE MELGAR,TEGUCIGALPA,19,R3,,,,,,,
388,NORTE FRESCO,COMAYAGÜELA,13,R3,865,COLONIA MONTE FRESCO,2605,DU09,SECTOR 26,,
869,NUEVA ALDEA (CASERIO JOCOMICO),COMAYAGÜELA,25,R3,,,,,,,
870,NUEVA AUSTRALIA,COMAYAGÜELA,25,R3,,,,,,,
871,NUEVA CAPITAL,COMAYAGÜELA,25,R4,,,,,,,
872,NUEVA DANLI,COMAYAGÜELA,25,R3,,,,,,,
469,NUEVA ERA,TEGUCIGALPA,16,R3,720,COLONIA NUEVA ERA,1616,DU08,SECTOR 16,,
389,NUEVA ERA TEGUCIGALPA,COMAYAGÜELA,13,R4,645,COLONIA NUEVA ERA,1347,DU11,SECTOR 13,,
390,NUEVA ESPAÑA,COMAYAGÜELA,13,R4,81,COLONIA NUEVA ESPA√ëA,1386,DU11,SECTOR 13,,
309,NUEVA ESPERANZA,COMAYAGÜELA,12,R4,30,COLONIA NUEVA ESPERANZA,1221,DU04,SECTOR 12,,
391,NUEVA GALILEA,COMAYAGÜELA,13,R3,80,COLONIA NUEVA GALILEA,1385,DU11,SECTOR 13,,
392,NUEVA JERUSALEM #2,COMAYAGÜELA,13,R3,84,COLONIA NUEVA JERUSALEN No.2,0,DU11,SECTOR 13,,
393,NUEVA JERUSALEN,COMAYAGÜELA,13,R3,56,COLONIA  NUEVA JERUSALEM,1372,DU11,SECTOR 13,,
971,NUEVA ORIENTAL Y MIRADOR DE ORIENTE,TEGUCIGALPA,32,R3,,,,,,,
394,NUEVA OROCUINA,COMAYAGÜELA,13,R4,63,COLONIA NUEVA OROCUINA,1304,DU11,SECTOR 13,,
873,NUEVA PROVIDENCIA,COMAYAGÜELA,25,R4,,,,,,,
53,NUEVA SANTA ROSA,TEGUCIGALPA,3,R3,552,COLONIA NUEVA SANTA ROSA,928,DU07,SECTOR 09,,
470,NUEVA VIERA,TEGUCIGALPA,16,R4,724,COLONIA NUEVA VIERA,1630,DU02,SECTOR 16,,
813,NUEVAS DELICIAS,COMAYAGÜELA,24,R3,,,,,,,
157,NUEVO AMANECER,COMAYAGÜELA,7,R3,,,,,,,
310,NUEVO AMANECER,COMAYAGÜELA,12,R3,29,COLONIA NUEVO AMANECER,1217,DU04,SECTOR 12,,
471,NUEVO EDEN,TEGUCIGALPA,16,R3,723,COLONIA NUEVO EDEN,1640,DU02,SECTOR 16,,
685,NUEVO LOARQUE,TEGUCIGALPA,21,R2,,,,,,,
874,NUEVOS HORIZONTES,COMAYAGÜELA,25,R3,,,,,,,
1004,OASIS,TEGUCIGALPA,55,R3,,,,,,,
106,OBELISCO,COMAYAGÜELA,6,CH,506,BARRIO EL OBELISCO,612,DU01,SECTOR 06,,
158,OBRERA,COMAYAGÜELA,7,R3,759,COLONIA LA OBRERA,738,DU06,SECTOR 07,,
472,OLIMPO,TEGUCIGALPA,16,R4,,,,,,,
473,OLIMPUS,TEGUCIGALPA,16,R4,734,RESIDENCIAL VILLA OLIMPUS,1645,DU02,SECTOR 16,,
,ORIENTE,,,,,,,,,,
,ORIENTE,,,,,,,,,,
719,OSCAR A. FLORES,COMAYAGÜELA,22,R3,,,,,,,
311,OSCAR CASTRO TEJEDA,COMAYAGÜELA,12,R3,28,COLONIA OSCAR CASTRO TEJADA,1236,DU04,SECTOR 12,,
959,PABLO PORTILLO,TEGUCIGALPA,29,R3,,,,,,,
91,PAGODA,COMAYAGÜELA,5,D3,496,BARRIO LA PAGODA,505,DU02,SECTOR 05,,
92,PALERMO,TEGUCIGALPA,5,D3,490,COLONIA PALERMO,501,DU02,SECTOR 05,,
765,PALMA REAL,TEGUCIGALPA,23,R3,,,,,,,
75,PALMIRA,TEGUCIGALPA,4,D3,488,COLONIA PALMIRA,433,DU02,SECTOR 04,,
994,PARQUE LOGISTICO AMARATECA (CONDOMINIO HORIZONTAL),TEGUCIGALPA,41,D1,,,,,,,
199,PARQUE NACIONAL ONU,TEGUCIGALPA,8,AR,,,,,,,
720,PARTE JARDINES DE SAN JOSE,COMAYAGÜELA,22,R3,,,,,,,
888,PASEO LAS CAMPANAS,TEGUCIGALPA,26,R3,,,,,,,
515,PASEO LIQUIDAMBAR,TEGUCIGALPA,17,R1,,,,,,,
159,PEDREGALITO,COMAYAGÜELA,7,R3,766,COLONIA PEDREGALITO,707,DU05,SECTOR 07,,
686,PEÑA VIEJA,TEGUCIGALPA,21,R3,,,,,,,
1011,PENIEL,TEGUCIGALPA,56,R3,,,,,,,
312,PERITOS MERCANTILES (EL CONTAD),COMAYAGÜELA,12,R3,34,COLONIA PERITOS MERCANTILES,1226,DU04,SECTOR 12,,
107,PERPETUO SOCORRO,COMAYAGÜELA,6,R3,504,BARRIO PERPETUO SOCORRO,607,DU05,SECTOR 06,,
200,PICACHITO,TEGUCIGALPA,8,R3,528,COLONIA PICACHITO,801,DU07,SECTOR 08,,
1005,PINARES DE SANTA CRUZ,TEGUCIGALPA,55,UR,,,,,,,
988,PINO VERDE,TEGUCIGALPA,36,R3,,,,,,,
889,PLAN DE LOS PINOS,TEGUCIGALPA,26,R3,,,,,,,
160,PLANES DEL BERRINCHE O COLONIA SOTO,COMAYAGÜELA,7,R3,758,COLONIA SOTO O PLANES DEL BERRINCHE,730,DU06,SECTOR 07,,
161,PLANES DEL CARRIZAL,COMAYAGÜELA,7,R3,,,,,,,
162,POLICARPO PAZ GARCIA,COMAYAGÜELA,7,R4,798,COLONIA POLICARPO PAZ,715,DU05,SECTOR 07,,
687,POPULAR,TEGUCIGALPA,21,R3,,,,,,,
766,PORTAL DE AGUA DULCE (CONDOMINIO HORIZONTAL),TEGUCIGALPA,23,R4,,,,,,,
814,PORTAL DE LAS FLORES (CIRCUITO CERRADO),COMAYAGÜELA,24,R1,,,,,,,
767,PORTAL DEL BOSQUE I,TEGUCIGALPA,23,R3,,,,,,,
768,PORTAL DEL BOSQUE II ETAPA,TEGUCIGALPA,23,R4,,,,,,,
268,PORTAL DEL CASTAÑO,TEGUCIGALPA,10,R1,824,RESIDENCIAL PORTAL DEL CASTAÑOS,0,DU02,SECTOR 10,,
815,PRADERA,COMAYAGÜELA,24,R3,,,,,,,
982,PRADERAS DIGNAS I Y II ETAPA,TEGUCIGALPA,35,R4,,,,,,,
282,PRADO,COMAYAGÜELA,11,R1,599,COLONIA EL PRADO,1102,DU02,SECTOR 11,,
474,PRADO VERDE,TEGUCIGALPA,16,R4,738,RESIDENCIAL PRADO VERDE,1652,DU08,SECTOR 16,,
475,PRADOS UNIVERSITARIOS,TEGUCIGALPA,16,R4,742,RESIDENCIAL PRADOS UNIVERSITARIOS,1621,DU08,SECTOR 16,,
816,PREDIOS DEL RECREO,COMAYAGÜELA,24,R3,,,,,,,
313,PRIMAVERA,COMAYAGÜELA,12,R4,608,COLONIA LA PRIMAVERA,1220,DU04,SECTOR 12,,
548,PRO PLAZA SAN IGNACIO 2004,TEGUCIGALPA,18,R1,,,,,,,
516,PROFESIONALES,TEGUCIGALPA,17,D1,,,,,,,
395,PROGRESO,COMAYAGÜELA,13,R3,643,COLONIA EL PROGRESO I,1384,DU05,SECTOR 13,,
396,PROGRESO # 2,COMAYAGÜELA,13,R3,642,COLONIA EL PROGRESO II,1333,DU05,SECTOR 13,,
817,PROPIEDAD PRIVADA LAS TORRES,COMAYAGÜELA,24,R3,,,,,,,
721,PROVIDENCIA,COMAYAGÜELA,22,R3,,,,,,,
201,PROYECTO KASANDRA,TEGUCIGALPA,8,R4,,,,,,,
549,PROYECTO SUYAPITA,TEGUCIGALPA,18,R3,,,,,,,
76,PUEBLO NUEVO,TEGUCIGALPA,4,D3,485,BARRIO PUEBLO NUEVO,413,DU02,SECTOR 04,,
397,PUEBLO NUEVO,COMAYAGÜELA,13,R3,61,COLONIA PUEBLO NUEVO,1377,DU11,SECTOR 13,,
36,PUNTA CALIENTE,TEGUCIGALPA,2,R3,2,BARRIO PUNTA CALIENTE,206,DU07,,,
283,QUEZADA,TEGUCIGALPA/ COMAYAGUELA,11,R2,598,COLONIA QUEZADA,1103,DU02,SECTOR 11,,
550,QUINTA BELLA,TEGUCIGALPA,18,R1,,,,,,,
997,QUINTA GUAJINIQUIL,TEGUCIGALPA,45,UR,,,,,,,
995,QUINTAS DE ZAMBRANO,TEGUCIGALPA,42,UR,,,,,,,
163,RAFAEL LEONARDO CALLEJAS,COMAYAGÜELA,7,R4,767,COLONIA RAFAEL L. CALLEJAS,708,DU05,SECTOR 07,,
398,RAMON AMAYA AMADOR,COMAYAGÜELA,13,R4,76,COLONIA RAMON AMAYA AMADOR,1369,DU11,SECTOR 13,,
624,REAL DE LAS PALMAS,TEGUCIGALPA,20,R4,,,,,,,
54,REFORMA,TEGUCIGALPA,3,R2,24,COLONIA LA REFORMA,305,DU07,SECTOR 03,,
269,REPARTO MANDOFER,TEGUCIGALPA,10,D1,821,COLONIA REPARTO MANDOFER,1024,DU02,SECTOR 10,,
234,REPARTO POR ARRIBA,TEGUCIGALPA,9,R3,547,COLONIA EL REPARTO,902,DU07,SECTOR 09,,
235,REPARTO POR BAJO,TEGUCIGALPA,9,R3,547,COLONIA EL REPARTO,902,DU07,SECTOR 09,,
314,REPUBLICA DE VENEZUELA,COMAYAGÜELA,12,R3,611,COLONIA VENEZUELA,1210,DU11,SECTOR 13,,
37,RES BUENA VISTA,TEGUCIGALPA,2,R3,455,RESIDENCIAL BUENA VISTA,0,DU01,,,
769,RES LAS UVAS,TEGUCIGALPA,23,R2,,,,,,,
770,RES LUIMISA,TEGUCIGALPA,23,R1-R2,,,,,,,
551,RES LUIS LANDA,TEGUCIGALPA,18,R2,,,,,,,
517,RES PUERTA DEL SOL,TEGUCIGALPA,17,R1,,,,,,,
399,RES SANTA CECILIA,COMAYAGÜELA,13,R4,848,RESIDENCIAL SANTA CECILIA,1329,DU05,SECTOR 13,,
975,RES. ALCAZAR DEL SUE,TEGUCIGALPA,34,R3,,,,,,,
688,RES. ALTA VISTA,TEGUCIGALPA,21,R3,,,,,,,
771,RES. ALTOS DE LAS HADAS,TEGUCIGALPA,23,R2,,,,,,,
904,RES. ALTOS DE SANTA ROSA,TEGUCIGALPA,27,R3,,,,,,,
476,RES. CENTROAMERICANA,TEGUCIGALPA,16,R3,722,RESIDENCIAL VILLA CENTROAMERICANA,1622,DU02,SECTOR 16,,
922,RES. CONCEPCION,TEGUCIGALPA,28,R3,,,,,,,
890,RES. EL TABLON,TEGUCIGALPA,26,R3,,,,,,,
518,RES. EL TRAPICHE,TEGUCIGALPA,17,R1,,,,,,,
400,RES. FRANCISCO MORAZAN,COMAYAGÜELA,13,R3,68,RESIDENCIAL FRANCISCO MORAZAN,1354,DU11,SECTOR 13,,
438,RES. LA ALHAMBRA,TEGUCIGALPA,15,HATILLO,660,RESIDENCIAL LA ALHAMBRA,1513,DU07,SECTOR 15,,
689,RES. LA CAÑADA,TEGUCIGALPA,21,R3,,,,,,,
772,RES. LAS MARGARITAS,TEGUCIGALPA,23,R3,,,,,,,
519,RES. LOS OLIVOS,TEGUCIGALPA,17,R1,,,,,,,
623,RES. LOS PORTALES,TEGUCIGALPA,20,R4,,,,,,,
236,RES. PINARES,TEGUCIGALPA,9,HATILLO,542,RESIDENCIAL PINARES,911,DU07,SECTOR 09,,
207,RES. RAFAEL BARDALES BUESO INPREMA /COL RIO ALTO,TEGUCIGALPA,9,R2-R3,,,,,,,
552,RES. SAN IGNACIO,TEGUCIGALPA,18,R1,,,,,,,
553,RES. SAN JUAN,TEGUCIGALPA,18,R3,,,,,,,
773,RES. TONCONTIN,TEGUCIGALPA,23,R3,,,,,,,
55,RES. VIERA,TEGUCIGALPA,3,R3,468,COLONIA VIERA,301,DU07,SECTOR 03,,
237,RES. VILLA DELMY,TEGUCIGALPA,9,R3,550,RESIDENCIAL VILLA DELMY,914,DU07,SECTOR 09,,
1006,RES. VILLA ELENA (PARTE),TEGUCIGALPA,55,R1,,,,,,,
774,RES. VILLAS DEL REAL,TEGUCIGALPA,23,R3,,,,,,,
554,RES. VILLAS PALMERAS,TEGUCIGALPA,18,R1,,,,,,,
556,RESIDENCIAL - 3410- COL SAN IGNACIO,TEGUCIGALPA,18,R3,,,,,,,
520,RESIDENCIAL 3 CAMINOS,TEGUCIGALPA,17,R2,,,,,,,
775,RESIDENCIAL LAS CANARIAS,TEGUCIGALPA,23,R3,,,,,,,
477,RESIDENCIAL MAYA,TEGUCIGALPA,16,R3,721,RESIDENCIAL MAYA,1629,DU02,SECTOR 16,,
722,RESIDENCIAL MONTELIMAR,COMAYAGÜELA,22,R4,,,,,,,
690,RESIDENCIAL PARIS,TEGUCIGALPA,21,R4,,,,,,,
625,RESIDENCIAL PLAZA,TEGUCIGALPA,20,R3,,,,,,,
626,RESIDENCIAL PLAZA CIRCUITO CERRADO SUB DIVISION,TEGUCIGALPA,20,R4,,,,,,,
776,RESIDENCIAL SANTA CRUZ I YII,TEGUCIGALPA,23,R3,,,,,,,
557,RESIDENCIAL SUYAPITA,TEGUCIGALPA,18,R4,,,,,,,
439,RESIDENCIAL YAGUARUNDI,TEGUCIGALPA,15,HATILLO,,,,,,,
238,RIO ALTO 2004,TEGUCIGALPA,9,R2,557,COLONIA VILLAS DEL RIO,915,DU07,SECTOR 09,,
691,RIO GRANDE NORTE,TEGUCIGALPA,21,R2,,,,,,,
692,RIO GRANDE SUR,TEGUCIGALPA,21,R3,,,,,,,
818,RIVAS,COMAYAGÜELA,24,R3,,,,,,,
723,RIVERA DE LA VEGA,COMAYAGÜELA,22,R4,,,,,,,
724,ROBERTO SUAZO CORDOVA NRO. 1,COMAYAGÜELA,22,R3,,,,,,,
777,ROBLE ALTO,TEGUCIGALPA,23,R3,,,,,,,
778,ROBLE ALTO II,TEGUCIGALPA,23,R2,,,,,,,
779,"ROBLE OESTE I, II, III, IV, V Y VI ETAPA",TEGUCIGALPA,23,R3,,,,,,,
202,RODIMIRO ZELAYA,TEGUCIGALPA,8,R3,,,,,,,
108,RODRIGUEZ,COMAYAGÜELA,6,R3,514,COLONIA RODRIGUEZ,616,DU05,SECTOR 06,,
693,ROMA,TEGUCIGALPA,21,R3,,,,,,,
164,ROSALINDA,COMAYAGÜELA,7,R3,778,COLONIA ROSALINDA,754,DU06,SECTOR 07,,
521,RUBEN ANTUNEZ,TEGUCIGALPA,17,R1,,,,,,,
270,RUBEN DARIO,TEGUCIGALPA,10,R1,590,COLONIA RUBEN DARIO,1002,DU02,SECTOR 10,,
239,SABANA DEL RINCON,TEGUCIGALPA,9,R3,,,,,,,
77,SABANAGRANDE,TEGUCIGALPA,4,D1,480,BARRIO SABANAGRANDE,419,DU02,SECTOR 04,,
271,SABANAGRANDE,TEGUCIGALPA,10,R3,,,,,,,
478,SABANAGRANDE,TEGUCIGALPA,16,R3,,,,,,,
203,SAGASTUME,TEGUCIGALPA,8,R3,526,COLONIA SAGASTUME,823,DU07,SECTOR 08,,
694,SAN ANGEL,TEGUCIGALPA,21,R4,,,,,,,
401,SAN BUENAVENTURA,COMAYAGÜELA,13,R3,57,COLONIA  SAN BUENAVENTURA,1380,DU11,SECTOR 13,,
78,SAN CARLOS,TEGUCIGALPA,4,D3,483,COLONIA SAN CARLOS,407,DU02,SECTOR 04,,
165,SAN CRISTOBAL,COMAYAGÜELA,7,R3,806,COLONIA SAN CRISTOBAL,735,DU05,SECTOR 07,,
79,SAN FELIPE,TEGUCIGALPA,4,D1,482,BARRIO SAN FELIPE,412,DU02,SECTOR 04,,
402,SAN FRANCISCO,COMAYAGÜELA,13,R3,653,COLONIA SAN FRANCISCO,1311,DU11,SECTOR 13,,
558,SAN IGNACIO FODENOR,TEGUCIGALPA,18,R1,,,,,,,
315,SAN JORGE,COMAYAGÜELA,12,R1,609,BARRIO SAN JORGE,1204,DU04,SECTOR 12,,
725,SAN JOSE,COMAYAGÜELA,22,R3,,,,,,,
1007,SAN JOSE,TEGUCIGALPA,55,R3,,,,,,,
38,SAN JOSE DE LA MONTAÑA,TEGUCIGALPA,2,R3,453,COLONIA SAN JOSE DE LA MONTA√ëA,208,DU07,,,
695,SAN JOSE DE LA PEÑA,TEGUCIGALPA,21,R3,,,,,,,
696,SAN JOSE DE LA VEGA,TEGUCIGALPA,21,R4,,,,,,,
780,SAN JOSE DE LOARQUE,TEGUCIGALPA,23,R3,,,,,,,
627,SAN JOSE DE LOS LLANOS,TEGUCIGALPA,20,R4,,,,,,,
697,SAN JOSE DE LOS LLANOS,TEGUCIGALPA,21,R3,,,,,,,
923,SAN JOSE DEL LOARQUE,TEGUCIGALPA,28,R3,,,,,,,
726,SAN JOSE DEL PEDREGAL,COMAYAGÜELA,22,R3,,,,,,,
875,SAN JUAN BOSCO,COMAYAGÜELA,25,R3,,,,,,,
403,SAN JUAN DE DIOS,COMAYAGÜELA,13,R3,510,BARRIO SAN JUAN DE DIOS,1339,DU05,SECTOR 13,,
166,SAN JUAN DE PUNTARENAS,COMAYAGÜELA,7,R3,,,,,,,
167,SAN JUAN DEL NORTE,COMAYAGÜELA,7,R4,780,COLONIA SAN JUAN DEL NORTE,0,DU06,SECTOR 07,,
876,SAN LORENZO,COMAYAGÜELA,25,R3,,,,,,,
819,SAN LUIS,COMAYAGÜELA,24,R3,,,,,,,
168,SAN MARTIN,COMAYAGÜELA,7,R3,803,BARRIO SAN MARTIN,740,DU06,SECTOR 07,,
479,SAN MIGUEL,TEGUCIGALPA,16,R3,718,COLONIA SAN MIGUEL,1614,DU02,SECTOR 16,,
480,SAN MIGUEL 1,TEGUCIGALPA,16,R3,718,COLONIA SAN MIGUEL,1614,DU02,SECTOR 16,,
1002,SAN MIGUEL ARCANGEL,TEGUCIGALPA,54,R3,,,,,,,
80,SAN RAFAEL,TEGUCIGALPA,4,R1,489,BARRIO SAN RAFAEL,415,DU02,SECTOR 04,,
284,SAN RAFAEL,TEGUCIGALPA/ COMAYAGUELA,11,R2,603,COLONIA SAN RAFAEL,1105,DU02,SECTOR 11,,
81,SAN RAFAEL HM,TEGUCIGALPA,4,R2,489,BARRIO SAN RAFAEL,415,DU02,SECTOR 04,,
481,SANTA ANA,TEGUCIGALPA,16,R3,,,,,,,
482,SANTA ANITA O QUEBRACHAL,TEGUCIGALPA,16,R3,725,COLONIA SANTA ANITA O QUEBRACHAL,1620,DU02,SECTOR 16,,
820,SANTA BARBARA,COMAYAGÜELA,24,R3,,,,,,,
404,SANTA CECILIA # 1,COMAYAGÜELA,13,R3,614,COLONIA SANTA CECILIA No.1,1326,DU05,SECTOR 13,,
405,SANTA CECILIA # 2,COMAYAGÜELA,13,R3,614,COLONIA SANTA CECILIA No.1,1326,DU05,SECTOR 13,,
906,SANTA CLARA,TEGUCIGALPA,27,R4,,,,,,,
424,SANTA CRUZ ABAJO (CASERIO EL PORTILLO DEL DURAZNO),TEGUCIGALPA,14,R3,,,,,,,
425,SANTA CRUZ ARRIBA (CASERIO SANTA CRUZ ARRIBA),TEGUCIGALPA,14,R3,,,,,,,
781,SANTA CRUZ II ETAPA,TEGUCIGALPA,23,R3,,,,,,,
782,SANTA CRUZ III ETAPA,TEGUCIGALPA,23,R3,,,,,,,
406,SANTA EDUVIGES,COMAYAGÜELA,13,R3,62,COLONIA SANTA EDUVIGES,1308,DU11,SECTOR 13,,
169,SANTA FE,COMAYAGÜELA,7,R3,765,COLONIA SANTA FE,711,DU05,SECTOR 07,,
170,SANTA ISABEL,COMAYAGÜELA,7,R3,776,COLONIA SANTA ISABEL,717,DU06,SECTOR 07,,
483,SANTA ISABEL,TEGUCIGALPA,16,R1,736,COLONIA SANTA ISABEL,1610,DU02,SECTOR 16,,
628,SANTA ISABEL,TEGUCIGALPA,20,R3,,,,,,,
240,SANTA MARGARITA,TEGUCIGALPA,9,R3,563,COLONIA VILLA SANTA MARGARITA,942,DU07,SECTOR 09,,
960,SANTA MARIA,TEGUCIGALPA,29,R3,,,,,,,
907,SANTA ROSA (CASERIO SANTA ROSA),TEGUCIGALPA,27,R3,,,,,,,
727,SANTO DOMINGO,COMAYAGÜELA,22,R3,,,,,,,
204,SAUCIQUE,TEGUCIGALPA,8,R3,525,BARRIO SAUCIQUE,802,DU07,SECTOR 08,,
93,SELECTA,TEGUCIGALPA,5,D3,,,,,,,
484,SEMPE,TEGUCIGALPA,16,R3,714,COLONIA SEMPE,1606,DU08,SECTOR 16,,
109,SIPILE,COMAYAGÜELA,6,CH/R4,500,BARRIO SIPILE,610,DU06,SECTOR 06,,
57,SIRIA,TEGUCIGALPA,3,R3,,,,,,,
241,SITIO ARRIBA,TEGUCIGALPA,9,R3,537,COLONIA SITIO ARRIBA,927,DU07,SECTOR 09,,
877,SMITH NO 1,COMAYAGÜELA,25,R3,,,,,,,
878,SMITH NO 2,COMAYAGÜELA,25,R3,,,,,,,
242,SUAZO CORDOBA,TEGUCIGALPA,9,R4,551,COLONIA ROBERTO SUAZO CORDOVA,919,DU07,SECTOR 09,,
407,SUB DIVISION DE LOTE CIUDAD LEMPIRA,COMAYAGÜELA,13,R4,82,RESIDENCIAL CIUDAD LEMPIRA III ETAPA,1362,DU11,SECTOR 13,,
783,SUB DIVISION LAS HADAS,TEGUCIGALPA,23,R3,,,,,,,
408,SUPERACION,COMAYAGÜELA,13,R4,618,COLONIA SUPERACION,1352,DU11,SECTOR 13,,
171,TIBURCIO CARIAS ANDINO,COMAYAGÜELA,7,R3,,,,,,,
629,TIERRA BLANCA,TEGUCIGALPA,20,R3,,,,,,,
316,TILOARQUE NO. 1,COMAYAGÜELA,12,R3,610,COLONIA TILOARQUE,1205,DU04,SECTOR 12,,
317,TILOARQUE NO. 2,COMAYAGÜELA,12,R3,610,COLONIA TILOARQUE,1205,DU04,SECTOR 12,,
318,TILOARQUE NORTE,COMAYAGÜELA,12,R3,27,COLONIA TILOARQUE NORTE,1218,DU04,SECTOR 12,,
784,TONCONTIN,TEGUCIGALPA,23,R3,,,,,,,
559,TONW HOUSE EL PUEBLO SAN IGNACIO,TEGUCIGALPA,18,R1,,,,,,,
172,TOROCAGUA,COMAYAGÜELA,7,R3,768,COLONIA TOROCAGUA,710,DU05,SECTOR 07,,
485,TRAVESIA,TEGUCIGALPA,16,R3,0,COLONIA LA TRAVESIA,2913,DU08,SECTOR 16,,
1017,TRAVESIA SECTOR 5,TEGUCIGALPA,16/29,R3,,,,,,,
522,TRES CAMINOS NORTE,TEGUCIGALPA,17,R1,,,,,,,
523,TRES CAMINOS SUR,TEGUCIGALPA,17,R1,,,,,,,
728,TRINIDAD,COMAYAGÜELA,22,R3,,,,,,,
821,TRINIDAD,COMAYAGÜELA,24,R3,,,,,,,
524,UNAH,TEGUCIGALPA,17,G,,,,,,,
879,UNIDAD Y FUERZA,COMAYAGÜELA,25,R3,,,,,,,
880,UNION Y ESFUERZO,COMAYAGÜELA,25,R3,,,,,,,
525,UNIVERSIDAD NORTE,TEGUCIGALPA,17,R3,,,,,,,
526,UNIVERSIDAD NORTE ETAPA 1,TEGUCIGALPA,17,R3,,,,,,,
527,UNIVERSIDAD NORTE ETAPA 2,TEGUCIGALPA,17,R3,,,,,,,
961,UNIVERSIDAD SUYAPA,TEGUCIGALPA,29,R3,,,,,,,
908,URBANIZACION ENMANUEL,TEGUCIGALPA,27,R3,,,,,,,
822,URBANIZACION LAS TORRES,COMAYAGÜELA,24,R2,,,,,,,
983,URBANIZACION LOMAS DEL SUR,TEGUCIGALPA,35,R4,,,,,,,
909,URBANIZACION LOMAS DEL TIZATILLO,TEGUCIGALPA,27,R3,,,,,,,
560,VALENCIA,TEGUCIGALPA,18,R3,,,,,,,
630,VEGAS DE LA JOYA,TEGUCIGALPA,20,R3,,,,,,,
881,VEGAS DEL CARRIZAL,COMAYAGÜELA,25,R3,,,,,,,
409,VEGAS DEL CONTRY,COMAYAGÜELA,13,R3,635,COLONIA VEGAS DEL COUNTRY,1330,DU05,SECTOR 13,,
698,VEGAS DEL RIO,TEGUCIGALPA,21,R4,,,,,,,
528,VENECIA DEL TRAPICHE,TEGUCIGALPA,17,R4,,,,,,,
699,VENECIA ETAPA 1 Y ETAPA 2,TEGUCIGALPA,21,R3,,,,,,,
785,VIA LIA,TEGUCIGALPA,23,UR,,,,,,,
631,VICTOR F ARDON,TEGUCIGALPA,20,R4,,,,,,,
58,VIEJA SANTA ROSA,TEGUCIGALPA,3,R3,553,COLONIA VIEJA SANTA ROSA,913,DU07,SECTOR 09,,
632,VIENA,TEGUCIGALPA,20,R4,,,,,,,
59,VIERA,TEGUCIGALPA,3,R1,468,COLONIA VIERA,301,DU07,SECTOR 03,,
110,VILLA ADELA,COMAYAGÜELA,6,R3,515,BARRIO VILLA ADELA,603,DU05,SECTOR 06,,
786,VILLA ALONDRA,TEGUCIGALPA,23,R1,,,,,,,
272,VILLA AURORA,TEGUCIGALPA,10,R3,,,,,,,
597,VILLA BENETO,TEGUCIGALPA,19,R3,,,,,,,
1016,VILLA CAMPESINA,TEGUCIGALPA,58,R3,,,,,,,
486,VILLA COLONIAL,TEGUCIGALPA,16,R3,740,RESIDENCIAL VILLA COLONIAL,1647,DU08,SECTOR 16,,
175,VILLA CRISTINA,COMAYAGÜELA,7,R4,777,COLONIA VILLA CRISTINA,745,DU06,SECTOR 07,,
598,VILLA CRISTINA,TEGUCIGALPA,19,R3,,,,,,,
487,VILLA DE LOS CIRUELOS,TEGUCIGALPA,16,R3,733,COLONIA VILLA LOS CIRUELOS,1626,DU02,SECTOR 16,,
996,VILLA DE ZAMBRANO,TEGUCIGALPA,42,R3,,,,,,,
243,VILLA DELMY,TEGUCIGALPA,9,R4,550,RESIDENCIAL VILLA DELMY,914,DU07,SECTOR 09,,
1008,VILLA ELENA,TEGUCIGALPA,55,UR,,,,,,,
599,VILLA ESMERALDA,COMAYAGÜELA,19,R3,,,,,,,
600,VILLA ESMERALDA SEGUNDA ETAPA,COMAYAGÜELA,19,R3,,,,,,,
319,VILLA ESPAÑOLA,COMAYAGÜELA,12,R4,47,COLONIA VILLA ESPA√ëOLA,1206,DU04,SECTOR 12,,
529,VILLA FLORENCIA,TEGUCIGALPA,17,R1,,,,,,,
173,VILLA FRANCA,COMAYAGÜELA,7,R3,781,COLONIA VILLA FRANCA,770,DU06,SECTOR 07,,
244,VILLA LA ESTANZUELA,TEGUCIGALPA,9,HATILLO,545,COLONIA VILLA ESTANZUELA,0,DU07,SECTOR 09,,
927,VILLA LAS HORTENCIAS EL SAUCE II ETAPA (CONDOMINIO HORIZONTAL),TEGUCIGALPA,28,R3,,,,,,,
924,VILLA LAS ORQUIDEAS EL SAUCE I ETAPA,TEGUCIGALPA,28,R3,,,,,,,
910,VILLA LAS PERLAS,TEGUCIGALPA,27,R3,,,,,,,
1003,VILLA LIA,TEGUCIGALPA,54,UR,,,,,,,
925,VILLA LOS ALMENDROS EL SAUCE I ETAPA,TEGUCIGALPA,28,R3,,,,,,,
929,VILLA LOS JAZMINES EL SAUCE II ETAPA (CONDOMINIO HORIZONTAL),TEGUCIGALPA,28,R3,,,,,,,
410,VILLA LOS LAURELES,COMAYAGÜELA,13,R3,65,COLONIA VILLA LOS LAURELES,1378,DU11,SECTOR 13,,
931,VILLA LOS NARANJOS EL SAUCE III ETAPA (CONDOMINIO HORIZONTAL),TEGUCIGALPA,28,R3,,,,,,,
930,VILLA LOS TULIPANES SAUCE II ETAPA (CONDOMINIO HORIZONTAL),TEGUCIGALPA,28,R3,,,,,,,
1012,VILLA MADRID,TEGUCIGALPA,56,R3,,,,,,,
1013,VILLA MILLER,TEGUCIGALPA,56,R3,,,,,,,
823,VILLA NELITA,COMAYAGÜELA,24,R4,,,,,,,
1018,VILLA NUEVA 7 A-B,TEGUCIGALPA,18/2 0,R4,,,,,,,
633,VILLA NUEVA NORTE,TEGUCIGALPA,20,R3,,,,,,,
1019,VILLA NUEVA SECTOR 1,TEGUCIGALPA,18/2 1,R4,,,,,,,
1020,VILLA NUEVA SECTOR 5,TEGUCIGALPA,18/2 2,R4,,,,,,,
1021,VILLA NUEVA SECTOR 6,TEGUCIGALPA,18/2 3,R4,,,,,,,
634,VILLA NUEVA SUR,TEGUCIGALPA,20,R3,,,,,,,
962,VILLA NUEVA SUYAPA 1,TEGUCIGALPA,29,R3,,,,,,,
964,VILLA NUEVA SUYAPA 3,TEGUCIGALPA,29,R3,,,,,,,
965,VILLA NUEVA SUYAPA 4,TEGUCIGALPA,29,R3,,,,,,,
963,VILLA NUEVA SUYAPA2,TEGUCIGALPA,29,R3,,,,,,,
530,VILLA OLIMPICA,TEGUCIGALPA,17,R3,,,,,,,
411,VILLA QUEZADA,COMAYAGÜELA,13,R4,321,VILLA QUEZADA,0,DU11,SECTOR 13,,
412,VILLA REYES,COMAYAGÜELA,13,R4,625,VILLA REYES I  ETAPA,1328,DU05,SECTOR 13,,
413,VILLA SAN ANTONIO O BOQUERON,COMAYAGÜELA,13,R3,615,COLONIA VILLA SAN ANTONIO O BOQUERON,1325,DU05,SECTOR 13,,
561,VILLA SAN CARALAMPIO,TEGUCIGALPA,18,R3,,,,,,,
562,VILLA SAN IGNACIO CONDOMINIO HORIZONTAL,TEGUCIGALPA,18,R2,,,,,,,
787,VILLA SAN JORGE,TEGUCIGALPA,23,R3,,,,,,,
1009,VILLA SAN JOSE DE CARRIZAL,TEGUCIGALPA,55,R3,,,,,,,
788,VILLA SAN RAFAEL 2003,TEGUCIGALPA,23,R3,,,,,,,
245,VILLA SANTA MARGARITA,TEGUCIGALPA,9,R3,563,COLONIA VILLA SANTA MARGARITA,942,DU07,SECTOR 09,,
1022,VILLA SANTA MARIA,TEGUCIGALPA,18/2 9,R2-R3,,,,,,,
531,VILLA SUYAPA (VILLA OLIMPICA),TEGUCIGALPA,17,R4,,,,,,,
789,VILLA TERRANOVA(COL AMERICA),TEGUCIGALPA,23,R3,,,,,,,
790,VILLA TOSCANA,TEGUCIGALPA,23,R3,,,,,,,
174,VILLA UNION,COMAYAGÜELA,7,R4,787,COLONIA VILLA UNION,769,DU06,SECTOR 07,,
488,VILLA UNIVERSITARIA,TEGUCIGALPA,16,R3,732,RESIDENCIAL VILLA UNIVERSITARIA I ETAPA,1625,DU02,SECTOR 16,,
635,VILLA VIEJA,TEGUCIGALPA,20,R4,,,,,,,
824,VILLAS ALCALA,COMAYAGÜELA,24,R2,,,,,,,
489,VILLAS COLONIAL,TEGUCIGALPA,16,R3,740,RESIDENCIAL VILLA COLONIAL,1647,DU08,SECTOR 16,,
636,VILLAS COLONIAL,TEGUCIGALPA,20,R3,,,,,,,
932,VILLAS CONCEPCION,TEGUCIGALPA,28,R3,,,,,,,
490,VILLAS DE CENTROAMERICA,TEGUCIGALPA,16,R3,722,RESIDENCIAL VILLA CENTROAMERICANA,1622,DU02,SECTOR 16,,
791,VILLAS DE LAS HADAS (CONDOMINIO HORIZONTAL),TEGUCIGALPA,23,R2,,,,,,,
905,VILLAS DE SAN SEBASTIAN,TEGUCIGALPA,27,R3,,,,,,,
320,VILLAS DE TILOARQUE,COMAYAGÜELA,12,R4,36,RESIDENCIAL VILLA DE TILOARQUE I ETAPA,1234,DU04,SECTOR 12,,
972,VILLAS DEL CAMPO,TEGUCIGALPA,32,R3,,,,,,,
973,VILLAS DEL CAMPO I,TEGUCIGALPA,32,R3,,,,,,,
974,VILLAS DEL CAMPO II,TEGUCIGALPA,32,R3,,,,,,,
491,VILLAS DEL ESTE,TEGUCIGALPA,16,R4,741,RESIDENCIAL VILLA D'ESTE,1650,DU08,SECTOR 16,,
492,VILLAS DEL MOLINO (CONDOMINIO HORIZONTAL),TEGUCIGALPA,16,R3,709,CONDOMINIOS RESIDENCIALES VILLAS DEL MOLINO,1651,DU08,SECTOR 16,,
792,VILLAS DEL REAL / VILLA DE PALMERAS,TEGUCIGALPA,23,R3,,,,,,,
246,VILLAS DEL RIO,TEGUCIGALPA,9,R4,COLONIA VILLAS DEL RIO,915,DU07,SECTOR 09,,,
532,VILLAS ESQUIVEL PEREZ,TEGUCIGALPA,17,R1,,,,,,,
414,VILLAS INTERAMERICANAS 2004,COMAYAGÜELA,13,R2,837,RESIDENCIAL VILLA INTERAMERICANA,0,DU05,SECTOR 13,,
796,VILLAS LAS ACACIAS EL SAUCE I ETAPA,TEGUCIGALPA,23,R3,,,,,,,
601,VILLAS LOMAS DE MIRAFLORES,TEGUCIGALPA,19,R3,,,,,,,
926,VILLAS LOS GERANIOS EL SAUCE I ETAPA,TEGUCIGALPA,28,R3,,,,,,,
795,VILLAS LOS PINOS EL SAUCE I ETAPA,TEGUCIGALPA,23,R3,,,,,,,
793,VILLAS MARIA,TEGUCIGALPA,23,R3,,,,,,,
794,VILLAS MARIA COL LA MODELO,TEGUCIGALPA,23,R3,,,,,,,
493,VILLAS MILANO,TEGUCIGALPA,16,R4,845,RESIDENCIAL VILLAS MILANO,1653,DU02,SECTOR 16,,
966,VILLAS NUEVA SUYAPA,TEGUCIGALPA,29,R4,,,,,,,
563,VILLAS PALMERA ( SAN IGNACIO),TEGUCIGALPA,18,R1,,,,,,,
928,VILLAS PALMERAS EL SAUCE II ETAPA (CONDOMINIO HORIZONTAL),TEGUCIGALPA,28,R3,,,,,,,
564,VILLAS SAN IGNACION - GAUBANA,TEGUCIGALPA,18,R2,,,,,,,
797,VILLAS TELLI,TEGUCIGALPA,23,R3,,,,,,,
321,VILLAS TILOARQUE SEGUNDA ETAPA,COMAYAGÜELA,12,R4,36,RESIDENCIAL VILLA DE TILOARQUE I ETAPA,1234,DU04,SECTOR 12,,
205,VISBELLA (CERRO GRANDE ZONA 8),TEGUCIGALPA,8,R3,521,RESIDENCIAL VISBELLA,844,DU06,SECTOR 08,,
415,VISTA HERMOSA,COMAYAGÜELA,13,R4,54,COLONIA  VISTA HERMOSA,1312,DU11,SECTOR 13,,
637,VISTA HERMOSA,TEGUCIGALPA,20,R3,,,,,,,
700,VISTA HERMOSA,TEGUCIGALPA,21,R3,,,,,,,
967,VISTA HERMOSA,TEGUCIGALPA,29,R3,,,,,,,
882,VISTA HERMOSA DEL NORTE,COMAYAGÜELA,25,R3,,,,,,,
206,VISTALI (CERRO GRANDE ZONA 8),TEGUCIGALPA,8,R3,521,RESIDENCIAL VISBELLA,844,DU06,SECTOR 08,,
933,YAGUACIRE (CASERIO EL OJO DE AGUA),TEGUCIGALPA,28,R3,,,,,,,
934,YAGUACIRE (CASERIO EL PORTILLO),TEGUCIGALPA,28,R3,,,,,,,
935,YAGUACIRE (CASERIO LAS JOYAS),TEGUCIGALPA,28,R3,,,,,,,
968,ZAPOTE 29,TEGUCIGALPA,29,R3,,,,,,,
176,ZAPOTE 7,COMAYAGÜELA,7,R3,,,,,,,
177,ZAPOTE CENTRO,COMAYAGÜELA,7,R4,794,COLONIA ZAPOTE CENTRO,724,DU05,SECTOR 07,,
178,ZAPOTE NORTE,COMAYAGÜELA,7,R4,793,COLONIA ZAPOTE NORTE,765,DU05,SECTOR 07,,
39,ZARAGOZA,TEGUCIGALPA,2,R4,10,COLONIA ZARAGOZA,211,DU07,,,
40,ZARAGOZA NORTE,TEGUCIGALPA,2,R2,10,COLONIA ZARAGOZA,211,DU07,,,
41,ZARAGOZA SUR,TEGUCIGALPA,2,R2,10,COLONIA ZARAGOZA,211,DU07,,,
494,ZARAHEMLA I ETAPA,TEGUCIGALPA,16,R3,716,RESIDENCIAL ZARAHEMLA I ETAPA,1654,DU02,SECTOR 16,,
495,ZARAHEMLA II ETAPA,TEGUCIGALPA,16,R3,717,RESIDENCIAL ZARAHEMLA II ETAPA,1656,DU02,SECTOR 16,,
701,ZONA PUENTE LOARQUE,TEGUCIGALPA,21,R3,,,,,,,
798,ZUNLACAL,TEGUCIGALPA/ COMAYAGÜELA,23,R2,,,,,,,