objectid,Neighborhood,Corr,Dist,GeoSector
125,AEREOPUERTO INTERNACIONAL TONCONTIN,0,DU04,SECTOR 22
337,AGAFAM,0,DU08,SECTOR 18
411,AGUA DULCE,2310,DU10,SECTOR 23
206,ALCAZARES DE LA CaNADA,2158,DU09,SECTOR 21
536,ALDEA  EL CHIMBO,9996,DU07,SECTOR 09
839,ALDEA CERRO GRANDE,1402,DU06,SECTOR 14
0,ALDEA DE SUYAPA,2906,,SECTOR 29
0,ALDEA DE SUYAPA SECTOR GRACIAS A DIOS,0,DU08,SECTOR 29
752,ALDEA EL CARRIZAL,1406,DU06,SECTOR 14
539,ALDEA EL HATILLO,1509,DU07,SECTOR 15
869,ALDEA EL TABLON,2602,DU09,SECTOR 26
882,ALDEA EL TIZATILLO,0,DU09,SECTOR 27
884,ALDEA GERMANIA,2701,DU09,SECTOR 27
867,ALDEA JACALEAPA,2604,DU09,SECTOR 26
883,ALDEA LA CIENEGA,2707,DU09,SECTOR 27
844,ALDEA LA CUESTA No. 2,1407,DU06,SECTOR 14
970,ALDEA LA CUESTA No.1,2505,DU06,SECTOR 25
194,ALDEA LA JOYA,2021,DU03,SECTOR 20
227,ALDEA LA JOYA,1923,DU03,SECTOR 19
925,ALDEA LA SOLEDAD No.2,2501,DU11,SECTOR 25
391,ALDEA LAS CASITAS,2324,DU10,SECTOR 23
268,ALDEA LOARQUE,2132,DU09,SECTOR 21
908,ALDEA LOARQUE (MIMBRE),2805,DU10,SECTOR 28
879,ALDEA SANTA ROSA,0,DU09,SECTOR 27
0,ALDEA SUYAPA SECTOR 1,0,DU08,SECTOR 29
0,ALDEA SUYAPA SECTOR ALTOS DE SUYAPA,0,DU08,SECTOR 29
0,ALDEA SUYAPA SECTOR COLINAS DE JERUSALEM,0,DU08,SECTOR 29
0,ALDEA SUYAPA SECTOR EL CALVARIO,0,DU08,SECTOR 29
0,ALDEA SUYAPA SECTOR LA CRUZ,0,DU08,SECTOR 29
0,ALDEA SUYAPA SECTOR LA PLAZA,0,DU08,SECTOR 29
0,ALDEA SUYAPA SECTOR SAGRADO CORAZON,0,DU08,SECTOR 29
0,ALDEA SUYAPA SECTOR SAN ANTONIO,0,DU08,SECTOR 29
890,ALDEA YAGUACIRE CENTRO  (PARTE),2819,DU10,SECTOR 28
241,ANEXO LAS VEGAS,2130,DU03,SECTOR 21
0,AREA  A.M.D.C,2002,DU09,SECTOR 20
99,AREA DE RESERVA ECOLOGICA,0,DU02,SECTOR 18
0,AREA PRIVADA,2002,DU09,SECTOR 20
121,AREA VERDE,0,DU04,SECTOR 22
186,AREA VERDE,0,DU03,SECTOR 20
0,AREA VERDE VILLA NUEVA,1804,DU09,SECTOR 18
128,ASERRADERO,0,DU08,SECTOR 18
988,ASERRADERO LAMAS,0,DU04,SECTOR 24
476,AVENIDA LA PAZ,418,DU02,SECTOR 04
13,BARRIO ABAJO,101,DU01,SECTOR 01
467,BARRIO ALTOS DE LA CABA√ëA,0,DU07,SECTOR 02
761,BARRIO BELEN,702,DU05,SECTOR 07
503,BARRIO BELLA VISTA,701,DU05,SECTOR 07
503,BARRIO BELLA VISTA NORTE,0,DU05,SECTOR 07
6,BARRIO BUENA VISTA,212,DU07,SECTOR 02
5,BARRIO BUENOS AIRES,201,DU07,SECTOR 02
509,BARRIO CAMAGUARA,0,DU05,SECTOR 06
19,BARRIO CASAMATA,302,DU07,SECTOR 03
498,BARRIO CENTRO DE COMAYAGUELA,617,DU01,SECTOR 06
494,BARRIO CERRO JUANA LAINEZ,508,DU02,SECTOR 05
755,BARRIO CHILE,732,DU06,SECTOR 07
502,BARRIO CONCEPCION,606,DU01,SECTOR 06
4,BARRIO EL BOSQUE,202,DU07,SECTOR 02
507,BARRIO EL CALVARIO,609,DU05,SECTOR 06
284,BARRIO EL CARRIZAL,2212,DU04,SECTOR 22
462,BARRIO EL CENTRO,103,DU01,SECTOR 01
283,BARRIO EL COCO,2211,DU04,SECTOR 22
11,BARRIO EL EDEN,204,DU07,SECTOR 02
15,BARRIO EL JAZMIN,104,DU01,SECTOR 01
470,BARRIO EL MANCHEN,303,DU07,SECTOR 03
506,BARRIO EL OBELISCO,612,DU01,SECTOR 06
17,BARRIO EL OLVIDO,105,DU01,SECTOR 01
802,BARRIO EL PASTEL,739,DU06,SECTOR 07
572,BARRIO EL RINCON,903,DU07,SECTOR 09
600,BARRIO GUACERIQUE,1202,DU04,SECTOR 12
459,BARRIO GUAJOCO,121,DU01,SECTOR 01
20,BARRIO GUANACASTE,106,DU07,SECTOR 01
505,BARRIO LA BOLSA,1201,DU04,SECTOR 12
460,BARRIO LA CABA√ëA,203,DU07,SECTOR 02
499,BARRIO LA CHIVERA,611,DU06,SECTOR 06
7,BARRIO LA CONCORDIA,219,DU01,SECTOR 01
769,BARRIO LA ESPERANZA,712,DU05,SECTOR 07
820,BARRIO LA ESTRELLA,806,DU07,SECTOR 08
8,BARRIO LA FUENTE,213,DU01,SECTOR 02
612,BARRIO LA GRANJA,1213,DU04,SECTOR 12
491,BARRIO LA GUADALUPE,507,DU02,SECTOR 05
463,BARRIO LA HOYA,108,DU01,SECTOR 01
493,BARRIO LA ISLA,509,DU02,SECTOR 05
12,BARRIO LA LEONA,209,DU01,SECTOR 02
465,BARRIO LA MERCED,109,DU01,SECTOR 01
14,BARRIO LA MONCADA,115,DU01,SECTOR 01
496,BARRIO LA PAGODA,505,DU02,SECTOR 05
466,BARRIO LA PEDRERA,118,DU01,SECTOR 01
16,BARRIO LA PLAZUELA,110,DU01,SECTOR 01
464,BARRIO LA RONDA,111,DU01,SECTOR 01
52,BARRIO LA SOLEDAD,1317,DU11,SECTOR 13
647,BARRIO LA SOLEDAD No. 2,1317,DU11,SECTOR 13
501,BARRIO LAS CRUCITAS,733,DU05,SECTOR 07
457,BARRIO LAS DELICIAS,215,DU01,SECTOR 01
508,BARRIO LEMPIRA,602,DU05,SECTOR 06
461,BARRIO LOS DOLORES,114,DU01,SECTOR 01
492,BARRIO MORAZAN,504,DU02,SECTOR 05
481,BARRIO PARCALTAGUA,417,DU02,SECTOR 04
504,BARRIO PERPETUO SOCORRO,607,DU05,SECTOR 06
485,BARRIO PUEBLO NUEVO,413,DU02,SECTOR 04
2,BARRIO PUNTA CALIENTE,206,DU07,SECTOR 02
480,BARRIO SABANAGRANDE,419,DU02,SECTOR 04
482,BARRIO SAN FELIPE,412,DU02,SECTOR 04
609,BARRIO SAN JORGE,1204,DU04,SECTOR 12
278,BARRIO SAN JOSE,2202,DU04,SECTOR 22
510,BARRIO SAN JUAN DE DIOS,1339,DU05,SECTOR 13
803,BARRIO SAN MARTIN,740,DU06,SECTOR 07
21,BARRIO SAN PABLO,304,DU07,SECTOR 03
489,BARRIO SAN RAFAEL,415,DU02,SECTOR 04
525,BARRIO SAUCIQUE,802,DU07,SECTOR 08
500,BARRIO SIPILE,610,DU06,SECTOR 06
515,BARRIO VILLA ADELA,603,DU05,SECTOR 06
658,CARPINTERO,1508,DU07,SECTOR 15
0,CASERIO AGUA BLANCA,2912,DU08,SECTOR 29
842,CASERIO EL DURAZNO,1404,DU06,SECTOR 14
886,CASERIO EL ESPINAL (PARTE),2805,DU10,SECTOR 28
443,CASERIO EL GUAYABAL,0,DU04,SECTOR 23
866,CASERIO EL JICARO,2603,DU09,SECTOR 26
841,CASERIO EL LOLO,1403,DU06,SECTOR 14
843,CASERIO EL PORTILLO,1405,DU06,SECTOR 14
443,CASERIO LAS CASITAS,0,DU04,SECTOR 23
885,CASERIO OJO DE AGUA,0,DU10,SECTOR 28
118,CEMCOL,0,DU03,SECTOR 19
754,CEMENTERIO GENERAL,0,DU06,SECTOR 07
651,CEMENTERIO SANTA ANITA,0,DU11,SECTOR 13
0,CEMENTERIO SUYAPA,0,DU08,SECTOR 29
540,CERRITOS,904,DU07,SECTOR 09
535,CERRO EL PICACHO,0,DU07,SECTOR 08
494,CERRO JUANA LAINEZ,508,DU02,SECTOR 05
87,CHALET FRANCES SAN IGNACIO,1825,DU02,SECTOR 17
468,COLINAS DEL MAYANGLE,762,DU05,SECTOR 07
469,COLONA LAS JACARANDAS,310,DU07,SECTOR 03
0,COLONI A VILLA NUEVA SECTOR 2B,1804,DU08,SECTOR 18
66,COLONIA   19 DE SEPTIEMBRE,1306,DU11,SECTOR 13
650,COLONIA   23 DE JUNIO,1315,DU11,SECTOR 13
77,COLONIA   MONTES  DE BENDICION,1383,DU11,SECTOR 13
330,COLONIA  ALTOS DE SAN FRANCISCO,1305,DU11,SECTOR 13
454,COLONIA  ALTOS DEL BOSQUE,0,DU07,SECTOR 02
487,COLONIA  ARGENTINA,428,DU02,SECTOR 04
75,COLONIA  ARTURO QUEZADA,1346,DU11,SECTOR 13
147,COLONIA  COVESPUL,1817,DU08,SECTOR 18
544,COLONIA  EL MIRADOR,218,DU07,SECTOR 09
756,COLONIA  EL PORVENIR,731,DU06,SECTOR 07
817,COLONIA  EL SOCORRO,608,DU05,SECTOR 06
604,COLONIA  ELVEL,1107,DU02,SECTOR 11
415,COLONIA  GODOY,2314,DU04,SECTOR 23
764,COLONIA  GRANADA,705,DU05,SECTOR 07
652,COLONIA  ISRAEL NORTE,1314,DU11,SECTOR 13
564,COLONIA  LOMA LA MINITA,923,DU07,SECTOR 09
605,COLONIA  LOMA LINDA NORTE,1109,DU02,SECTOR 11
25,COLONIA  LOMA LINDA SUR,1110,DU02,SECTOR 11
37,COLONIA  MILENIUN,0,DU04,SECTOR 12
529,COLONIA  MINA DE AGUA O BRISAS DEL PICACHO,827,DU07,SECTOR 08
56,COLONIA  NUEVA JERUSALEM,1372,DU11,SECTOR 13
530,COLONIA  NUEVA VIERA,0,DU07,SECTOR 08
57,COLONIA  SAN BUENAVENTURA,1380,DU11,SECTOR 13
911,COLONIA  SAN JOSE DE LOARQUE,2308,DU10,SECTOR 28
270,COLONIA  SATELITE,2223,DU10,SECTOR 22
54,COLONIA  VISTA HERMOSA,1312,DU11,SECTOR 13
719,COLONIA 13 DE JULIO,1615,DU02,SECTOR 16
616,COLONIA 14 DE ENERO,0,DU11,SECTOR 13
800,COLONIA 14 DE FEBRERO,728,DU06,SECTOR 07
251,COLONIA 14 DE MARZO,2108,DU03,SECTOR 21
124,COLONIA 15 DE SEPTIEMBRE,2321,DU04,SECTOR 23
157,COLONIA 17 DE SEPTIEMBRE,1810,DU08,SECTOR 18
646,COLONIA 21 DE FEBRERO,1301,DU11,SECTOR 13
560,COLONIA 21 DE OCTUBRE,912,DU07,SECTOR 09
83,COLONIA 25 DE ENERO,1381,DU11,SECTOR 13
726,COLONIA 28 DE MARZO,1619,DU02,SECTOR 16
796,COLONIA 3 DE MAYO,744,DU06,SECTOR 07
715,COLONIA 30 DE NOVIEMBRE,1607,DU08,SECTOR 16
383,COLONIA ABELARDO R FORTIN,2139,DU03,SECTOR 21
1024,COLONIA AEROPUERTO,2302,DU04,SECTOR 23
9,COLONIA ALAHAMBRA,210,DU01,SECTOR 02
591,COLONIA ALAMEDA,1001,DU02,SECTOR 10
783,COLONIA ALEMANIA,751,DU06,SECTOR 07
495,COLONIA ALTAMIRA,502,DU02,SECTOR 05
64,COLONIA ALTOS  DE LOS LAURELES,1303,DU11,SECTOR 13
35,COLONIA ALTOS  DE TILOARQUE,1216,DU04,SECTOR 12
900,COLONIA ALTOS  DEL LOARQUE ETAPA 2,2802,DU10,SECTOR 28
904,COLONIA ALTOS  DEL LOARQUE ETAPA 3,2802,DU10,SECTOR 28
155,COLONIA ALTOS DE AGAFAM,0,DU08,SECTOR 18
928,COLONIA ALTOS DE CENTROAMERICA,0,DU11,SECTOR 25
512,COLONIA ALTOS DE LA DIVANNA,1343,DU05,SECTOR 13
384,COLONIA ALTOS DE LA ELVEL,1112,DU02,SECTOR 11
223,COLONIA ALTOS DE LA JOYA,1916,DU03,SECTOR 19
954,COLONIA ALTOS DE LA LAGUNA,2544,DU11,SECTOR 25
513,COLONIA ALTOS DE LA PRIMAVERA,621,DU05,SECTOR 06
26,COLONIA ALTOS DE LA PRIMAVERA 1,621,DU04,SECTOR 12
316,COLONIA ALTOS DE LA QUEZADA,0,DU11,SECTOR 13
316,COLONIA ALTOS DE LA QUEZADA,0,DU11,SECTOR 13
922,COLONIA ALTOS DE LAS CASCADAS,0,DU11,SECTOR 25
415,COLONIA ALTOS DE LOARQUE ETAPA I,0,DU10,SECTOR 28
0,COLONIA ALTOS DE LOS PINOS,2012,DU09,SECTOR 20
606,COLONIA ALTOS DE MIRAMONTES,1104,DU02,SECTOR 11
256,COLONIA ALTOS DE SAN ISIDRO,0,DU03,SECTOR 21
292,COLONIA ALTOS DE SAN JOSE,2221,DU04,SECTOR 22
878,COLONIA ALTOS DE SANTA ROSA,2713,DU09,SECTOR 27
907,COLONIA ALTOS DE TONCONTIN,2801,DU10,SECTOR 28
638,COLONIA ALTOS DEL MILAGRO,1338,DU05,SECTOR 13
936,COLONIA ALTOS DEL PARAISO,2521,DU11,SECTOR 25
419,COLONIA AMERICA,2312,DU04,SECTOR 23
354,COLONIA ARCIERY,0,DU11,SECTOR 13
79,COLONIA ARCIERY SECTOR II,1370,DU11,SECTOR 13
744,COLONIA ARMANDO CALIDONIO,1634,DU08,SECTOR 16
617,COLONIA ARNULFO CANTARERO LOPEZ,1348,DU11,SECTOR 13
746,COLONIA AURORA,1608,DU08,SECTOR 16
972,COLONIA AUSTRALIA,2514,DU11,SECTOR 25
511,COLONIA BENDECK,1337,DU05,SECTOR 13
931,COLONIA BERL√çN,2542,DU11,SECTOR 25
231,COLONIA BETANIA,1929,DU02,SECTOR 19
556,COLONIA BOLIVAR,901,DU07,SECTOR 09
975,COLONIA BOLIVAR,2402,DU04,SECTOR 24
779,COLONIA BRASILIA,749,DU06,SECTOR 07
840,COLONIA BRISAS DE AGUA AZUL,1414,DU06,SECTOR 14
193,COLONIA BRISAS DE JACALEAPA O LOMAS DE NAVOO I ETAPA,2021,DU03,SECTOR 21
260,COLONIA BRISAS DE JACALEAPA O LOMAS DE NAVOO III ETAPA,2147,DU03,SECTOR 21
261,COLONIA BRISAS DE JACALEAPA O LOMAS DE NAVOO IV ETAPA,2147,DU03,SECTOR 21
784,COLONIA BRISAS DE LA LAGUNA,761,DU06,SECTOR 07
791,COLONIA BRISAS DE OLANCHO,722,DU05,SECTOR 07
0,COLONIA BRISAS DE SUYAPA,2904,DU08,SECTOR 29
291,COLONIA BRISAS DEL CORTIJO,2230,DU04,SECTOR 22
318,COLONIA BRISAS DEL MOGOTE,0,DU11,SECTOR 13
952,COLONIA BRISAS DEL NORTE,2508,DU11,BUENOS AIRES
578,COLONIA BRISAS DEL VALLE,1017,DU02,SECTOR 10
926,COLONIA BUENA VISTA,2530,DU11,SECTOR 25
785,COLONIA BUENAS NUEVAS,757,DU06,SECTOR 07
0,COLONIA BUENOS AIRES DE ORIENTE I ETAPA,2924,DU08,SECTOR 29
0,COLONIA BUENOS AIRES DE ORIENTE II ETAPA,2924,DU08,SECTOR 29
252,COLONIA CALPULES,2109,DU03,SECTOR 21
799,COLONIA CAMPO CIELO,727,DU06,SECTOR 07
546,COLONIA CANAAN,947,DU07,SECTOR 09
789,COLONIA CANADA,720,DU06,SECTOR 07
828,COLONIA CARRIZAL No.2,1364,DU11,SECTOR 13
586,COLONIA CASTAÑOS SUR,1023,DU02,SECTOR 10
619,COLONIA CENTRO AMERICA OESTE,1344,DU11,SECTOR 13
639,COLONIA CENTROAMERICANA,1321,DU05,SECTOR 13
654,COLONIA CERRO GRANDE ZONA 2,1401,DU06,SECTOR 14
519,COLONIA CERRO GRANDE ZONA 3,813,DU06,SECTOR 08
517,COLONIA CERRO GRANDE ZONA 4,814,DU06,SECTOR 08
1001,COLONIA CERRO GRANDE ZONA 4 VI ETAPA,814,DU06,SECTOR 08
523,COLONIA CERRO GRANDE ZONA 8 I ETAPA,840,DU06,SECTOR 08
1010,COLONIA CERRO GRANDE ZONA 8 II ETAPA,846,DU06,SECTOR 08
965,COLONIA CIUDAD GUZMAN,2545,DU11,SECTOR 25
808,COLONIA COFRADIA,743,DU05,SECTOR 07
244,COLONIA COMUNIDAD SOCIAL,0,DU03,SECTOR 21
939,COLONIA CONTINENTAL,2520,DU11,SECTOR 25
640,COLONIA CRISTOBAL DIAZ,1341,DU05,SECTOR 13
597,COLONIA CRUZ LARGA,1027,DU02,SECTOR 10
877,COLONIA CRUZ ROJA,2715,DU09,SECTOR 27
78,COLONIA DAVID BETANCOURHT,1371,DU11,SECTOR 13
192,COLONIA DIOS PROVEERA,2023,DU03,SECTOR 20
641,COLONIA DIVANNA,1343,DU05,SECTOR 13
46,COLONIA EL ALAMO,1207,DU04,SECTOR 12
775,COLONIA EL CARRIZAL,716,DU06,SECTOR 07
967,COLONIA EL CARRIZAL 1-B,2504,DU06,SECTOR 25
958,COLONIA EL CARRIZAL N0.2,2518,DU11,SECTOR 25
561,COLONIA EL CERRITO,916,DU07,SECTOR 09
636,COLONIA EL COUNTRY,1334,DU05,SECTOR 13
210,COLONIA EL DORADO,1917,DU02,SECTOR 19
59,COLONIA EL EDEN,1309,DU11,SECTOR 13
977,COLONIA EL ESTIQUIRIN,0,DU04,SECTOR 24
154,COLONIA EL HIGUERO,1808,DU08,SECTOR 18
208,COLONIA EL HOGAR,1902,DU02,SECTOR 19
527,COLONIA EL JAPON,819,DU07,SECTOR 08
966,COLONIA EL MANANTIAL,0,DU06,SECTOR 25
518,COLONIA EL MIRADOR,0,DU06,SECTOR 08
951,COLONIA EL PEDERNAL,0,DU05,SECTOR 25
599,COLONIA EL PRADO,1102,DU02,SECTOR 11
643,COLONIA EL PROGRESO I,1384,DU05,SECTOR 13
642,COLONIA EL PROGRESO II,1333,DU05,SECTOR 13
875,COLONIA EL RECREO,2714,DU09,SECTOR 27
547,COLONIA EL REPARTO,902,DU07,SECTOR 09
547,COLONIA EL REPARTO,902,DU07,SECTOR 09
60,COLONIA EL RETIRO,1350,DU11,SECTOR 13
0,COLONIA EL SITIO,2922,DU08,SECTOR 29
45,COLONIA EL TREBOL,1231,DU04,SECTOR 12
585,COLONIA EL TRIANGULO,1013,DU02,SECTOR 10
39,COLONIA EL VACILON,1211,DU04,SECTOR 12
0,COLONIA EL ZAPOTE,0,DU08,SECTOR 29
237,COLONIA ERENDIRA,2116,DU03,SECTOR 21
613,COLONIA ESPIRITU SANTO,1327,DU05,SECTOR 13
710,COLONIA ESTADOS UNIDOS,1601,DU08,SECTOR 16
276,COLONIA FALDAS DEL PEDREGAL,2204,DU04,SECTOR 22
55,COLONIA FATIMA,1316,DU11,SECTOR 13
0,COLONIA FEHCOVIL,2902,DU08,SECTOR 29
478,COLONIA FERNANDO CALDERON,0,DU07,SECTOR 09
978,COLONIA FLOR DEL CAMPO,2414,DU04,SECTOR 24
788,COLONIA FLOR No. 1,725,DU06,SECTOR 07
805,COLONIA FLOR No. 2,741,DU06,SECTOR 07
667,COLONIA FLORENCIA NORTE,1702,DU02,SECTOR 17
666,COLONIA FLORENCIA OESTE,1704,DU02,SECTOR 17
86,COLONIA FLORENCIA SUR,1703,DU02,SECTOR 17
0,COLONIA FLORES DE ORIENTE,2905,DU08,SECTOR 29
801,COLONIA FRANCISCO MORAZAN,729,DU06,SECTOR 07
282,COLONIA FRANCISCO MURILLO SOTO,2210,DU04,SECTOR 22
846,COLONIA FRATERNIDAD PESPIRENSE,0,DU06,SECTOR 07
914,COLONIA FUENTE DE VIDA,0,DU11,SECTOR 25
368,COLONIA FUENTES  DE MIRAFLORES,1937,DU03,SECTOR 19
792,COLONIA FUERZAS ARMADAS,768,DU05,SECTOR 07
942,COLONIA FUERZAS UNIDAS,2533,DU11,SECTOR 25
956,COLONIA GENERACION 2000,2540,DU11,SECTOR 25
558,COLONIA GIRASOLES,908,DU07,SECTOR 09
143,COLONIA GLORIA A DIOS,1816,DU02,SECTOR 18
944,COLONIA GRACIAS A DIOS,2502,DU05,SECTOR 25
760,COLONIA GUAMILITO,755,DU06,SECTOR 07
548,COLONIA GUILLEN,906,DU07,SECTOR 09
98,COLONIA HATO DE ENMEDIO AMPLIACION BLOQUE I Y J,0,DU02,SECTOR 18
141,COLONIA HATO DE ENMEDIO SECTOR 1,1801,DU02,SECTOR 18
138,COLONIA HATO DE ENMEDIO SECTOR 2,1801,DU02,SECTOR 18
136,COLONIA HATO DE ENMEDIO SECTOR 3,1801,DU02,SECTOR 18
336,COLONIA HATO DE ENMEDIO SECTOR 4,1801,DU02,SECTOR 18
137,COLONIA HATO DE ENMEDIO SECTOR 5,1801,DU02,SECTOR 18
133,COLONIA HATO DE ENMEDIO SECTOR 6,1801,DU02,SECTOR 18
135,COLONIA HATO DE ENMEDIO SECTOR 6A,1801,DU08,SECTOR 18
134,COLONIA HATO DE ENMEDIO SECTOR 7,1801,DU02,SECTOR 18
139,COLONIA HATO DE ENMEDIO SECTOR 8,1801,DU02,SECTOR 18
140,COLONIA HATO DE ENMEDIO SECTOR 9,1801,DU08,SECTOR 18
146,COLONIA HATO DE ENMEDIO SECTOR10,1801,DU08,SECTOR 18
982,COLONIA HENRY MERRIAN,2412,DU04,SECTOR 24
836,COLONIA HOLLYWOOD,1331,DU05,SECTOR 13
601,COLONIA HUMUYA,1101,DU02,SECTOR 11
629,COLONIA IBERIA,767,DU05,SECTOR 07
993,COLONIA INESTROZA,2419,DU04,SECTOR 24
634,COLONIA INTERAMERICANA,1332,DU05,SECTOR 13
53,COLONIA ISRAEL SUR,1313,DU11,SECTOR 13
728,COLONIA IZAGUIRRE,1612,DU02,SECTOR 16
23,COLONIA JARDIN LAS MERCEDES,307,DU07,SECTOR 03
473,COLONIA JARDIN NORMA,430,DU02,SECTOR 04
22,COLONIA JARDIN SANTA ROSA,306,DU07,SECTOR 03
271,COLONIA JARDINES DE LOARQUE,2105,DU09,SECTOR 21
216,COLONIA JARDINES DE MIRAFLORES,1919,DU03,SECTOR 19
973,COLONIA JARDINES DE TONCONTIN,2403,DU04,SECTOR 24
937,COLONIA JARDINES DEL CARRIZAL,2528,DU11,SECTOR 25
961,COLONIA JARDINES DEL NORTE,2519,DU11,SECTOR 25
471,COLONIA JARDINES LAS COLINAS,308,DU07,SECTOR 03
957,COLONIA JOSE ANGEL ULLOA,2524,DU11,SECTOR 25
953,COLONIA JOSE ARTURO DUARTE,2522,DU11,SECTOR 25
549,COLONIA JOSE SIMON AZCONA,948,DU07,SECTOR 09
920,COLONIA JOSE TRINIDAD CABA√ëAS,2536,DU11,SECTOR 25
516,COLONIA JUAN LINDO,0,DU05,SECTOR 06
171,COLONIA KENNEDY SUPER MANZANA 1,2001,DU03,SECTOR 20
170,COLONIA KENNEDY SUPER MANZANA 2,2001,DU03,SECTOR 20
167,COLONIA KENNEDY SUPER MANZANA 3,2001,DU03,SECTOR 20
168,COLONIA KENNEDY SUPER MANZANA 4,2001,DU03,SECTOR 20
165,COLONIA KENNEDY SUPER MANZANA 5,2001,DU03,SECTOR 20
166,COLONIA KENNEDY SUPER MANZANA 6,2001,DU03,SECTOR 20
236,COLONIA KUWAYT,0,DU03,SECTOR 21
588,COLONIA LA AURORA,1004,DU02,SECTOR 10
974,COLONIA LA BURRERA,2404,DU04,SECTOR 24
474,COLONIA LA CAMPA√ëA,410,DU02,SECTOR 04
829,COLONIA LA CAMPA√ëA O MAYA CENTRO,426,DU02,SECTOR 04
0,COLONIA LA ERA,2911,DU08,SECTOR 29
727,COLONIA LA ESPERANZA,1613,DU02,SECTOR 16
577,COLONIA LA ESTANCIA,1025,DU02,SECTOR 10
392,COLONIA LA FELICIDAD,2360,DU04,SECTOR 23
559,COLONIA LA FRATERNIDAD,905,DU02,SECTOR 09
735,COLONIA LA FRATERNIDAD ANEXO,0,DU02,SECTOR 16
648,COLONIA LA FUENTE I  ETAPA,1345,DU11,SECTOR 13
649,COLONIA LA FUENTE II ETAPA,1345,DU11,SECTOR 13
763,COLONIA LA HAYA,704,DU05,SECTOR 07
489,COLONIA LA HOYA,427,DU02,SECTOR 04
314,COLONIA LA HUERTA,0,DU11,SECTOR 13
795,COLONIA LA INDEPENDENCIA,723,DU05,SECTOR 07
224,COLONIA LA JOYA,1912,DU03,SECTOR 19
567,COLONIA LA JOYA,907,DU07,SECTOR 09
226,COLONIA LA JOYA FOSOVI,1913,DU03,SECTOR 19
340,COLONIA LA JOYA MATAMOROS,0,DU03,SECTOR 19
790,COLONIA LA LAGUNA,721,DU05,SECTOR 07
571,COLONIA LA LEONA DEL RINCON,941,DU07,SECTOR 09
156,COLONIA LA LIBERTAD,1809,DU08,SECTOR 18
158,COLONIA LA LIBERTAD 2,0,DU08,SECTOR 18
678,COLONIA LA LOMA,1735,DU02,SECTOR 17
759,COLONIA LA OBRERA,738,DU06,SECTOR 07
369,COLONIA LA PE√ëA,2121,DU03,SECTOR 21
346,COLONIA LA POPULAR,2110,DU03,SECTOR 21
976,COLONIA LA PRADERA,2406,DU04,SECTOR 24
608,COLONIA LA PRIMAVERA,1220,DU04,SECTOR 12
274,COLONIA LA PROVIDENCIA,2226,DU04,SECTOR 22
24,COLONIA LA REFORMA,305,DU07,SECTOR 03
986,COLONIA LA ROSA,2415,DU04,SECTOR 24
0,COLONIA LA SOSA,2914,DU08,SECTOR 29
0,COLONIA LA TRAVESIA,2913,DU08,SECTOR 16
0,COLONIA LA TRAVESIA,2913,DU08,SECTOR 29
0,COLONIA LA TRAVESIA SECTOR EL MIRADOR,2926,DU08,SECTOR 29
0,COLONIA LA TRAVESIA SECTOR No. 5,2913,DU08,SECTOR 29
402,COLONIA LA TRINIDAD,2201,DU04,SECTOR 22
711,COLONIA LA TRINIDAD,1603,DU08,SECTOR 16
712,COLONIA LA UNION,1605,DU08,SECTOR 16
479,COLONIA LARA,408,DU02,SECTOR 04
477,COLONIA LARA NORTE,9992,DU02,SECTOR 04
968,COLONIA LAS ACACIAS,2504,DU06,SECTOR 25
706,COLONIA LAS ANONAS,1639,DU07,SECTOR 16
804,COLONIA LAS AYESTAS,742,DU06,SECTOR 07
230,COLONIA LAS BRISAS,1911,DU03,SECTOR 19
3,COLONIA LAS CANTERAS,207,DU07,SECTOR 02
209,COLONIA LAS COLINAS,1904,DU02,SECTOR 19
531,COLONIA LAS CRUCITAS,809,DU07,SECTOR 08
532,COLONIA LAS CRUCITAS No. 2,0,DU07,SECTOR 08
458,COLONIA LAS DELICIAS,9982,DU01,SECTOR 02
238,COLONIA LAS GRANJITAS,2117,DU03,SECTOR 21
0,COLONIA LAS LOMITAS,0,DU08,SECTOR 29
807,COLONIA LAS MERCEDES,736,DU05,SECTOR 07
589,COLONIA LAS MINITAS,1003,DU02,SECTOR 10
196,COLONIA LAS PALMAS,2004,DU03,SECTOR 20
484,COLONIA LAS PALOMAS,411,DU02,SECTOR 04
782,COLONIA LAS PAVAS,719,DU06,SECTOR 07
994,COLONIA LAS TORRES,2417,DU04,SECTOR 24
239,COLONIA LAS VEGAS  FECESITLIH,2137,DU03,SECTOR 21
950,COLONIA LAS VEGAS DEL CARRIZAL,0,DU11,SECTOR 25
946,COLONIA LINCOLN,2509,DU11,SECTOR 25
584,COLONIA LINDA VISTA,1009,DU02,SECTOR 10
921,COLONIA LINDA VISTA,0,DU11,SECTOR 25
818,COLONIA LINTON,225,DU07,SECTOR 02
945,COLONIA LIVERPOOL,0,DU05,SECTOR 25
267,COLONIA LOARQUE,9993,DU09,SECTOR 21
374,COLONIA LOARQUE COMERCIAL,0,DU09,SECTOR 21
269,COLONIA LOARQUE SUR,2104,DU09,SECTOR 21
579,COLONIA LOMA ALTA,1026,DU02,SECTOR 10
331,COLONIA LOMA DE LA JOYA,1931,DU03,SECTOR 19
343,COLONIA LOMA SUR,2150,DU03,SECTOR 21
190,COLONIA LOMAS DE SAN JOSE  I ETAPA,2018,DU03,SECTOR 20
195,COLONIA LOMAS DE SAN JOSE  II ETAPA,2018,DU03,SECTOR 20
32,COLONIA LOMAS DE TILOARQUE ETAPA I,1208,DU04,SECTOR 12
33,COLONIA LOMAS DE TILOARQUE ETAPA II,1208,DU04,SECTOR 12
909,COLONIA LOMAS DE TONCONTIN I ETAPA,2813,DU10,SECTOR 28
906,COLONIA LOMAS DE TONCONTIN II ETAPA,2813,DU10,SECTOR 28
912,COLONIA LOMAS DE TONCONTIN III ETAPA,2813,DU10,SECTOR 28
819,COLONIA LOMAS DEL BOSQUE,829,DU07,SECTOR 08
288,COLONIA LOMAS DEL CORTIJO,2213,DU04,SECTOR 22
637,COLONIA LOMAS DEL COUNTRY,1336,DU05,SECTOR 13
593,COLONIA LOMAS DEL GUIJARRO,1006,DU02,SECTOR 10
596,COLONIA LOMAS DEL MAYAB,1008,DU02,SECTOR 10
962,COLONIA LOMAS DEL NORTE,2507,DU11,SECTOR 25
870,COLONIA LOMAS DEL TIZATILLO,0,DU09,SECTOR 27
587,COLONIA LOMAS DELCASTAÑOS SUR,1018,DU02,SECTOR 10
576,COLONIA LOS ALMENDROS,1010,DU02,SECTOR 10
348,COLONIA LOS ALPES No.1,2146,DU03,SECTOR 21
249,COLONIA LOS ALPES No.2,2142,DU03,SECTOR 21
947,COLONIA LOS ANDES,0,DU11,SECTOR 25
402,COLONIA LOS ANGELES,2315,DU04,SECTOR 23
486,COLONIA LOS CASTAÑOS,401,DU02,SECTOR 04
948,COLONIA LOS CENTENOS,2512,DU11,SECTOR 25
949,COLONIA LOS CENTENOS II,2543,DU11,SECTOR 25
418,COLONIA LOS ENSUE√ëOS,2352,DU04,SECTOR 23
981,COLONIA LOS OLMOS,2422,DU04,SECTOR 24
416,COLONIA LOS PERIODISTAS,2316,DU04,SECTOR 23
0,COLONIA LOS PINOS,2032,DU09,SECTOR 20
735,COLONIA LOS PROCERES,1609,DU02,SECTOR 16
665,COLONIA LOS PROFESIONALES,1706,DU02,SECTOR 17
831,COLONIA LOS PROFESORES,734,DU06,SECTOR 07
0,COLONIA LOS QUEBRACHITOS,0,DU08,SECTOR 29
395,COLONIA LOS ROBLES,2303,DU04,SECTOR 23
289,COLONIA LOS ZORZALES I,2215,DU04,SECTOR 22
290,COLONIA LOS ZORZALES II,2215,DU04,SECTOR 22
987,COLONIA LUIS ANDRES ZUNIGA,2431,DU04,SECTOR 24
257,COLONIA LUIS FERNANDO CORDOBA,2153,DU03,SECTOR 21
163,COLONIA LUIS LANDA,1805,DU02,SECTOR 18
753,COLONIA MANANTIAL,718,DU06,SECTOR 07
44,COLONIA MARADIAGA,1215,DU04,SECTOR 12
40,COLONIA MARIA CRISTINA,1203,DU04,SECTOR 12
809,COLONIA MARICHAL,921,DU07,SECTOR 09
,,,,
475,COLONIA MATAMOROS,409,DU02,SECTOR 04
630,COLONIA MAYANGLE,1335,DU05,SECTOR 13
472,COLONIA MEJIA,315,DU07,SECTOR 03
773,COLONIA MELGAR,706,DU06,SECTOR 07
255,COLONIA MIRADOR DE SAN ISIDRO,2122,DU03,SECTOR 21
375,COLONIA MIRADOR DEL LOARQUE,2106,DU09,SECTOR 21
50,COLONIA MIRAFLOR,1222,DU04,SECTOR 12
215,COLONIA MIRAFLORES,1908,DU03,SECTOR 19
217,COLONIA MIRAFLORES SUR,1907,DU03,SECTOR 19
352,COLONIA MIRAFLORES SUR LOTE 32,1934,DU03,SECTOR 19
1,COLONIA MIRAMESI,205,DU07,SECTOR 02
602,COLONIA MIRAMONTES,1106,DU02,SECTOR 11
422,COLONIA MODELO,2318,DU04,SECTOR 23
562,COLONIA MODESTO RODAS ALVARADO,909,DU07,SECTOR 09
979,COLONIA MODESTO RODAS ALVARADO,2409,DU04,SECTOR 24
0,COLONIA MOLOLOA,0,DU08,SECTOR 29
762,COLONIA MONSE√ëOR FIALLOS,703,DU05,SECTOR 07
917,COLONIA MONTE DE LOS OLIVOS,2534,DU11,SECTOR 25
865,COLONIA MONTE FRESCO,2605,DU09,SECTOR 26
674,COLONIA MONTE VERDE,1715,DU02,SECTOR 17
583,COLONIA MONTECARLO,1015,DU02,SECTOR 10
285,COLONIA MONTELIMAR,2219,DU04,SECTOR 22
262,COLONIA MONTERREY,2120,DU03,SECTOR 21
264,COLONIA MONTERREY NORTE,0,DU03,SECTOR 21
345,COLONIA MONTES DE SINAI,2112,DU03,SECTOR 21
235,COLONIA NORA DE MELGAR,0,DU03,SECTOR 19
916,COLONIA NUEVA AUSTRALIA,2541,DU11,SECTOR 25
940,COLONIA NUEVA CAPITAL,2527,DU11,SECTOR 25
934,COLONIA NUEVA DANLI,2526,DU11,SECTOR 25
645,COLONIA NUEVA ERA,1347,DU11,SECTOR 13
720,COLONIA NUEVA ERA,1616,DU08,SECTOR 16
81,COLONIA NUEVA ESPA√ëA,1386,DU11,SECTOR 13
30,COLONIA NUEVA ESPERANZA,1221,DU04,SECTOR 12
80,COLONIA NUEVA GALILEA,1385,DU11,SECTOR 13
84,COLONIA NUEVA JERUSALEN No.2,0,DU11,SECTOR 13
63,COLONIA NUEVA OROCUINA,1304,DU11,SECTOR 13
941,COLONIA NUEVA PROVIDENCIA,2531,DU11,SECTOR 25
552,COLONIA NUEVA SANTA ROSA,928,DU07,SECTOR 09
724,COLONIA NUEVA VIERA,1630,DU02,SECTOR 16
983,COLONIA NUEVAS DELICIAS,2423,DU04,SECTOR 24
29,COLONIA NUEVO AMANECER,1217,DU04,SECTOR 12
723,COLONIA NUEVO EDEN,1640,DU02,SECTOR 16
376,COLONIA NUEVO LOARQUE,2107,DU09,SECTOR 21
963,COLONIA NUEVOS HORIZONTES,2510,DU06,SECTOR 25
0,COLONIA OJO DE AGUA,0,DU08,SECTOR 29
287,COLONIA OSCAR A FLORES,2216,DU04,SECTOR 22
28,COLONIA OSCAR CASTRO TEJADA,1236,DU04,SECTOR 12
490,COLONIA PALERMO,501,DU02,SECTOR 05
488,COLONIA PALMIRA,433,DU02,SECTOR 04
595,COLONIA PAYAQUI,1012,DU02,SECTOR 10
766,COLONIA PEDREGALITO,707,DU05,SECTOR 07
833,COLONIA PEDREGALITO No. 2,707,DU05,SECTOR 07
607,COLONIA PEREZ,1108,DU02,SECTOR 11
34,COLONIA PERITOS MERCANTILES,1226,DU04,SECTOR 12
528,COLONIA PICACHITO,801,DU07,SECTOR 08
631,COLONIA PIEDRA BLANCA (ALTOS DE LA MAYANGLE),1368,DU05,SECTOR 13
868,COLONIA PLAN DE LOS PINOS,2601,DU09,SECTOR 26
798,COLONIA POLICARPO PAZ,715,DU05,SECTOR 07
624,COLONIA PRIMERO DE DICIEMBRE,1379,DU05,SECTOR 13
61,COLONIA PUEBLO NUEVO,1377,DU11,SECTOR 13
772,COLONIA PUNTA ARENA,0,DU06,SECTOR 07
598,COLONIA QUEZADA,1103,DU02,SECTOR 11
767,COLONIA RAFAEL L. CALLEJAS,708,DU05,SECTOR 07
246,COLONIA RAMON ALVAREZ MALDONADO,2148,DU03,SECTOR 21
76,COLONIA RAMON AMAYA AMADOR,1369,DU11,SECTOR 13
821,COLONIA REPARTO MANDOFER,1024,DU02,SECTOR 10
554,COLONIA RIO ALTO,924,DU07,SECTOR 09
372,COLONIA RIO GRANDE NORTE,2103,DU09,SECTOR 21
373,COLONIA RIO GRANDE SUR,0,DU09,SECTOR 21
1000,COLONIA RIVAS,2405,DU04,SECTOR 24
293,COLONIA RIVERAS DE LA VEGA,2220,DU04,SECTOR 22
275,COLONIA ROBERTO SUAZO CORDOVA,2203,DU04,SECTOR 22
551,COLONIA ROBERTO SUAZO CORDOVA,919,DU07,SECTOR 09
514,COLONIA RODRIGUEZ,616,DU05,SECTOR 06
240,COLONIA ROMA,2118,DU03,SECTOR 21
778,COLONIA ROSALINDA,754,DU06,SECTOR 07
770,COLONIA ROSARIO,713,DU05,SECTOR 07
88,COLONIA RUBEN ANTUNEZ,1707,DU02,SECTOR 17
590,COLONIA RUBEN DARIO,1002,DU02,SECTOR 10
526,COLONIA SAGASTUME,823,DU07,SECTOR 08
164,COLONIA SAN ANGEL,2010,DU03,SECTOR 20
483,COLONIA SAN CARLOS,407,DU02,SECTOR 04
806,COLONIA SAN CRISTOBAL,735,DU05,SECTOR 07
653,COLONIA SAN FRANCISCO,1311,DU11,SECTOR 13
161,COLONIA SAN IGNACIO,1802,DU02,SECTOR 18
453,COLONIA SAN JOSE DE LA MONTA√ëA,208,DU07,SECTOR 02
347,COLONIA SAN JOSE DE LA PE√ëA,2111,DU03,SECTOR 21
263,COLONIA SAN JOSE DE LOS LLANOS,2119,DU03,SECTOR 21
277,COLONIA SAN JOSE DEL PEDREGAL,2205,DU04,SECTOR 22
825,COLONIA SAN JUAN BOSCO,1020,DU02,SECTOR 10
938,COLONIA SAN JUAN BOSCO,2516,DU11,SECTOR 25
780,COLONIA SAN JUAN DEL NORTE,0,DU06,SECTOR 07
960,COLONIA SAN LORENZO,2532,DU06,SECTOR 25
984,COLONIA SAN LUIS,2408,DU04,SECTOR 24
718,COLONIA SAN MIGUEL,1614,DU02,SECTOR 16
603,COLONIA SAN RAFAEL,1105,DU02,SECTOR 11
725,COLONIA SANTA ANITA O QUEBRACHAL,1620,DU02,SECTOR 16
992,COLONIA SANTA BARBARA,2418,DU04,SECTOR 24
614,COLONIA SANTA CECILIA No.1,1326,DU05,SECTOR 13
935,COLONIA SANTA CLARA,9995,DU11,SECTOR 25
62,COLONIA SANTA EDUVIGES,1308,DU11,SECTOR 13
765,COLONIA SANTA FE,711,DU05,SECTOR 07
199,COLONIA SANTA ISABEL,2003,DU03,SECTOR 20
736,COLONIA SANTA ISABEL,1610,DU02,SECTOR 16
776,COLONIA SANTA ISABEL,717,DU06,SECTOR 07
280,COLONIA SANTO DOMINGO,2209,DU04,SECTOR 22
0,COLONIA SECTOR MATUTE,0,DU08,SECTOR 29
714,COLONIA SEMPE,1606,DU08,SECTOR 16
537,COLONIA SITIO ARRIBA,927,DU07,STI
959,COLONIA SMITH No.1,2511,DU06,SECTOR 25
964,COLONIA SMITH No.2,2511,DU06,SECTOR 25
758,COLONIA SOTO O PLANES DEL BERRINCHE,730,DU06,SECTOR 07
618,COLONIA SUPERACION,1352,DU11,SECTOR 13
592,COLONIA TEPEYAC,1005,DU02,SECTOR 10
610,COLONIA TILOARQUE,1205,DU04,SECTOR 12
27,COLONIA TILOARQUE NORTE,1218,DU04,SECTOR 12
768,COLONIA TOROCAGUA,710,DU05,SECTOR 07
668,COLONIA TRES CAMINOS,1705,DU02,SECTOR 17
923,COLONIA UNIDAD Y FUERZA,2538,DU11,SECTOR 25
673,COLONIA UNIVERSIDAD NORTE,1701,DU02,SECTOR 17
0,COLONIA UNIVERSIDAD SUYAPA,0,DU08,SECTOR 29
635,COLONIA VEGAS DEL COUNTRY,1330,DU05,SECTOR 13
243,COLONIA VEGAS DEL RIO,2138,DU03,SECTOR 21
989,COLONIA VENECIA,2416,DU04,SECTOR 24
611,COLONIA VENEZUELA,1210,DU11,SECTOR 13
317,COLONIA VICENTE LOPEZ,0,DU11,SECTOR 13
184,COLONIA VICTOR F ARDON,2008,DU09,SECTOR 20
553,COLONIA VIEJA SANTA ROSA,913,DU07,SECTOR 09
468,COLONIA VIERA,301,DU07,SECTOR 03
626,COLONIA VILLA CENTRO AMERICA,1363,DU05,SECTOR 13
777,COLONIA VILLA CRISTINA,745,DU06,SECTOR 07
47,COLONIA VILLA ESPA√ëOLA,1206,DU04,SECTOR 12
545,COLONIA VILLA ESTANZUELA,0,DU07,SECTOR 09
781,COLONIA VILLA FRANCA,770,DU06,SECTOR 07
733,COLONIA VILLA LOS CIRUELOS,1626,DU02,SECTOR 16
65,COLONIA VILLA LOS LAURELES,1378,DU11,SECTOR 13
980,COLONIA VILLA NELITA,2410,DU04,SECTOR 24
0,COLONIA VILLA NUEVA SECTOR 1A,1804,DU08,SECTOR 18
0,COLONIA VILLA NUEVA SECTOR 1B,1804,DU08,SECTOR 18
0,COLONIA VILLA NUEVA SECTOR 2A,1804,DU08,SECTOR 18
0,COLONIA VILLA NUEVA SECTOR 3,2002,DU09,SECTOR 20
0,COLONIA VILLA NUEVA SECTOR 4,2002,DU09,SECTOR 20
0,COLONIA VILLA NUEVA SECTOR 5,2002,DU09,SECTOR 20
0,"COLONIA VILLA NUEVA SECTOR 6, ETAPA 1 ( SECTOR ILOVARES )",2002,DU09,SECTOR 20
0,"COLONIA VILLA NUEVA SECTOR 6, ETAPA 1 ( SITIO CARRANZA DO√ëA MARGARITA )",2002,DU09,SECTOR 20
0,"COLONIA VILLA NUEVA SECTOR 6, ETAPA 2",2002,DU09,SECTOR 20
0,"COLONIA VILLA NUEVA SECTOR 6, ETAPA 3",2002,DU09,SECTOR 20
0,"COLONIA VILLA NUEVA SECTOR 6, ETAPA 4",2002,DU09,SECTOR 20
0,"COLONIA VILLA NUEVA SECTOR 6, ETAPA A",2002,DU03,SECTOR 20
0,"COLONIA VILLA NUEVA SECTOR 6, ETAPA B",2002,DU03,SECTOR 20
0,"COLONIA VILLA NUEVA SECTOR 6, SIN LEVANTAMIENTO",2002,DU09,SECTOR 20
0,"COLONIA VILLA NUEVA SECTOR 6, SIN LEVANTAMIENTO",2002,DU09,SECTOR 20
0,COLONIA VILLA NUEVA SECTOR 7A,2002,DU09,SECTOR 20
0,COLONIA VILLA NUEVA SECTOR 7B,1804,DU08,SECTOR 18
0,COLONIA VILLA NUEVA SECTOR 8,1804,DU08,SECTOR 18
0,COLONIA VILLA NUEVA SUYAPA,2901,DU08,SECTOR 29
615,COLONIA VILLA SAN ANTONIO O BOQUERON,1325,DU05,SECTOR 13
847,COLONIA VILLA SAN JOSE,770,DU06,SECTOR 07
563,COLONIA VILLA SANTA MARGARITA,942,DU07,SECTOR 09
787,COLONIA VILLA UNION,769,DU06,SECTOR 07
557,COLONIA VILLAS DEL RIO,915,DU07,SECTOR 09
0,COLONIA VISTA HERMOSA,0,DU08,SECTOR 29
258,COLONIA VISTA HERMOSA,2123,DU03,SECTOR 21
955,COLONIA VISTA HERMOSA,2503,DU11,SECTOR 25
794,COLONIA ZAPOTE CENTRO,724,DU05,SECTOR 07
793,COLONIA ZAPOTE NORTE,765,DU05,SECTOR 07
10,COLONIA ZARAGOZA,211,DU07,SECTOR 02
423,COLONIA ZUNLACAL,2301,DU04,SECTOR 23
286,COLONIAI JARDINES DE SAN JOSE,2207,DU04,SECTOR 22
991,COLONIIA PREDIOS DEL RECREO,2430,DU04,SECTOR 24
671,COMPLEJO DEPORTIVO JOSE SIMON AZCONA VILLA OLIMPICA,0,DU02,SECTOR 17
851,COMPLEJO INDUSTRIAL SAN MIGUEL,0,DU07,SECTOR 16
675,CONDOMINIOS  EL MIRADOR,0,DU02,SECTOR 17
333,CONDOMINIOS ALTOS DE MIRAFLORES SUR LOTE 33,0,DU03,SECTOR 19
420,CONDOMINIOS EL DORAL,2366,DU04,SECTOR 23
43,CONDOMINIOS LAS MARIAS,0,DU04,SECTOR 12
580,CONDOMINIOS LOMA ALTA,0,DU02,SECTOR 10
838,CONDOMINIOS LOMAS DEL COUNTRY,1375,DU05,SECTOR 13
543,CONDOMINIOS MONTE VISTA,0,DU07,SECTOR 09
325,CONDOMINIOS QUINTA BELLA,1824,DU02,SECTOR 18
709,CONDOMINIOS RESIDENCIALES VILLAS DEL MOLINO,1651,DU08,SECTOR 16
709,CONDOMINIOS RESIDENCIALES VILLAS DEL MOLINO III ETAPA,1651,DU08,SECTOR 16
18,CONDOMINIOS VIERA,316,DU07,SECTOR 03
248,CONVENTO MISIONERO,0,DU03,SECTOR 21
120,CORTE SUPREMA DE JUSTICIA,0,DU03,SECTOR 19
0,ECO VIVIENDAS,2907,DU08,SECTOR 29
273,EL AGUACATE,0,DU09,SECTOR 21
524,EL BERRINCHE,824,DU06,SECTOR 08
816,EL GRAN MIRADOR,0,DU07,SECTOR 15
632,EL TABLON,9999,DU05,SECTOR 13
538,EL TRIGO,940,DU07,SECTOR 09
685,ESTADIO NACIONAL,0,DU02,SECTOR 05
385,FUERZA AEREA HONDURE√ëA,0,DU04,SECTOR 22
127,HOSPITAL MARIA,0,DU08,SECTOR 18
115,INFOP,0,DU03,SECTOR 20
234,LA VEGA,9981,DU04,SECTOR 22
396,LLANO DEL POTRERO,2322,DU04,SECTOR 23
879,LOS TROZOS,2705,DU09,SECTOR 27
214,MALL LAS CASCADAS,0,DU02,SECTOR 19
771,MALL PREMIER,0,DU05,SECTOR 07
38,METRO MALL,0,DU04,SECTOR 12
51,MIRADOR DE TILOARQUE,1235,DU04,SECTOR 12
237,PLAN DE LAS LOMAS,1225,DU04,SECTOR 12
119,PLANTEL SANAA,0,DU03,SECTOR 21
116,PLAZA CUBA,0,DU03,SECTOR 18
117,PLAZA MIRAFLORES,0,DU02,SECTOR 19
997,PORTAL DE LAS FLORES,0,DU04,SECTOR 24
575,PROPIEDAD DE  COHDEFOR,0,DU07,SECTOR 09
998,REPRESA LOS LAURELES,0,,SECTOR 24
213,RESIDENCAL ALTOS DE LAS COLINAS,1905,DU02,SECTOR 19
247,RESIDENCIAL ALEMAN,2113,DU03,SECTOR 21
436,RESIDENCIAL ALESSA,0,DU04,SECTOR 23
902,RESIDENCIAL ALEXA,0,DU10,SECTOR 28
367,RESIDENCIAL ALTOS DE  LA GRANJA (PROYECTO),9991,DU04,SECTOR 12
411,RESIDENCIAL ALTOS DE CIMARRON,0,DU10,SECTOR 23
403,RESIDENCIAL ALTOS DE LAS  HADAS,2333,DU04,SECTOR 23
679,RESIDENCIAL ALTOS DE LAS LOMAS,1713,DU02,SECTOR 17
219,RESIDENCIAL ALTOS DE MIRAFLORES SUR I ETAPA,1933,DU03,SECTOR 19
339,RESIDENCIAL ALTOS DE MIRAFLORES SUR II ETAPA,1934,DU03,SECTOR 19
218,RESIDENCIAL ALTOS DE MIRAFLORES SUR III ETAPA,1935,DU03,SECTOR 19
265,RESIDENCIAL ALTOS DE VENECIA I ETAPA,2152,DU09,SECTOR 21
377,RESIDENCIAL ALTOS DE VENECIA II ATAPA,2152,DU09,SECTOR 21
378,RESIDENCIAL ALTOS DE VENECIA III ATAPA,2152,DU09,SECTOR 21
131,RESIDENCIAL ALTOS DEL TRAPICHE I ETAPA,1818,DU08,SECTOR 18
132,RESIDENCIAL ALTOS DEL TRAPICHE II ETAPA,1818,DU08,SECTOR 18
148,RESIDENCIAL ALTOS DEL TRAPICHE III ETAPA,1818,DU08,SECTOR 18
149,RESIDENCIAL ALTOS DEL TRAPICHE IV ETAPA,1818,DU08,SECTOR 18
150,RESIDENCIAL ALTOS DEL TRAPICHE V ETAPA,1818,DU08,SECTOR 18
151,RESIDENCIAL ALTOS DEL TRAPICHE VI ETAPA,1826,DU08,SECTOR 18
130,RESIDENCIAL ALTOS DEL TRAPICHE VI-B,1830,DU08,SECTOR 18
49,RESIDENCIAL ATLANTIS,1223,DU04,SECTOR 12
364,RESIDENCIAL AZULEJOS DE SAN IGNACIO,0,DU02,SECTOR 18
144,RESIDENCIAL BELLA ORIENTE,1803,DU02,SECTOR 18
198,RESIDENCIAL BERNARDO DAZZI I  ETAPA,2005,DU03,SECTOR 20
188,RESIDENCIAL BERNARDO DAZZI II ETAPA,2005,DU03,SECTOR 20
197,RESIDENCIAL BERNARDO DAZZI III ETAPA,2005,DU03,SECTOR 20
455,RESIDENCIAL BUENA VISTA,0,DU01,SECTOR 02
555,RESIDENCIAL CAMINO DEL HATILLO,944,DU07,SECTOR 09
400,RESIDENCIAL CASA VERDE,2355,DU04,SECTOR 23
162,RESIDENCIAL CASAVOLA,1806,DU02,SECTOR 18
401,RESIDENCIAL CATESA,0,DU04,SECTOR 23
628,RESIDENCIAL CENTRO AMERICA ESTE ANEXO SUR,1319,DU05,SECTOR 13
623,RESIDENCIAL CENTRO AMERICA ESTE I ETAPA,1320,DU05,SECTOR 13
622,RESIDENCIAL CENTRO AMERICA ESTE II ETAPA,1320,DU05,SECTOR 13
621,RESIDENCIAL CENTRO AMERICA ESTE III ETAPA,1320,DU05,SECTOR 13
620,RESIDENCIAL CENTRO AMERICA ESTE IV ETAPA,1320,DU05,SECTOR 13
161,RESIDENCIAL CERRO AZUL,2923,DU08,SECTOR 29
969,RESIDENCIAL CIUDAD DEL ANGEL,2525,DU11,SECTOR 25
334,RESIDENCIAL CIUDAD JARDIN,2029,DU09,SECTOR 20
73,RESIDENCIAL CIUDAD LEMPIRA I ETAPA,1362,DU11,SECTOR 13
74,RESIDENCIAL CIUDAD LEMPIRA II ETAPA,1362,DU11,SECTOR 13
82,RESIDENCIAL CIUDAD LEMPIRA III ETAPA,1362,DU11,SECTOR 13
996,RESIDENCIAL CIUDAD NUEVA,2420,DU04,SECTOR 24
892,RESIDENCIAL CONCEPCION,2821,DU10,SECTOR 28
439,RESIDENCIAL CONDOMINIOS TONCONTIN,2339,DU04,SECTOR 23
446,RESIDENCIAL COPACABANA,0,DU04,SECTOR 23
729,RESIDENCIAL ECO VIVIENDAS,1655,DU08,SECTOR 16
35,RESIDENCIAL EL CAMPO,2373,DU04,SECTOR 23
565,RESIDENCIAL EL JARDIN,937,DU07,SECTOR 09
713,RESIDENCIAL EL MOLINON,1644,DU08,SECTOR 16
889,RESIDENCIAL EL PORTILLO,2827,DU10,SECTOR 28
413,RESIDENCIAL EL SAUCE,9998,DU10,SECTOR 23
861,RESIDENCIAL EL TABLON,2608,DU09,SECTOR 26
90,RESIDENCIAL EL TRAPICHE,1726,DU02,SECTOR 17
876,RESIDENCIAL ENMANUEL,2720,DU09,SECTOR 27
664,RESIDENCIAL ENTREPINOS 1,1515,DU07,SECTOR 15
663,RESIDENCIAL ENTREPINOS 2,1515,DU07,SECTOR 15
873,RESIDENCIAL FLORENTINOS,2723,DU09,SECTOR 27
533,RESIDENCIAL FLORESTA DEL PICACHO,842,DU07,SECTOR 08
568,RESIDENCIAL FLORIDA I ETAPA,945,DU07,SECTOR 09
569,RESIDENCIAL FLORIDA II ETAPA,943,DU07,SECTOR 09
68,RESIDENCIAL FRANCISCO MORAZAN,1354,DU11,SECTOR 13
326,RESIDENCIAL GAUBANA,1828,DU02,SECTOR 18
169,RESIDENCIAL GUAYMURAS,2009,DU03,SECTOR 20
864,RESIDENCIAL HAMBURGO,2609,DU09,SECTOR 26
176,RESIDENCIAL HONDURAS,2019,DU09,SECTOR 20
974,RESIDENCIAL JACARANDAS,310,DU07,SECTOR 03
259,RESIDENCIAL JESUS AGUILAR PAZ,2140,DU03,SECTOR 21
327,RESIDENCIAL JOYAS DEL DORADO,1237,DU03,SECTOR 19
520,RESIDENCIAL KASSANDRA,841,DU06,SECTOR 08
660,RESIDENCIAL LA ALHAMBRA,1513,DU07,SECTOR 15
344,RESIDENCIAL LA CA√ëADA,2133,DU03,SECTOR 21
397,RESIDENCIAL LA CASCADA I ETAPA,2307,DU04,SECTOR 23
398,RESIDENCIAL LA CASCADA II ETAPA,2341,DU04,SECTOR 23
581,RESIDENCIAL LA CUMBRE,1007,DU02,SECTOR 10
437,RESIDENCIAL LA GRAN VILLA,0,DU04,SECTOR 23
41,RESIDENCIAL LA GRANJA PRIMERA ETAPA,1232,DU04,SECTOR 12
42,RESIDENCIAL LA GRANJA SEGUNDA ETAPA,1233,DU04,SECTOR 12
682,RESIDENCIAL LA HACIENDA,1723,DU02,SECTOR 17
0,RESIDENCIAL LA TRAVESIA,0,DU08,SECTOR 29
862,RESIDENCIAL LAS CAMPANAS,2608,DU09,SECTOR 26
388,RESIDENCIAL LAS CANARIAS II ETAPA,2368,DU10,SECTOR 23
456,RESIDENCIAL LAS DELICIAS,0,DU01,SECTOR 02
414,RESIDENCIAL LAS HADAS,2319,DU04,SECTOR 23
452,RESIDENCIAL LAS HADAS AMPLIACION FEHCOVIL,0,DU04,SECTOR 23
582,RESIDENCIAL LAS MARIAS,1031,DU02,SECTOR 10
191,RESIDENCIAL LAS PALMAS,2035,DU03,SECTOR 20
404,RESIDENCIAL LAS UVAS,2329,DU10,SECTOR 23
242,RESIDENCIAL LAS VEGAS,9985,DU03,SECTOR 21
67,RESIDENCIAL LAURELES REAL,1382,DU11,SECTOR 13
677,RESIDENCIAL LOMA ALTA 2DA ETAPA,1724,DU02,SECTOR 17
207,RESIDENCIAL LOMA VERDE,1927,DU02,SECTOR 19
680,RESIDENCIAL LOMAS DE CARRARA,1729,DU02,SECTOR 17
888,RESIDENCIAL LOMAS DE GERMANIA,2824,DU10,SECTOR 28
187,RESIDENCIAL LOMAS DE JACALEAPA,2007,DU03,SECTOR 20
708,RESIDENCIAL LOMAS DE LA FLORIDA,1648,DU02,SECTOR 16
221,RESIDENCIAL LOMAS DE MIRAFLORES SUR,1921,DU03,SECTOR 19
371,RESIDENCIAL LOMAS DE VISTA REAL,2125,DU03,SECTOR 21
594,RESIDENCIAL LOMAS DEL GUIJARRO SUR,1712,DU02,SECTOR 17
573,RESIDENCIAL LOMAS DEL MOLINO,946,DU07,SECTOR 09
891,RESIDENCIAL LOMAS DEL PORTILLO,2815,DU10,SECTOR 28
739,RESIDENCIAL LOMAS DEL PRADO NORTE,1646,DU08,SECTOR 16
175,RESIDENCIAL LOMAS EL DORADO,2025,DU09,SECTOR 20
541,RESIDENCIAL LOS 3 HERMANOS,0,DU07,SECTOR 09
662,RESIDENCIAL LOS ARCOS,1503,DU07,SECTOR 15
441,RESIDENCIAL LOS EUCALIPTOS,2351,DU04,SECTOR 23
444,RESIDENCIAL LOS HIDALGOS,2356,DU10,SECTOR 23
389,RESIDENCIAL LOS HIDALGOS CIRCUITO I,2356,DU10,SECTOR 23
390,RESIDENCIAL LOS HIDALGOS CIRCUITO II,2356,DU10,SECTOR 23
250,RESIDENCIAL LOS MOLINOS,2149,DU03,SECTOR 21
177,RESIDENCIAL LOS PORTALES,2028,DU09,SECTOR 20
225,RESIDENCIAL LOS TULIPANES,1939,DU03,SECTOR 19
751,RESIDENCIAL LOS ZORZALES,0,DU04,SECTOR 22
402,RESIDENCIAL LUIMISA,2317,DU04,SECTOR 23
721,RESIDENCIAL MAYA,1629,DU02,SECTOR 16
406,RESIDENCIAL MIRADOR DE LOS ANGELES,2363,DU10,SECTOR 23
72,RESIDENCIAL MIRADOR DEL NORTE,1374,DU11,SECTOR 13
659,RESIDENCIAL MIRALAGO,1514,DU07,SECTOR 15
633,RESIDENCIAL MONTE CARMELO,1322,DU05,SECTOR 13
58,RESIDENCIAL NORTE FRESCO,1376,DU11,SECTOR 13
399,RESIDENCIAL PACIFICO HILLS,2374,DU04,SECTOR 23
440,RESIDENCIAL PALMA REAL,2330,DU04,SECTOR 23
380,RESIDENCIAL PARIS,2154,DU09,SECTOR 21
542,RESIDENCIAL PINARES,911,DU07,SECTOR 09
200,RESIDENCIAL PLAZA,2017,DU03,SECTOR 20
201,RESIDENCIAL PLAZA SUB DIVISION,2027,DU03,SECTOR 20
394,RESIDENCIAL PORTAL DEL BOSQUE I,2349,DU04,SECTOR 23
435,RESIDENCIAL PORTAL DEL BOSQUE II,2367,DU04,SECTOR 23
824,RESIDENCIAL PORTAL DEL CASTAÑOS,0,DU02,SECTOR 10
411,RESIDENCIAL PORTAL DEL SOL,1657,DU08,SECTOR 16
738,RESIDENCIAL PRADO VERDE,1652,DU08,SECTOR 16
742,RESIDENCIAL PRADOS UNIVERSITARIOS,1621,DU08,SECTOR 16
743,RESIDENCIAL PRADOS UNIVERSITARIOS  II ETAPA,1621,DU08,SECTOR 16
681,RESIDENCIAL PUERTA DEL SOL,1728,DU02,SECTOR 17
365,RESIDENCIAL QUINTAS SAN IGNACIO,0,DU02,SECTOR 18
428,RESIDENCIAL ROBLE ALTO I ETAPA,2304,DU04,SECTOR 23
427,RESIDENCIAL ROBLE ALTO II ETAPA,2304,DU04,SECTOR 23
430,RESIDENCIAL ROBLE OESTE I ETAPA,2346,DU04,SECTOR 23
432,RESIDENCIAL ROBLE OESTE II ETAPA,2345,DU04,SECTOR 23
434,RESIDENCIAL ROBLE OESTE III ETAPA,2342,DU04,SECTOR 23
431,RESIDENCIAL ROBLE OESTE IV ETAPA,2343,DU04,SECTOR 23
429,RESIDENCIAL ROBLE OESTE V ETAPA,2313,DU04,SECTOR 23
393,RESIDENCIAL ROBLE OESTE VI ETAPA,2353,DU04,SECTOR 23
145,RESIDENCIAL SAN JUAN,1821,DU08,SECTOR 18
848,RESIDENCIAL SANTA CECILIA,1329,DU05,SECTOR 13
872,RESIDENCIAL SANTA CLARA,2717,DU09,SECTOR 27
387,RESIDENCIAL SANTA CRUZ I ETAPA,2357,DU10,SECTOR 23
386,RESIDENCIAL SANTA CRUZ II ETAPA,2365,DU10,SECTOR 23
445,RESIDENCIAL SANTA CRUZ III ETAPA,2344,DU10,SECTOR 23
0,RESIDENCIAL SANTA MARIA,2921,DU08,SECTOR 29
129,RESIDENCIAL SUYAPITA,1819,DU08,SECTOR 18
656,RESIDENCIAL TERRASOL,1412,DU11,SECTOR 14
438,RESIDENCIAL TONCONTIN,2331,DU04,SECTOR 23
142,RESIDENCIAL VALENCIA,1814,DU02,SECTOR 18
203,RESIDENCIAL VEGAS DE LA JOYA,2031,DU03,SECTOR 20
379,RESIDENCIAL VENECIA I ETAPA,2151,DU09,SECTOR 21
266,RESIDENCIAL VENECIA II ETAPA,2151,DU09,SECTOR 21
185,RESIDENCIAL VIENA,2030,DU09,SECTOR 20
0,RESIDENCIAL VILLA BARCELONA,2157,DU03,SECTOR 21
228,RESIDENCIAL VILLA BENETTON,1930,DU03,SECTOR 19
722,RESIDENCIAL VILLA CENTROAMERICANA,1622,DU02,SECTOR 16
202,RESIDENCIAL VILLA COLONIAL,2034,DU03,SECTOR 20
740,RESIDENCIAL VILLA COLONIAL,1647,DU08,SECTOR 16
741,RESIDENCIAL VILLA D'ESTE,1650,DU08,SECTOR 16
405,RESIDENCIAL VILLA DE REAL,2347,DU10,SECTOR 23
36,RESIDENCIAL VILLA DE TILOARQUE I ETAPA,1234,DU04,SECTOR 12
366,RESIDENCIAL VILLA DE TILOARQUE II ETAPA,1234,DU04,SECTOR 12
550,RESIDENCIAL VILLA DELMY,914,DU07,SECTOR 09
328,RESIDENCIAL VILLA ESMERALDA I ETAPA,1932,DU03,SECTOR 19
329,RESIDENCIAL VILLA ESMERALDA II ETAPA,1932,DU03,SECTOR 19
837,RESIDENCIAL VILLA INTERAMERICANA,0,DU05,SECTOR 13
222,RESIDENCIAL VILLA LOMAS DE MIRAFLORES,1936,DU03,SECTOR 19
70,RESIDENCIAL VILLA LOS LAURELES,1381,DU11,SECTOR 13
69,RESIDENCIAL VILLA LOS LAURELES II ETAPA,1307,DU11,SECTOR 13
734,RESIDENCIAL VILLA OLIMPUS,1645,DU02,SECTOR 16
89,RESIDENCIAL VILLA PALMERAS,1727,DU02,SECTOR 17
905,RESIDENCIAL VILLA SAN JORGE,2822,DU10,SECTOR 28
399,RESIDENCIAL VILLA SAN RAFAEL,2336,DU04,SECTOR 23
229,RESIDENCIAL VILLA SANTA CRISTINA,1938,DU03,SECTOR 19
407,RESIDENCIAL VILLA TOSCANA ETAPA I,2364,DU10,SECTOR 23
732,RESIDENCIAL VILLA UNIVERSITARIA I ETAPA,1625,DU02,SECTOR 16
731,RESIDENCIAL VILLA UNIVERSITARIA II ETAPA,1625,DU02,SECTOR 16
386,RESIDENCIAL VILLAS CANARIAS,2376,DU10,SECTOR 23
903,RESIDENCIAL VILLAS CORINTO,2825,DU10,SECTOR 28
410,RESIDENCIAL VILLAS DE LAS HADAS,2348,DU04,SECTOR 23
871,RESIDENCIAL VILLAS DE SAN SEBASTIAN,2716,DU09,SECTOR 27
887,RESIDENCIAL VILLAS LA CONCEPCION,2829,DU10,SECTOR 28
845,RESIDENCIAL VILLAS MILANO,1653,DU02,SECTOR 16
362,RESIDENCIAL VILLAS PLAZA,0,DU03,SECTOR 20
1019,RESIDENCIAL VILLAS TONCONTIN,2311,DU10,SECTOR 23
0,RESIDENCIAL VILLASOL,1658,,SECTOR 16
521,RESIDENCIAL VISBELLA,844,DU06,SECTOR 08
205,RESIDENCIAL VISTA HERMOSA,2011,DU03,SECTOR 20
522,RESIDENCIAL VISTALY,843,DU06,SECTOR 08
411,RESIDENCIAL VITALI,2378,DU10,SECTOR 23
716,RESIDENCIAL ZARAHEMLA I ETAPA,1654,DU02,SECTOR 16
717,RESIDENCIAL ZARAHEMLA II ETAPA,1656,DU02,SECTOR 16
353,RESIDENSIAL ALTOS DE MIRAFLORES SUR  LOTE 37,1934,DU03,SECTOR 19
92,RIVIERA DEL TRAPICHE IV,1731,DU02,SECTOR 17
245,SAN JOSE DE LA VEGA I ETAPA,2114,DU03,SECTOR 21
382,SAN JOSE DE LA VEGA II ETAPA,2114,DU03,SECTOR 21
657,SANTA CRUZ,1408,DU11,SECTOR 14
661,SANTO TOMAS,1511,DU07,SECTOR 15
0,SIN NOMBRE,0,DU08,SECTOR 16
0,SIN NOMBRE,0,DU08,SECTOR 16
0,SIN NOMBRE,0,DU09,SECTOR 20
0,SIN NOMBRE,2002,DU09,SECTOR 20
31,SIN NOMBRE,0,DU04,SECTOR 12
48,SIN NOMBRE,0,DU04,SECTOR 12
71,SIN NOMBRE,0,DU11,SECTOR 13
85,SIN NOMBRE,0,,SECTOR 13
130,SIN NOMBRE,0,DU08,SECTOR 18
178,SIN NOMBRE,0,DU03,SECTOR 20
179,SIN NOMBRE,0,DU03,SECTOR 20
180,SIN NOMBRE,0,DU09,SECTOR 20
181,SIN NOMBRE,0,DU09,SECTOR 20
182,SIN NOMBRE,0,DU09,SECTOR 20
183,SIN NOMBRE,0,DU03,SECTOR 20
189,SIN NOMBRE,2016,DU03,SECTOR 20
204,SIN NOMBRE,0,DU03,SECTOR 20
211,SIN NOMBRE,0,DU02,SECTOR 19
212,SIN NOMBRE,0,DU02,SECTOR 19
220,SIN NOMBRE,0,DU03,SECTOR 19
233,SIN NOMBRE,0,DU02,SECTOR 19
272,SIN NOMBRE,0,DU10,SECTOR 23
315,SIN NOMBRE,0,DU11,SECTOR 13
335,SIN NOMBRE,0,DU02,SECTOR 18
342,SIN NOMBRE,0,DU03,SECTOR 20
351,SIN NOMBRE,0,DU03,SECTOR 21
355,SIN NOMBRE,0,DU11,SECTOR 13
356,SIN NOMBRE,0,DU04,SECTOR 22
360,SIN NOMBRE,0,DU02,SECTOR 17
361,SIN NOMBRE,0,DU04,SECTOR 23
370,SIN NOMBRE,0,DU03,SECTOR 21
381,SIN NOMBRE,0,DU03,SECTOR 21
395,SIN NOMBRE,0,DU04,SECTOR 23
412,SIN NOMBRE,0,DU04,SECTOR 23
415,SIN NOMBRE,0,DU10,SECTOR 28
415,SIN NOMBRE,0,DU10,SECTOR 28
448,SIN NOMBRE,0,DU04,SECTOR 23
449,SIN NOMBRE,0,DU04,SECTOR 23
451,SIN NOMBRE,0,DU04,SECTOR 23
537,SIN NOMBRE,0,DU08,SECTOR 29
566,SIN NOMBRE,0,DU07,SECTOR 09
570,SIN NOMBRE,0,DU07,SECTOR 09
618,SIN NOMBRE,0,DU11,SECTOR 13
630,SIN NOMBRE,0,DU02,SECTOR 17
630,SIN NOMBRE,0,DU02,SECTOR 17
630,SIN NOMBRE,0,DU02,SECTOR 17
644,SIN NOMBRE,0,DU11,SECTOR 13
655,SIN NOMBRE,0,DU06,SECTOR 14
670,SIN NOMBRE,0,DU02,SECTOR 17
683,SIN NOMBRE,0,DU02,SECTOR 17
684,SIN NOMBRE,0,DU02,SECTOR 17
707,SIN NOMBRE,0,DU02,SECTOR 16
737,SIN NOMBRE,0,DU02,SECTOR 16
747,SIN NOMBRE,0,DU02,SECTOR 18
749,SIN NOMBRE,0,DU02,SECTOR 17
757,SIN NOMBRE,0,DU06,SECTOR 07
774,SIN NOMBRE,0,DU06,SECTOR 07
786,SIN NOMBRE,0,DU06,SECTOR 07
787,SIN NOMBRE,0,DU06,SECTOR 07
810,SIN NOMBRE,0,DU02,SECTOR 16
811,SIN NOMBRE,0,DU02,SECTOR 16
812,SIN NOMBRE,0,DU07,SECTOR 03
813,SIN NOMBRE,0,DU05,SECTOR 13
815,SIN NOMBRE,0,DU06,SECTOR 08
822,SIN NOMBRE,0,DU02,SECTOR 16
823,SIN NOMBRE,0,DU08,SECTOR 16
826,SIN NOMBRE,0,DU07,SECTOR 09
830,SIN NOMBRE,0,DU05,SECTOR 07
832,SIN NOMBRE,0,DU11,SECTOR 13
834,SIN NOMBRE,0,DU05,SECTOR 07
835,SIN NOMBRE,0,DU02,SECTOR 16
849,SIN NOMBRE,0,DU07,SECTOR 09
850,SIN NOMBRE,0,DU06,SECTOR 07
854,SIN NOMBRE,0,DU03,SECTOR 21
855,SIN NOMBRE,0,DU02,SECTOR 05
858,SIN NOMBRE,0,DU10,SECTOR 28
863,SIN NOMBRE,0,DU09,SECTOR 26
874,SIN NOMBRE,0,DU09,SECTOR 27
913,SIN NOMBRE,0,DU10,SECTOR 28
915,SIN NOMBRE,0,DU11,SECTOR 13
918,SIN NOMBRE,0,,SECTOR 25
919,SIN NOMBRE,0,DU11,SECTOR 25
924,SIN NOMBRE,0,DU11,SECTOR 25
927,SIN NOMBRE,0,DU11,SECTOR 25
930,SIN NOMBRE,0,DU11,SECTOR 25
932,SIN NOMBRE,0,DU11,SECTOR 25
933,SIN NOMBRE,0,DU11,SECTOR 25
971,SIN NOMBRE,0,DU11,SECTOR 25
985,SIN NOMBRE,0,DU04,SECTOR 24
990,SIN NOMBRE,0,DU04,SECTOR 24
995,SIN NOMBRE,0,DU04,SECTOR 24
999,SIN NOMBRE,0,DU04,SECTOR 24
1025,SIN NOMBRE,2302,DU04,SECTOR 23
943,SIN NOMBRE+C35,0,DU11,SECTOR 25
669,UNAH,0,DU02,SECTOR 17
433,UNIVERSIDAD CATOLICA DE HONDURAS,0,DU04,SECTOR 23
341,UNPFM,0,DU02,SECTOR 19
442,URBANIZACION AGUA DULCE,2328,DU04,SECTOR 23
95,VENECIA DEL TRAPICHE ETAPA IIA,1733,DU02,SECTOR 17
94,VENECIA DEL TRAPICHE ETAPA IIB,1732,DU02,SECTOR 17
0,VILLA AURORA,2925,DU08,SECTOR 29
323,VILLA DE SAN IGNACIO,1823,DU02,SECTOR 18
161,VILLA FLORENCIA,1738,DU02,SECTOR 17
332,VILLA FLORENCIA,1738,DU02,SECTOR 17
839,VILLA ITALIANA,1415,DU06,SECTOR 14
409,VILLA LAS ACACIAS (EL SAUCE),2358,DU10,SECTOR 23
897,VILLA LAS HORTENCIAS,2828,DU10,SECTOR 28
895,VILLA LAS PALMERAS,2814,DU10,SECTOR 28
893,VILLA LOS CIPRECES,2833,DU10,SECTOR 28
899,VILLA LOS GERANIOS,2826,DU10,SECTOR 28
896,VILLA LOS JAZMINES,2830,DU10,SECTOR 28
894,VILLA LOS NARANJOS,2832,DU10,SECTOR 28
447,VILLA LOS NOPALES EL (EL SAUCE),2370,DU10,SECTOR 23
408,VILLA LOS PINOS (EL SAUCE),2362,DU10,SECTOR 23
898,VILLA LOS TULIPANES,2831,DU10,SECTOR 28
421,VILLA MARBELLA,0,DU04,SECTOR 23
359,VILLA MIRAFLORES NORTE,0,DU03,SECTOR 19
901,VILLA ORQUIDEAS,2823,DU10,SECTOR 28
321,VILLA QUEZADA,0,DU11,SECTOR 13
625,VILLA REYES I  ETAPA,1328,DU05,SECTOR 13
627,VILLA REYES II ETAPA,1363,DU05,SECTOR 13
338,VILLA SANTA MARIA,0,DU03,SECTOR 19
417,VILLA SANTA MONICA,2334,DU04,SECTOR 23
672,VILLA SUYAPA OLIMPICA,1711,DU02,SECTOR 17
426,VILLA TERRANOVA,0,DU04,SECTOR 23
425,VILLAS ALONDRA,0,DU04,SECTOR 23
402,VILLAS DANIA,0,DU04,SECTOR 23
676,VILLAS LIQUIDAMBAR,1737,DU02,SECTOR 17
424,VILLAS MARIA,0,DU04,SECTOR 23
1026,VILLAS MEDITERRANEO,0,DU04,SECTOR 23
363,VILLAS SAFIRO,0,DU02,SECTOR 18
93,VILLAS SAINT HONORE,0,DU02,SECTOR 17
91,VILLAS SAN DIEGO,1734,DU02,SECTOR 17
402,VILLAS SANTA ISABEL,2340,DU04,SECTOR 23
534,ZONA 2 EL HATILLO,826,DU07,SECTOR 08
797,ZONA CLINICA PERIFERICA IHSS,0,DU05,SECTOR 07