Neighborhood,Zone,objectid,Neighborhood,Corr,Dist,SectorGis,,
13 DE FEBRERO,R3,13,BARRIO ABAJO,101,DU01,,,
13 DE JULIO,R3,719,COLONIA 13 DE JULIO,1615,DU02,SECTOR 16,,
14 DE ENERO,R3,616,COLONIA 14 DE ENERO,0,DU11,SECTOR 13,,
14 DE FEBRERO,R4,800,COLONIA 14 DE FEBRERO,728,DU06,SECTOR 07,,
15 DE SEPTIEMBRE,R2,124,COLONIA 15 DE SEPTIEMBRE,2321,DU04,SECTOR 23,,
17 DE SEPTIEMBRE,R3,157,COLONIA 17 DE SEPTIEMBRE,1810,DU08,SECTOR 18,,
19 DE SEPTIEMBRE,R3,66,COLONIA   19 DE SEPTIEMBRE,1306,DU11,SECTOR 13,,
21 DE FEBRERO,R3,646,COLONIA 21 DE FEBRERO,1301,DU11,SECTOR 13,,
21 DE OCTUBRE,R3,560,COLONIA 21 DE OCTUBRE,912,DU07,SECTOR 09,,
23 DE JUNIO,R3,650,COLONIA   23 DE JUNIO,1315,DU11,SECTOR 13,,
25 DE ENERO,R3,83,COLONIA 25 DE ENERO,1381,DU11,SECTOR 13,,
28 DE MARZO,R3,726,COLONIA 28 DE MARZO,1619,DU02,SECTOR 16,,
30 DE NOVIEMBRE,R3,715,COLONIA 30 DE NOVIEMBRE,1607,DU08,SECTOR 16,,
AEROPUERTO,R2,1024,COLONIA AEROPUERTO,2302,DU04,SECTOR 23,,
AEROPUERTO TONCONTIN,G,0,DU04,SECTOR 22,,,,
AGAFAM,AR,337,AGAFAM,0,DU08,SECTOR 18,,
AGUA BLANCA,R3,0,CASERIO AGUA BLANCA,2912,DU08,SECTOR 29,,
AGUA DULCE,R3,442,URBANIZACION AGUA DULCE,2328,DU04,SECTOR 23,,
AGUA DULCE SIN DESARROLLO,R3,411,AGUA DULCE,2310,DU10,SECTOR 23,,
ALAMEDA,D3,591,COLONIA ALAMEDA,1001,DU02,SECTOR 10,,
ALAMO,R3,46,COLONIA EL ALAMO,1207,DU04,SECTOR 12,,
ALDEA AGUA DULCE,UR,411,AGUA DULCE,2310,DU10,SECTOR 23,,
ALDEA CERRO GRANDE,UR/R3,839,ALDEA CERRO GRANDE,1402,DU06,SECTOR 14,,
ALDEA DE GERMANIA,R3,884,ALDEA GERMANIA,2701,DU09,SECTOR 27,,
ALDEA DE GERMANIA (BALDIO),UR,884,ALDEA GERMANIA,2701,DU09,SECTOR 27,,
ALDEA DE JACALEAPA,R3,867,ALDEA JACALEAPA,2604,DU09,SECTOR 26,,
ALDEA DE SUYAPA,R3,0,ALDEA DE SUYAPA,2906,,SECTOR 29,,
ALDEA DE SUYAPA (BALDIO),UR,0,ALDEA DE SUYAPA,2906,,SECTOR 29,,
ALDEA DE YAGUASIRE,R3,890,ALDEA YAGUACIRE CENTRO  (PARTE),2819,DU10,SECTOR 28,,
ALDEA EL DURAZNO,UR,842,CASERIO EL DURAZNO,1404,DU06,SECTOR 14,,
ALDEA EL ESPINAL,UR,,,,,,,
ALDEA EL HATILLO,HATILLO,539,ALDEA EL HATILLO,1509,DU07,SECTOR 15,,
ALDEA EL LOARQUE (BALDIO),UR,908,ALDEA LOARQUE (MIMBRE),2805,DU10,SECTOR 28,,
ALDEA EL PILIGUIN,HATILLO,539,ALDEA EL HATILLO,1509,DU07,SECTOR 15,,
ALDEA EL SAUCE,R3,,,,,,,
ALDEA EL TABLON,UR,869,ALDEA EL TABLON,2602,DU09,SECTOR 26,,
ALDEA EL TRIGO,HATILLO,538,EL TRIGO,940,DU07,SECTOR 09,,
ALDEA JACALEAPA (CASERIO LA CAÑADA No. 2),R3,867,ALDEA JACALEAPA,2604,DU09,SECTOR 26,,
ALDEA LA CAÑADA,R3,,,,,,,
ALDEA LA CUESTA (BALDIO),UR,,,,,,,
ALDEA LA CUESTA 418,UR,844,ALDEA LA CUESTA No. 2,1407,DU06,SECTOR 14,,
ALDEA LA CUESTA 826,R3,,,,,,,
ALDEA LA JOYA,R3,227,ALDEA LA JOYA,1923,DU03,SECTOR 19,,
ALDEA LA SOLEDAD,R4,,,,,,,
ALDEA LA SOLEDAD NO 2,R3,,,,,,,
ALDEA LAS CASITAS,UR,391,ALDEA LAS CASITAS,2324,DU10,SECTOR 23,,
ALDEA LOS JUTES,HATILLO,,,,,,,
ALDEA LOS JUTES,UR,,,,,,,
ALDEA SANTA CRUZ,R3,,,,,,,
ALEMAN,R3,247,RESIDENCIAL ALEMAN,2113,DU03,SECTOR 21,,
ALEMANIA,R3,783,COLONIA ALEMANIA,751,DU06,SECTOR 07,,
ALESSA,R3,436,RESIDENCIAL ALESSA,0,DU04,SECTOR 23,,
ALPES,R3,348,COLONIA LOS ALPES No.1,2146,DU03,SECTOR 21,,
ALTAMIRA,R1,495,COLONIA ALTAMIRA,502,DU02,SECTOR 05,,
ALTOS DE JARDINES LOARQUE,R3,271,COLONIA JARDINES DE LOARQUE,2105,DU09,SECTOR 21,,
ALTOS DE LA CENTROAMERICA,R3,928,COLONIA ALTOS DE CENTROAMERICA,0,DU11,SECTOR 25,,
ALTOS DE LA DIVANNA,R3,512,COLONIA ALTOS DE LA DIVANNA,1343,DU05,SECTOR 13,,
ALTOS DE LA GRANJA,R1,367,RESIDENCIAL ALTOS DE  LA GRANJA (PROYECTO),9991,DU04,SECTOR 12,,
ALTOS DE LA GRANJA,R4,367,RESIDENCIAL ALTOS DE  LA GRANJA (PROYECTO),9991,DU04,SECTOR 12,,
ALTOS DE LA JOYA,R4,223,COLONIA ALTOS DE LA JOYA,1916,DU03,SECTOR 19,,
ALTOS DE LA LAGUNA,R4,954,COLONIA ALTOS DE LA LAGUNA,2544,DU11,SECTOR 25,,
ALTOS DE LA MAYANGLE,R3,631,COLONIA PIEDRA BLANCA (ALTOS DE LA MAYANGLE),1368,DU05,SECTOR 13,,
ALTOS DE LA PRIMAVERA,R3,621,DU05,SECTOR 06,,,,
ALTOS DE LA SOLEDAD,R3,,,,,,,
ALTOS DE LA TRAVESIA,R3,0,COLONIA LA TRAVESIA,2913,DU08,SECTOR 16,,
ALTOS DE LAS COLINAS,R2,213,RESIDENCAL ALTOS DE LAS COLINAS,1905,DU02,SECTOR 19,,
ALTOS DE LAS HADAS,R3,403,RESIDENCIAL ALTOS DE LAS  HADAS,2333,DU04,SECTOR 23,,
ALTOS DE LAS LOMAS,R1,679,RESIDENCIAL ALTOS DE LAS LOMAS,1713,DU02,SECTOR 17,,
ALTOS DE LAS VEGAS,R3,,,,,,,
ALTOS DE LOARQUE,R3,,,,,,,
ALTOS DE LOS LAURELES,R4,64,COLONIA ALTOS  DE LOS LAURELES,1303,DU11,SECTOR 13,,
ALTOS DE LOS PINOS,R4,0,COLONIA ALTOS DE LOS PINOS,2012,DU09,SECTOR 20,,
ALTOS DE MIRAFLORES LOTE 32,R2,352,COLONIA MIRAFLORES SUR LOTE 32,1934,DU03,SECTOR 19,,
ALTOS DE MIRAFLORES SUR BLOQUE 37,R3,353,RESIDENSIAL ALTOS DE MIRAFLORES SUR  LOTE 37,1934,DU03,SECTOR 19,,
ALTOS DE MIRAFLORES SUR ETAPA 1,R3,219,RESIDENCIAL ALTOS DE MIRAFLORES SUR I ETAPA,1933,DU03,SECTOR 19,,
ALTOS DE MIRAFLORES SUR ETAPA 2,R3-R4,339,RESIDENCIAL ALTOS DE MIRAFLORES SUR II ETAPA,1934,DU03,SECTOR 19,,
ALTOS DE MIRAFLORES SUR LOTE 01 (CONDOMINIO HORIZONTAL),R3,219,RESIDENCIAL ALTOS DE MIRAFLORES SUR I ETAPA,1933,DU03,SECTOR 19,,
ALTOS DE MIRAFLORES SUR LOTE 33 (CONDOMINIO HORIZONTAL),R3,333,CONDOMINIOS ALTOS DE MIRAFLORES SUR LOTE 33,0,DU03,SECTOR 19,,
ALTOS DE MIRAMESI,R3,1,COLONIA MIRAMESI,205,DU07,,,
ALTOS DE MIRAMONTES,R1,606,COLONIA ALTOS DE MIRAMONTES,1104,DU02,SECTOR 11,,
ALTOS DE MONTE REAL,R1,,,,,,,
ALTOS DE SAN FRANCISCO,R4,330,COLONIA  ALTOS DE SAN FRANCISCO,1305,DU11,SECTOR 13,,
ALTOS DE SAN ISIDRO,R3,256,COLONIA ALTOS DE SAN ISIDRO,0,DU03,SECTOR 21,,
ALTOS DE SAN JOSE,R3,292,COLONIA ALTOS DE SAN JOSE,2221,DU04,SECTOR 22,,
ALTOS DE SANTA ROSA 27,R3,878,COLONIA ALTOS DE SANTA ROSA,2713,DU09,SECTOR 27,,
ALTOS DE SANTA ROSA 35,R3,,,,,,,
ALTOS DE TILOARQUE,R3,35,COLONIA ALTOS  DE TILOARQUE,1216,DU04,SECTOR 12,,
ALTOS DE TONCONTIN,R3,907,COLONIA ALTOS DE TONCONTIN,2801,DU10,SECTOR 28,,
ALTOS DE VENECIA ETAPA 1 Y ETAPA 2,R3,265,RESIDENCIAL ALTOS DE VENECIA I ETAPA,2152,DU09,SECTOR 21,,
ALTOS DE VENECIA ETAPA 3 (CONDOMINIO HORIZONTAL),R3,378,RESIDENCIAL ALTOS DE VENECIA III ATAPA,2152,DU09,SECTOR 21,,
ALTOS DE VILLA ADELA,R3,515,BARRIO VILLA ADELA,603,DU05,SECTOR 06,,
ALTOS DE VILLA VIEJA,R4,,,,,,,
ALTOS DEL MILAGRO,R3,638,COLONIA ALTOS DEL MILAGRO,1338,DU05,SECTOR 13,,
ALTOS DEL PARAISO,R4,936,COLONIA ALTOS DEL PARAISO,2521,DU11,SECTOR 25,,
ALTOS DEL PEDREGALITO,R4,766,COLONIA PEDREGALITO,707,DU05,SECTOR 07,,
"ALTOS DEL TRAPICHE ETAPA 1 , 2, 3, 4 Y 5",R4,131,RESIDENCIAL ALTOS DEL TRAPICHE I ETAPA,1818,DU08,SECTOR 18,,
ALTOS DEL TRAPICHE ETAPA VI (CONDOMINIO HORIZONTAL),R3,131,RESIDENCIAL ALTOS DEL TRAPICHE I ETAPA,1818,DU08,SECTOR 18,,
AMERICA,R2,419,COLONIA AMERICA,2312,DU04,SECTOR 23,,
ANEXO LA FRATERNIDAD,R3,735,COLONIA LA FRATERNIDAD ANEXO,0,DU02,SECTOR 16,,
ANEXO LAS VEGAS,R3,241,ANEXO LAS VEGAS,2130,DU03,SECTOR 21,,
ARCIERY 1,R3,354,COLONIA ARCIERY,0,DU11,SECTOR 13,,
ARCIERY 2,R3,79,COLONIA ARCIERY SECTOR II,1370,DU11,SECTOR 13,,
ARGENTINA,R2,487,COLONIA  ARGENTINA,428,DU02,SECTOR 04,,
ARMANDO CALIDONIO,R4,744,COLONIA ARMANDO CALIDONIO,1634,DU08,SECTOR 16,,
ARTURO QUEZADA,R4,75,COLONIA  ARTURO QUEZADA,1346,DU11,SECTOR 13,,
ATLANTIC,R3,49,RESIDENCIAL ATLANTIS,1223,DU04,SECTOR 12,,
AUSTRALIA,R4,972,COLONIA AUSTRALIA,2514,DU11,SECTOR 25,,
AVENIDA LA PAZ,D1,476,AVENIDA LA PAZ,418,DU02,SECTOR 04,,
AYESTAS,R3,804,COLONIA LAS AYESTAS,742,DU06,SECTOR 07,,
BALDIO (ALDEA LOS JUTES),HATILLO,539,ALDEA EL HATILLO,1509,DU07,SECTOR 15,,
BALDIO (SABANAGRANDE),R3,,,,,,,
BARRIO ABAJO,CH,13,BARRIO ABAJO,101,DU01,SECTOR 01,,
BARRIO EL MIRADOR,R3,51,MIRADOR DE TILOARQUE,1235,DU04,SECTOR 12,,
BARRIO LA CUESTA N01,R3,970,ALDEA LA CUESTA No.1,2505,DU06,SECTOR 25,,
BARRIO LA SOLEDAD,R3,52,BARRIO LA SOLEDAD,1317,DU11,SECTOR 13,,
BARRIO NUEVA VIERA,R3,530,COLONIA  NUEVA VIERA,0,DU07,SECTOR 08,,
BARRIO SAN PABLO,R3,21,BARRIO SAN PABLO,304,DU07,SECTOR 03,,
BARRIO VIERA,R3,468,COLONIA VIERA,301,DU07,SECTOR 03,,
BELEN,R3,761,BARRIO BELEN,702,DU05,SECTOR 07,,
BELLA ORIENTE,R2,144,RESIDENCIAL BELLA ORIENTE,1803,DU02,SECTOR 18,,
BELLA VISTA,R3,503,BARRIO BELLA VISTA,701,DU05,SECTOR 07,,
BENDECK,R3,511,COLONIA BENDECK,1337,DU05,SECTOR 13,,
BERNARDO DAZZI ETAPA 3,R3,198,RESIDENCIAL BERNARDO DAZZI I  ETAPA,2005,DU03,SECTOR 20,,
BETANIA,R3,231,COLONIA BETANIA,1929,DU02,SECTOR 19,,
BETHEL,R3,,,,,,,
BOLIVAR,R3,530,COLONIA  NUEVA VIERA,0,DU07,SECTOR 08,,
BOLIVAR,R3,21,BARRIO SAN PABLO,304,DU07,SECTOR 03,,
BOSQUES DE ALTAMIRA,R3,468,COLONIA VIERA,301,DU07,SECTOR 03,,
BRASILIA,R3,779,COLONIA BRASILIA,749,DU06,SECTOR 07,,
BRICEÑO,R3,,,,,,,
BRISAS DE JACALEAPA,R3,193,COLONIA BRISAS DE JACALEAPA O LOMAS DE NAVOO I ETAPA,2021,DU03,SECTOR 21,,
BRISAS DE JACALEAPA,R3/R4,193,COLONIA BRISAS DE JACALEAPA O LOMAS DE NAVOO I ETAPA,2021,DU03,SECTOR 21,,
BRISAS DE JACALEAPA 4 ETAPA,R4,261,COLONIA BRISAS DE JACALEAPA O LOMAS DE NAVOO IV ETAPA,2147,DU03,SECTOR 21,,
BRISAS DE LA LAGUNA,R3,784,COLONIA BRISAS DE LA LAGUNA,761,DU06,SECTOR 07,,
BRISAS DE OLANCHO,R4,791,COLONIA BRISAS DE OLANCHO,722,DU05,SECTOR 07,,
BRISAS DE ORIENTE 20,R3,,,,,,,
BRISAS DE ORIENTE 32,R4,,,,,,,
BRISAS DE SUYAPA,R3,0,COLONIA BRISAS DE SUYAPA,2904,DU08,SECTOR 29,,
BRISAS DEL CORTIJO,R3,291,COLONIA BRISAS DEL CORTIJO,2230,DU04,SECTOR 22,,
BRISAS DEL MOGOTE,R3,318,COLONIA BRISAS DEL MOGOTE,0,DU11,SECTOR 13,,
BRISAS DEL NORTE,R4,952,COLONIA BRISAS DEL NORTE,2508,DU11,SECTOR 25,,
BRISAS DEL PICACHO/MINA DE AGUA,R3,529,COLONIA  MINA DE AGUA O BRISAS DEL PICACHO,827,DU07,SECTOR 08,,
BRISAS DEL RIO,R3,,,,,,,
BRISAS DEL VALLE 10,R3,578,COLONIA BRISAS DEL VALLE,1017,DU02,SECTOR 10,,
BRISAS DEL VALLE 16,R4,578,COLONIA BRISAS DEL VALLE,1017,DU02,SECTOR 10,,
BUENA VISTA NORTE,R3,455,RESIDENCIAL BUENA VISTA,0,DU01,,,
BUENA VISTA SUR,R3,455,RESIDENCIAL BUENA VISTA,0,DU01,,,
BUENAS NUEVAS,R3,785,COLONIA BUENAS NUEVAS,757,DU06,SECTOR 07,,
BUENOS AIRE,R4,0,COLONIA BUENOS AIRES DE ORIENTE I ETAPA,2924,DU08,SECTOR 29,,
BUENOS AIRES,CH/R4,5,BARRIO BUENOS AIRES,201,DU07,,,
CALIXTO,D3,,,,,,,
CALPULES,R4,252,COLONIA CALPULES,2109,DU03,SECTOR 21,,
CAMAGUARA,R3,509,BARRIO CAMAGUARA,0,DU05,SECTOR 06,,
CAMINO AL HATILLO,HATILLO,555,RESIDENCIAL CAMINO DEL HATILLO,944,DU07,SECTOR 09,,
CAMPANA ARRIBA,R1,,,,,,,
CAMPANA O MAYA CENTRO,R1,829,COLONIA LA CAMPA√ëA O MAYA CENTRO,426,DU02,SECTOR 04,,
CAMPO CIELO 1,R3,799,COLONIA CAMPO CIELO,727,DU06,SECTOR 07,,
CAMPO CIELO 2,R3,799,COLONIA CAMPO CIELO,727,DU06,SECTOR 07,,
CAMPO CIELO 3,R3,799,COLONIA CAMPO CIELO,727,DU06,SECTOR 07,,
CAMPO COCA COLA,R3,,,,,,,
CAMPO SONIA,R3,,,,,,,
CAMPO VERDE,R3,,,,,,,
CANAAN,R3,546,COLONIA CANAAN,947,DU07,SECTOR 09,,
CAÑADA,R3,789,COLONIA CANADA,720,DU06,SECTOR 07,,
CANTARERO LOPEZ,R3,617,COLONIA ARNULFO CANTARERO LOPEZ,1348,DU11,SECTOR 13,,
CANTERA,HATILLO,3,COLONIA LAS CANTERAS,207,DU07,SECTOR 02,,
CANTERA 1,R3,3,COLONIA LAS CANTERAS,207,DU07,SECTOR 02,,
CANTERA 2,R3,3,COLONIA LAS CANTERAS,207,DU07,SECTOR 02,,
CANTERA 3,R3,3,COLONIA LAS CANTERAS,207,DU07,SECTOR 02,,
CANTERA DE SANTOS Y COMPAÑIA,ZI,,,,,,,
CARPINTERO (CASERIO ASERRADERO EL PINO),EL HATILLO,658,CARPINTERO,1508,DU07,SECTOR 15,,
CARPINTERO (VILLA CAMPESINA),EL HATILLO,658,CARPINTERO,1508,DU07,SECTOR 15,,
CARRIZAL ZONA QUEBRACHOS,R3,,,,,,,
CASAMATA,R3,19,BARRIO CASAMATA,302,DU07,SECTOR 03,,
CASANDRA,R3,,,,,,,
CASAS VERDES,R3,400,RESIDENCIAL CASA VERDE,2355,DU04,SECTOR 23,,
CASAVOLA,R1,162,RESIDENCIAL CASAVOLA,1806,DU02,SECTOR 18,,
CASCADA,R2,397,RESIDENCIAL LA CASCADA I ETAPA,2307,DU04,SECTOR 23,,
CASCADAS SEGUNDA ETAPA,R3,398,RESIDENCIAL LA CASCADA II ETAPA,2341,DU04,SECTOR 23,,
CASERIO EL PEDREGAL,R3,,,,,,,
CASERIO TILOARQUE,R3,,,,,,,
CASO COL FALDAS DEL PEDREGAL,R3,276,COLONIA FALDAS DEL PEDREGAL,2204,DU04,SECTOR 22,,
CASTAÑO SUR,R1,586,COLONIA CASTAÑOS SUR,1023,DU02,SECTOR 10,,
CATESA,R1,401,RESIDENCIAL CATESA,0,DU04,SECTOR 23,,
CEMENTERIO DIVINO PARAISO,R3,,,,,,,
CEMENTERIO SANTA ANITA,R3,651,CEMENTERIO SANTA ANITA,0,DU11,SECTOR 13,,
CENTENO NRO. 1,R3,948,COLONIA LOS CENTENOS,2512,DU11,SECTOR 25,,
CENTENO NRO. 2,R3,949,COLONIA LOS CENTENOS II,2543,DU11,SECTOR 25,,
CENTRO,CH,462,BARRIO EL CENTRO,103,DU01,,,
CENTRO AMERICA OESTE BLOQUE Y-Y,R3,619,COLONIA CENTRO AMERICA OESTE,1344,DU11,SECTOR 13,,
CENTRO CIVICO GUBERNAMENTAL,G,,,,,,,
CENTRO DE RECREACION LA ISLA,AR/D3,493,BARRIO LA ISLA,509,DU02,SECTOR 05,,
CENTROAMERICA ESTE TODAS LAS ETAPAS,R4,623,RESIDENCIAL CENTRO AMERICA ESTE I ETAPA,1320,DU05,SECTOR 13,,
CENTROAMERICA OESTE TODAS LAS ETAPAS,R4,619,COLONIA CENTRO AMERICA OESTE,1344,DU11,SECTOR 13,,
CENTROAMERICANA,R3,639,COLONIA CENTROAMERICANA,1321,DU05,SECTOR 13,,
CENTROAMERICANA FECOVIL,R3,639,COLONIA CENTROAMERICANA,1321,DU05,SECTOR 13,,
CERRITOS,R3,540,CERRITOS,904,DU07,SECTOR 09,,
CERRO EL PICACHO,AR,535,CERRO EL PICACHO,0,DU07,SECTOR 08,,
CERRO GRANDE ZONA 2 Y ZONA 6,R-4,654,COLONIA CERRO GRANDE ZONA 2,1401,DU06,SECTOR 14,,
CERRO GRANDE ZONA 4 Y ZONA 5,R2,517,COLONIA CERRO GRANDE ZONA 4,814,DU06,SECTOR 08,,
CERRO GRANDE ZONA 7,R-3,,,,,,,
CERRO GRANDE ZONA 8,R4,523,COLONIA CERRO GRANDE ZONA 8 I ETAPA,840,DU06,SECTOR 08,,
"CERRO GRANDE, ZONA 1",R1,,,,,,,
"CERRO GRANDE, ZONA 3",R4,519,COLONIA CERRO GRANDE ZONA 3,813,DU06,SECTOR 08,,
CERRO JUANA LAINEZ,AR,494,CERRO JUANA LAINEZ,508,DU02,SECTOR 05,,
CHALET FRANCES,R1,87,CHALET FRANCES SAN IGNACIO,1825,DU02,SECTOR 17,,
CHALET SUIZO,R1,,,,,,,
CIUDAD ESPAÑA,R3,,,,,,,
CIUDAD ESPERANZA / EXP -6500-15 / 4251-15,R4,,,,,,,
CIUDAD JARDIN,R3,334,RESIDENCIAL CIUDAD JARDIN,2029,DU09,SECTOR 20,,
CIUDAD LEMPIRA,R4,73,RESIDENCIAL CIUDAD LEMPIRA I ETAPA,1362,DU11,SECTOR 13,,
CIUDAD LEMPIRA II ETAPA,R3,73,RESIDENCIAL CIUDAD LEMPIRA I ETAPA,1362,DU11,SECTOR 13,,
CIUDAD NUEVA,R1,996,RESIDENCIAL CIUDAD NUEVA,2420,DU04,SECTOR 24,,
CIUDAD TÉCNOLÓGICA ROSA DE LOBO (ALCAZAR DEL SUR),R3,,,,,,,
COFRADIA,R3,808,COLONIA COFRADIA,743,DU05,SECTOR 07,,
COL 13 DE JULIO,R3,719,COLONIA 13 DE JULIO,1615,DU02,SECTOR 16,,
COL 14 DE ENERO,R3,616,COLONIA 14 DE ENERO,0,DU11,SECTOR 13,,
COL 14 DE MARZO,R3,251,COLONIA 14 DE MARZO,2108,DU03,SECTOR 21,,
COL 19 DE SEPTIEMBRE,R4,66,COLONIA   19 DE SEPTIEMBRE,1306,DU11,SECTOR 13,,
COL 1ERO DE DICIEMBRE,R4,624,COLONIA PRIMERO DE DICIEMBRE,1379,DU05,SECTOR 13,,
COL 23 DE JUNIO,R4,650,COLONIA   23 DE JUNIO,1315,DU11,SECTOR 13,,
COL 25 DE ENERO,R4,83,COLONIA 25 DE ENERO,1381,DU11,SECTOR 13,,
COL 28 DE MARZO,R4,726,COLONIA 28 DE MARZO,1619,DU02,SECTOR 16,,
COL 3 DE MAYO,R3,796,COLONIA 3 DE MAYO,744,DU06,SECTOR 07,,
COL DE LA JOYA,R3,331,COLONIA LOMA DE LA JOYA,1931,DU03,SECTOR 19,,
COL EL TRIANGULO,R1,585,COLONIA EL TRIANGULO,1013,DU02,SECTOR 10,,
COL GODOY,R2,415,COLONIA  GODOY,2314,DU04,SECTOR 23,,
COL GUAYMURA,R4,169,RESIDENCIAL GUAYMURAS,2009,DU03,SECTOR 20,,
COL IBERIA,R4,629,COLONIA IBERIA,767,DU05,SECTOR 07,,
COL IZAGUIRRE,R4,728,COLONIA IZAGUIRRE,1612,DU02,SECTOR 16,,
COL LA CANADA,R3,789,COLONIA CANADA,720,DU06,SECTOR 07,,
COL LA ESPERANZA,R4,727,COLONIA LA ESPERANZA,1613,DU02,SECTOR 16,,
COL LA JOYA,R4,224,COLONIA LA JOYA,1912,DU03,SECTOR 19,,
COL LA PEÑA,R4,369,COLONIA LA PE√ëA,2121,DU03,SECTOR 21,,
COL LA TRINIDAD,R3,711,COLONIA LA TRINIDAD,1603,DU08,SECTOR 16,,
COL LOMAS DEL BOSQUE,R3,819,COLONIA LOMAS DEL BOSQUE,829,DU07,SECTOR 08,,
COL LOMAS DEL GUIJARRO,R1,593,COLONIA LOMAS DEL GUIJARRO,1006,DU02,SECTOR 10,,
COL MELGAR,R4,773,COLONIA MELGAR,706,DU06,SECTOR 07,,
COL NORA DE MELGAR S/A,R3,235,COLONIA NORA DE MELGAR,0,DU03,SECTOR 19,,
COL NUEVA SANTA ROSA,R4,552,COLONIA NUEVA SANTA ROSA,928,DU07,SECTOR 09,,
COL NUEVO AMANECER,R3,29,COLONIA NUEVO AMANECER,1217,DU04,SECTOR 12,,
COL NUEVOS HORIZONTES,R3,963,COLONIA NUEVOS HORIZONTES,2510,DU06,SECTOR 25,,
COL OSCAR CASTRO,R4,28,COLONIA OSCAR CASTRO TEJADA,1236,DU04,SECTOR 12,,
COL PARCALTAGUA,D1,481,BARRIO PARCALTAGUA,417,DU02,SECTOR 04,,
COL PEREZ,R1,607,COLONIA PEREZ,1108,DU02,SECTOR 11,,
COL POPULAR NUM 1 COMAYAGUELA,R3,346,COLONIA LA POPULAR,2110,DU03,SECTOR 21,,
COL PROVIDENCIA,R3,941,COLONIA NUEVA PROVIDENCIA,2531,DU11,SECTOR 25,,
COL RUBEN ANTUNEZ,R2,88,COLONIA RUBEN ANTUNEZ,1707,DU02,SECTOR 17,,
COL SAN CRISTOBAL,R4,806,COLONIA SAN CRISTOBAL,735,DU05,SECTOR 07,,
COL SAN JOSE DEL PEDREGAL,R3,277,COLONIA SAN JOSE DEL PEDREGAL,2205,DU04,SECTOR 22,,
COL SANTA EDUVIGES,R4,62,COLONIA SANTA EDUVIGES,1308,DU11,SECTOR 13,,
COL SANTA ISABEL(RECIBE NOMBRE PALMAS),R3,196,COLONIA LAS PALMAS,2004,DU03,SECTOR 20,,
COL SATELITE,R2,270,COLONIA  SATELITE,2223,DU10,SECTOR 22,,
COL SMITH,R4,959,COLONIA SMITH No.1,2511,DU06,SECTOR 25,,
COL SMITH NUM 2,R4,964,COLONIA SMITH No.2,2511,DU06,SECTOR 25,,
COL TEPEYAC,R1,592,COLONIA TEPEYAC,1005,DU02,SECTOR 10,,
COL VENEZUELA,R3,611,COLONIA VENEZUELA,1210,DU11,SECTOR 13,,
COL. AMERICA,R2,419,COLONIA AMERICA,2312,DU04,SECTOR 23,,
COL. MARIA CRISTINA,R4,40,COLONIA MARIA CRISTINA,1203,DU04,SECTOR 12,,
COL. PAYAQUI,R1,595,COLONIA PAYAQUI,1012,DU02,SECTOR 10,,
COLINA DE MAYANGLE,R2,468,COLINAS DEL MAYANGLE,762,DU05,SECTOR 07,,
COLONIA BERLIN,R3,,,,,,,
COLONIA ESTADOS UNIDOS,R4,710,COLONIA ESTADOS UNIDOS,1601,DU08,SECTOR 16,,
COLONIA NUEVA EDEN,R3,723,COLONIA NUEVO EDEN,1640,DU02,SECTOR 16,,
COLONIA SIN IDENTIFOCAR,R3,,,,,,,
COLUMBUS STALDI,R3,941,COLONIA NUEVA PROVIDENCIA,2531,DU11,SECTOR 25,,
COMPLEJO  INDUSTRIAL SAN MIGUEL 1,ZI,851,COMPLEJO INDUSTRIAL SAN MIGUEL,0,DU07,SECTOR 16,,
COMPLEJO HABITACIONAL LA HUMUYA (CONDOMINIO HORIZONTAL),R3,601,COLONIA HUMUYA,1101,DU02,SECTOR 11,,
COMPLEJO INDUSTRIAL SAN MIGUEL 2,ZI,851,COMPLEJO INDUSTRIAL SAN MIGUEL,0,DU07,SECTOR 16,,
COMUNIDAD SOCIAL,R3,244,COLONIA COMUNIDAD SOCIAL,0,DU03,SECTOR 21,,
CONCEPCION,CH,502,BARRIO CONCEPCION,606,DU01,SECTOR 06,,
CONCEPCION II ETAPA,R3,892,RESIDENCIAL CONCEPCION,2821,DU10,SECTOR 28,,
CONDOMINIOS EL MIRADOR,R4,675,CONDOMINIOS  EL MIRADOR,0,DU02,SECTOR 17,,
CONDOMINIOS TONCONTIN,R3,439,RESIDENCIAL CONDOMINIOS TONCONTIN,2339,DU04,SECTOR 23,,
CONDOMINIOS VIERA,R1,18,CONDOMINIOS VIERA,316,DU07,SECTOR 03,,
CONTADOR,R4,,,,,,,
CONTINENTAL,R3,939,COLONIA CONTINENTAL,2520,DU11,SECTOR 25,,
COUNTRY CLUB,R2,,,,,,,
COVESPUL,R4,147,COLONIA  COVESPUL,1817,DU08,SECTOR 18,,
COVIDEPROL / LA ROMA,R3,240,COLONIA ROMA,2118,DU03,SECTOR 21,,
CRISTOBAL DIAZ,R3,640,COLONIA CRISTOBAL DIAZ,1341,DU05,SECTOR 13,,
CRUZ LARGA,D1,597,COLONIA CRUZ LARGA,1027,DU02,SECTOR 10,,
CRUZ ROJA,R4,,,,,,,
DAVID BETANCOURTH,R3,78,COLONIA DAVID BETANCOURHT,1371,DU11,SECTOR 13,,
DIOS PROVEERA,R4,192,COLONIA DIOS PROVEERA,2023,DU03,SECTOR 20,,
DIVANNA,R4,641,COLONIA DIVANNA,1343,DU05,SECTOR 13,,
DIVINA PROVIDENCIA,R3,,,,,,,
DULCE NOMBRE DE JESUS,R3,,,,,,,
EL BERRINCHE (PLANES),R3,758,COLONIA SOTO O PLANES DEL BERRINCHE,730,DU06,SECTOR 07,,
EL BOSQUE,R3,4,BARRIO EL BOSQUE,202,DU07,,,
EL CALVARIO,CH/R4,507,BARRIO EL CALVARIO,609,DU05,SECTOR 06,,
EL CARMELO,D3,,,,,,,
EL CARPINTERO,HATILLO,658,CARPINTERO,1508,DU07,SECTOR 15,,
EL CARRIZAL,R3,284,BARRIO EL CARRIZAL,2212,DU04,SECTOR 22,,
EL CARRIZAL NO.2,R3,775,COLONIA EL CARRIZAL,716,DU06,SECTOR 07,,
EL CARRIZAL NO.2,R3,958,COLONIA EL CARRIZAL N0.2,2518,DU11,SECTOR 25,,
EL CARRIZAL ZONA 3,R3,,,,,,,
EL CARRIZAL ZONA 4,R3,,,,,,,
EL CASTAÑO (LOS CASTANOS),R1,486,COLONIA LOS CASTAÑOS,401,DU02,SECTOR 04,,
EL CENTRO (COMAYAGUELA),CH,498,BARRIO CENTRO DE COMAYAGUELA,617,DU01,SECTOR 06,,
EL CHILE,R3,755,BARRIO CHILE,732,DU06,SECTOR 07,,
EL CHIMBO,R3,536,ALDEA  EL CHIMBO,9996,DU07,SECTOR 09,,
EL COCO,R3,283,BARRIO EL COCO,2211,DU04,SECTOR 22,,
EL DORADO,R2,210,COLONIA EL DORADO,1917,DU02,SECTOR 19,,
EL DORAL CON EXP 5640-11,R2,420,CONDOMINIOS EL DORAL,2366,DU04,SECTOR 23,,
EL EDEN,R3,11,BARRIO EL EDEN,204,DU07,,,
EL EDEN NO 1,R3,59,COLONIA EL EDEN,1309,DU11,SECTOR 13,,
EL ESTIQUIRIN,R4,,,,,,,
EL HATILLO,HATILLO,539,ALDEA EL HATILLO,1509,DU07,SECTOR 15,,
EL HOGAR,R2,208,COLONIA EL HOGAR,1902,DU02,SECTOR 19,,
EL INFIERNITO,R3,,,,,,,
EL JAPON,R3,527,COLONIA EL JAPON,819,DU07,SECTOR 08,,
EL JASMIN,CH,15,BARRIO EL JAZMIN,104,DU01,,,
EL LOLO,R3,841,CASERIO EL LOLO,1403,DU06,SECTOR 14,,
EL MANCHEN,R3,470,BARRIO EL MANCHEN,303,DU07,SECTOR 03,,
EL MOLINO 16,R3,709,CONDOMINIOS RESIDENCIALES VILLAS DEL MOLINO,1651,DU08,SECTOR 16,,
EL MOLINO 21,R3,250,RESIDENCIAL LOS MOLINOS,2149,DU03,SECTOR 21,,
EL MOLINON,R4,713,RESIDENCIAL EL MOLINON,1644,DU08,SECTOR 16,,
EL OLVIDO,CH,17,BARRIO EL OLVIDO,105,DU01,,,
EL PASTEL,R3,802,BARRIO EL PASTEL,739,DU06,SECTOR 07,,
EL PEDERNAL,R3,951,COLONIA EL PEDERNAL,0,DU05,SECTOR 25,,
EL PILIGUÍN (COLONIA EL TRIGO),HATILLO,538,EL TRIGO,940,DU07,SECTOR 09,,
EL PORTILLO 14,R3,843,CASERIO EL PORTILLO,1405,DU06,SECTOR 14,,
EL PORTILLO 28,R3,889,RESIDENCIAL EL PORTILLO,2827,DU10,SECTOR 28,,
EL PORVENIR,R3,756,COLONIA  EL PORVENIR,731,DU06,SECTOR 07,,
EL PROGRESO # 1,R3,643,COLONIA EL PROGRESO I,1384,DU05,SECTOR 13,,
EL REPARTO,R3,547,COLONIA EL REPARTO,902,DU07,SECTOR 09,,
EL RETIRO,R4,60,COLONIA EL RETIRO,1350,DU11,SECTOR 13,,
EL RINCON,R3/HATILLO,571,COLONIA LA LEONA DEL RINCON,941,DU07,SECTOR 09,,
EL ROSARIO,R3,770,COLONIA ROSARIO,713,DU05,SECTOR 07,,
EL SAUCE,R3,413,RESIDENCIAL EL SAUCE,9998,DU10,SECTOR 23,,
EL SITIO,R3,0,COLONIA EL SITIO,2922,DU08,SECTOR 29,,
EL SITIO ARRIBA,R3,537,COLONIA SITIO ARRIBA,927,DU07,SECTOR 09,,
EL SITIO/98,R4,,,,,,,
EL SOCORRO,R3,817,COLONIA  EL SOCORRO,608,DU05,SECTOR 06,,
EL STIBYS / ECO URBANIZACIONES,UR/R4,,,,,,,
EL TABLON,R4,861,RESIDENCIAL EL TABLON,2608,DU09,SECTOR 26,,
EL TREBOL,R2,45,COLONIA EL TREBOL,1231,DU04,SECTOR 12,,
EL TRIGO,HATILLO,538,EL TRIGO,940,DU07,SECTOR 09,,
EL ZANCUDO,R3,,,,,,,
ELECTROCENTRO,R3,,,,,,,
ELVEL,R2,604,COLONIA  ELVEL,1107,DU02,SECTOR 11,,
EMBALSE DE LA REPRESA LAURELES,AR,998,REPRESA LOS LAURELES,0,,SECTOR 24,,
ENMANUEL,R3,876,RESIDENCIAL ENMANUEL,2720,DU09,SECTOR 27,,
ENTRE PINOS,HATILLO,664,RESIDENCIAL ENTREPINOS 1,1515,DU07,SECTOR 15,,
EQUIPAMIENTO GUBERNAMENTAL,G,,,,,,,
ERA #1,R3,0,COLONIA LA ERA,2911,DU08,SECTOR 29,,
ERENDIDA (LAS VEGAS),R4,237,COLONIA ERENDIRA,2116,DU03,SECTOR 21,,
ESPIRITU SANTO,R3,613,COLONIA ESPIRITU SANTO,1327,DU05,SECTOR 13,,
ESTADIO NACIONAL,AR,685,ESTADIO NACIONAL,0,DU02,SECTOR 05,,
ESTRELLA,R3,820,BARRIO LA ESTRELLA,806,DU07,SECTOR 08,,
FABRICA TEXTILES RIO LINDO,ZI,271,COLONIA JARDINES DE LOARQUE,2105,DU09,SECTOR 21,,
FABRICA TEXTILES RIO LINDO,ZI,,,,,,,
FATIMA NRO. 1,R3,55,COLONIA FATIMA,1316,DU11,SECTOR 13,,
FATIMA NRO. 2,R3,55,COLONIA FATIMA,1316,DU11,SECTOR 13,,
FEHCOVIL,R3,0,COLONIA FEHCOVIL,2902,DU08,SECTOR 29,,
FERNANDO,R3,478,COLONIA FERNANDO CALDERON,0,DU07,SECTOR 09,,
FINCA VALLADARES,R1,,,,,,,
FINLAY,CH,464,BARRIO LA RONDA,111,DU01,,,
FLOR # 1,R3,788,COLONIA FLOR No. 1,725,DU06,SECTOR 07,,
FLOR # 2,R3,805,COLONIA FLOR No. 2,741,DU06,SECTOR 07,,
FLOR DEL CAMPO (LAS DELICIAS),R3,978,COLONIA FLOR DEL CAMPO,2414,DU04,SECTOR 24,,
FLORENCIA NORTE,R1,667,COLONIA FLORENCIA NORTE,1702,DU02,SECTOR 17,,
FLORENCIA OESTE,R1,666,COLONIA FLORENCIA OESTE,1704,DU02,SECTOR 17,,
FLORENCIA SUR,R1-R2,86,COLONIA FLORENCIA SUR,1703,DU02,SECTOR 17,,
FLORENTINOS,R3,873,RESIDENCIAL FLORENTINOS,2723,DU09,SECTOR 27,,
FLORES DE ORIENTE,R3,0,COLONIA FLORES DE ORIENTE,2905,DU08,SECTOR 29,,
FLORESTA DEL PICACHO,HATILLO,533,RESIDENCIAL FLORESTA DEL PICACHO,842,DU07,SECTOR 08,,
FRANCISCO MORAZAN,R4,,,,,,,
FRANCISCO MURILLO SOTO,R3,282,COLONIA FRANCISCO MURILLO SOTO,2210,DU04,SECTOR 22,,
FRATERNIDAD,R3,559,COLONIA LA FRATERNIDAD,905,DU02,SECTOR 09,,
FRATERNIDAD PESPIRENSE,R4,846,COLONIA FRATERNIDAD PESPIRENSE,0,DU06,SECTOR 07,,
FUENTE DE VIDA (NUEVA ALDEA),R3,648,COLONIA LA FUENTE I  ETAPA,1345,DU11,SECTOR 13,,
FUERZAS ARMADAS,R3,792,COLONIA FUERZAS ARMADAS,768,DU05,SECTOR 07,,
FUERZAS UNIDAS,R3,942,COLONIA FUERZAS UNIDAS,2533,DU11,SECTOR 25,,
GENERACION 2000,R3,956,COLONIA GENERACION 2000,2540,DU11,SECTOR 25,,
"GERMANIA (CASERIOS GERMANIA, LOS JUTES Y PASO ANCH",SECTOR 27,888,RESIDENCIAL LOMAS DE GERMANIA,2824,DU10,SECTOR 28,,
GIRASOLES,R3,558,COLONIA GIRASOLES,908,DU07,SECTOR 09,,
GLORIA A DIOS,R4,143,COLONIA GLORIA A DIOS,1816,DU02,SECTOR 18,,
GRACIAS A DIOS,R3,944,COLONIA GRACIAS A DIOS,2502,DU05,SECTOR 25,,
GRAN MIRADOR,R1,816,EL GRAN MIRADOR,0,DU07,SECTOR 15,,
GRANADA,R3,764,COLONIA  GRANADA,705,DU05,SECTOR 07,,
GUACERIQUE,R3,600,BARRIO GUACERIQUE,1202,DU04,SECTOR 12,,
GUADALUPE,D3,491,BARRIO LA GUADALUPE,507,DU02,SECTOR 05,,
GUAJOCO,CH,459,BARRIO GUAJOCO,121,DU01,,,
GUAMILITO,R4,760,COLONIA GUAMILITO,755,DU06,SECTOR 07,,
GUANACASTE,CH,20,BARRIO GUANACASTE,106,DU07,,,
GUILLEN,R3,548,COLONIA GUILLEN,906,DU07,SECTOR 09,,
GUZMAN,R3,965,COLONIA CIUDAD GUZMAN,2545,DU11,SECTOR 25,,
HACIENDA EL MOLINO,R3,,,,,,,
HACIENDA EL TRAPICHE,R1,90,RESIDENCIAL EL TRAPICHE,1726,DU02,SECTOR 17,,
HACIENDA HATO DE EN MEDIO,R1,141,COLONIA HATO DE ENMEDIO SECTOR 1,1801,DU02,SECTOR 18,,
HACIENDA REAL I ETAPA,R3,,,,,,,
HACIENDA REAL II ETAPA PARTE - A - Y PARTE -B-,R3,,,,,,,
HAMBURGO 20,R3,864,RESIDENCIAL HAMBURGO,2609,DU09,SECTOR 26,,
HAMBURGO 26,R3,,,,,,,
HATILLO,HATILLO/ R3,539,ALDEA EL HATILLO,1509,DU07,SECTOR 15,,
HATO DE EN MEDIO FOSOVI,R4,141,COLONIA HATO DE ENMEDIO SECTOR 1,1801,DU02,SECTOR 18,,
HATO O SAN IGNACIO,R1,161,COLONIA SAN IGNACIO,1802,DU02,SECTOR 18,,
HENRY MERRIAN,R3,,,,,,,
HOLLIWOOD,R3,648,COLONIA LA FUENTE I  ETAPA,1345,DU11,SECTOR 13,,
HONDURAS,R4,176,RESIDENCIAL HONDURAS,2019,DU09,SECTOR 20,,
HUMUYA,R3,601,COLONIA HUMUYA,1101,DU02,SECTOR 11,,
IBERIA,R3,629,COLONIA IBERIA,767,DU05,SECTOR 07,,
"ILAMAPA, CIUDAD SATELITE",R4,,,,,,,
INDEPENDENCIA,R4,795,COLONIA LA INDEPENDENCIA,723,DU05,SECTOR 07,,
INDEPENDENCIA PORTILLO,R3,,,,,,,
INESTROZA,R3,,,,,,,
INSTALACIONES DEL SANAA,R3,119,PLANTEL SANAA,0,DU03,SECTOR 21,,
INTERAMERICANA,R2,634,COLONIA INTERAMERICANA,1332,DU05,SECTOR 13,,
ISRAEL,R4,,,,,,,
ISRAEL NORTE,R4,652,COLONIA  ISRAEL NORTE,1314,DU11,SECTOR 13,,
ISRAEL SUR,R4,53,COLONIA ISRAEL SUR,1313,DU11,SECTOR 13,,
JACALEAPA (CASERIO EL JICARO),R3,,,,,,,
JACALEAPA (LA CIENEGA),R3,,,,,,,
JACARANDA,R3,469,COLONA LAS JACARANDAS,310,DU07,SECTOR 03,,
JARDIN,R3-R4,565,RESIDENCIAL EL JARDIN,937,DU07,SECTOR 09,,
JARDIN DE CASAMATA,R3,19,BARRIO CASAMATA,302,DU07,SECTOR 03,,
JARDIN LAS COLINAS,R3,471,COLONIA JARDINES LAS COLINAS,308,DU07,SECTOR 03,,
JARDIN NORMA,R1,473,COLONIA JARDIN NORMA,430,DU02,SECTOR 04,,
JARDIN SANTA ROSA,R3,22,COLONIA JARDIN SANTA ROSA,306,DU07,SECTOR 03,,
JARDIN SONIA,R1,474,COLONIA LA CAMPA√ëA,410,DU02,SECTOR 04,,
JARDINES DE LOARQUE,R2,271,COLONIA JARDINES DE LOARQUE,2105,DU09,SECTOR 21,,
JARDINES DE MIRAFLORES,R2,216,COLONIA JARDINES DE MIRAFLORES,1919,DU03,SECTOR 19,,
JARDINES DE SAN JOSE,R3,286,COLONIAI JARDINES DE SAN JOSE,2207,DU04,SECTOR 22,,
JARDINES DE TONCONTIN,R3,973,COLONIA JARDINES DE TONCONTIN,2403,DU04,SECTOR 24,,
JARDINES DEL CARRIZAL,R4,,,,,,,
JARDINES DEL NORTE,R3,,,,,,,
JESUS AGUILAR PAZ / OROPEL,R3,259,RESIDENCIAL JESUS AGUILAR PAZ,2140,DU03,SECTOR 21,,
JOSE A DUARTE,R4,,,,,,,
JOSE ANGEL ULLOA,R4,,,,,,,
JOSE ARTURO DUARTE,R3,953,COLONIA JOSE ARTURO DUARTE,2522,DU11,SECTOR 25,,
JOSE ROBERTO MOLINA MURILLO FONEDOR,R3,,,,,,,
JOSE SIMON AZCONA,R3,549,COLONIA JOSE SIMON AZCONA,948,DU07,SECTOR 09,,
"JOYAS DEL DORADO EXP. 1649-13, 4326-13",R3,327,RESIDENCIAL JOYAS DEL DORADO,1237,DU03,SECTOR 19,,
JUAN LINDO,R3,516,COLONIA JUAN LINDO,0,DU05,SECTOR 06,,
KENNEDY FOSOVI,R3,171,COLONIA KENNEDY SUPER MANZANA 1,2001,DU03,SECTOR 20,,
KENNEDY NORTE,R4,171,COLONIA KENNEDY SUPER MANZANA 1,2001,DU03,SECTOR 20,,
LA ALAMBRA,R2,9,COLONIA ALAHAMBRA,210,DU01,,,
LA ARBOLEDA,R4,,,,,,,
LA AURORA,R1,588,COLONIA LA AURORA,1004,DU02,SECTOR 10,,
LA AURORA,R3,588,COLONIA LA AURORA,1004,DU02,SECTOR 10,,
LA BOLSA,R3,505,BARRIO LA BOLSA,1201,DU04,SECTOR 12,,
LA BURRERA,R3,974,COLONIA LA BURRERA,2404,DU04,SECTOR 24,,
LA CABAÑA,CH/R2,460,BARRIO LA CABAÑA,203,DU07,,,
LA CAMPAÑA,R1,474,COLONIA LA CAMPA√ëA,410,DU02,SECTOR 04,,
LA CAÑADA,R3,344,RESIDENCIAL LA CA√ëADA,2133,DU03,SECTOR 21,,
LA CAÑADA,R4,344,RESIDENCIAL LA CA√ëADA,2133,DU03,SECTOR 21,,
LA CHIVERA,R3,499,BARRIO LA CHIVERA,611,DU06,SECTOR 06,,
LA CIDRA,R3,,,,,,,
LA CIENEGA,R3,883,ALDEA LA CIENEGA,2707,DU09,SECTOR 27,,
LA CONCEPCION,R3,,,,,,,
LA CONCORDIA,CH,7,BARRIO LA CONCORDIA,219,DU01,,,
LA CRUZ,R3,468,COLONIA VIERA,301,DU07,SECTOR 03,,
LA CUESTA,R3,,,,,,,
LA CUESTA No. 2 (CASERIO EL DURAZNO),R3,844,ALDEA LA CUESTA No. 2,1407,DU06,SECTOR 14,,
"LA CUESTA NO. 2 (CASERIO EL LOLO, LA CUESTA No. 2)",R3,844,ALDEA LA CUESTA No. 2,1407,DU06,SECTOR 14,,
LA CUMBRE,R1,581,RESIDENCIAL LA CUMBRE,1007,DU02,SECTOR 10,,
LA ENTRADA CENTROAMERICA,R4,,,,,,,
LA ERA N1,R3,0,COLONIA LA ERA,2911,DU08,SECTOR 29,,
LA ESPERANZA,R3,769,BARRIO LA ESPERANZA,712,DU05,SECTOR 07,,
LA FATIMA,R4,55,COLONIA FATIMA,1316,DU11,SECTOR 13,,
LA FINCA,R3,,,,,,,
LA FLORIDA,R4,568,RESIDENCIAL FLORIDA I ETAPA,945,DU07,SECTOR 09,,
LA FUENTE,CH,8,BARRIO LA FUENTE,213,DU01,,,
LA FUENTE,R3,648,COLONIA LA FUENTE I  ETAPA,1345,DU11,SECTOR 13,,
LA FUENTE No 2,R4,648,COLONIA LA FUENTE I  ETAPA,1345,DU11,SECTOR 13,,
LA GRAN VILLA,R2,,,,,,,
LA GRANJA,R1,612,BARRIO LA GRANJA,1213,DU04,SECTOR 12,,
LA HACIENDA,R1,682,RESIDENCIAL LA HACIENDA,1723,DU02,SECTOR 17,,
LA HAYA,R3,763,COLONIA LA HAYA,704,DU05,SECTOR 07,,
LA HOYA,CH,463,BARRIO LA HOYA,108,DU01,,,
LA HOYA,D3,489,COLONIA LA HOYA,427,DU02,SECTOR 04,,
LA HUERTA,R3,314,COLONIA LA HUERTA,0,DU11,SECTOR 13,,
LA JOYA,R3,567,COLONIA LA JOYA,907,DU07,SECTOR 09,,
LA JOYA FOSOVI,R3,226,COLONIA LA JOYA FOSOVI,1913,DU03,SECTOR 19,,
LA LAGUNA,R3,790,COLONIA LA LAGUNA,721,DU05,SECTOR 07,,
LA LEONA,CH,12,BARRIO LA LEONA,209,DU01,,,
LA LEONA DEL RINCON,R3,571,COLONIA LA LEONA DEL RINCON,941,DU07,SECTOR 09,,
LA LEONA DEL RINCON,R4,571,LA LEONA DEL RINCON,941,DU07,Sector09,,
LA LIBERTAD(SECTOR VILLANUEVA SUYAPA),R3,156,COLONIA LA LIBERTAD,1809,DU08,SECTOR 18,,
LA LIMA,R3,,,,,,,
LA LOMA,R3,678,COLONIA LA LOMA,1735,DU02,SECTOR 17,,
LA MERCED,CH,465,BARRIO LA MERCED,109,DU01,SECTOR 01,,
LA MONCADA,CH,14,BARRIO LA MONCADA,115,DU01,SECTOR 01,,
LA PEDRERA,CH,466,BARRIO LA PEDRERA,118,DU01,SECTOR 01,,
LA PEDRERA,R3,976,COLONIA LA PRADERA,2406,DU04,SECTOR 24,,
LA PLAZUELA,CH,16,BARRIO LA PLAZUELA,110,DU01,SECTOR 01,,
LA PRADERA,R3,976,COLONIA LA PRADERA,2406,DU04,SECTOR 24,,
LA PRIMAVERA,R1,608,COLONIA LA PRIMAVERA,1220,DU04,SECTOR 12,,
LA RONDA,CH,464,BARRIO LA RONDA,111,DU01,SECTOR 01,,
LA ROSA,R4,,,,,,,
LA SOLEDAD,R3,925,ALDEA LA SOLEDAD No.2,2501,DU11,SECTOR 25,,
LA SOSA,R5,0,COLONIA LA SOSA,2914,DU08,SECTOR 29,,
LA SOSA NORTE,R3,,,,,,,
LA SOSA SUR,R3,,,,,,,
LA SOTO,R3,758,COLONIA SOTO O PLANES DEL BERRINCHE,730,DU06,SECTOR 07,,
LA TIGRA,AR,,,,,,,
LA TRAVESIA,R3,0,COLONIA LA TRAVESIA,2913,DU08,SECTOR 16,,
LA UNION,R3,712,COLONIA LA UNION,1605,DU08,SECTOR 16,,
LA ZOPILOTERA,R3,465,BARRIO LA MERCED,109,DU01,,,
LARA,R1,14,BARRIO LA MONCADA,115,DU01,,,
LARA NORTE,R1,466,BARRIO LA PEDRERA,118,DU01,,,
LAS ACACIAS,R3,968,COLONIA LAS ACACIAS,2504,DU06,SECTOR 25,,
LAS ANONAS,R1,16,BARRIO LA PLAZUELA,110,DU01,,,
LAS BEGONIAS SAN IGNACIO (CONDOMINIO HORIZONTAL),R2,976,COLONIA LA PRADERA,2406,DU04,SECTOR 24,,
LAS BRISAS,R3,230,COLONIA LAS BRISAS,1911,DU03,SECTOR 19,,
LAS BRISAS BETANIA,R3,608,COLONIA LA PRIMAVERA,1220,DU04,SECTOR 12,,
LAS CANTERAS,R3,464,BARRIO LA RONDA,111,DU01,,,
LAS CASITAS (CASERIO LAS CASITAS),R3,,,,,,,
LAS CASITAS (COLONIA FELICIDAD),R3,52,BARRIO LA SOLEDAD,1317,DU11,SECTOR 13,,
LAS CASITAS RESIDENCIAL,R3,,,,,,,
LAS COLINAS,R2,209,COLONIA LAS COLINAS,1904,DU02,SECTOR 19,,
LAS CRUCITAS,HATILLO,531,COLONIA LAS CRUCITAS,809,DU07,SECTOR 08,,
LAS CRUCITAS,R3,531,COLONIA LAS CRUCITAS,809,DU07,SECTOR 08,,
LAS CRUCITAS #2,HATILLO,758,COLONIA SOTO O PLANES DEL BERRINCHE,730,DU06,SECTOR 07,,
LAS DELICIAS,CH,457,BARRIO LAS DELICIAS,215,DU01,SECTOR 01,,
LAS GRANJITAS,R3,238,COLONIA LAS GRANJITAS,2117,DU03,SECTOR 21,,
LAS HADAS,R3,706,COLONIA LAS ANONAS,1639,DU07,SECTOR 16,,
LAS HADAS FECOVIL,R3,452,RESIDENCIAL LAS HADAS AMPLIACION FEHCOVIL,0,DU04,SECTOR 23,,
LAS HADAS SOGERIN,R2,414,RESIDENCIAL LAS HADAS,2319,DU04,SECTOR 23,,
LAS JOYAS,R4,,,,,,,
LAS MARGARITAS,R3,563,COLONIA VILLA SANTA MARGARITA,942,DU07,SECTOR 09,,
LAS MARIAS,R1,582,RESIDENCIAL LAS MARIAS,1031,DU02,SECTOR 10,,
LAS MERCEDES,R4,807,COLONIA LAS MERCEDES,736,DU05,SECTOR 07,,
LAS MINITAS,R1,589,COLONIA LAS MINITAS,1003,DU02,SECTOR 10,,
LAS PALMAS,R3,196,COLONIA LAS PALMAS,2004,DU03,SECTOR 20,,
LAS PALOMAS,R1,484,COLONIA LAS PALOMAS,411,DU02,SECTOR 04,,
LAS PAVAS,R3/R4,782,COLONIA LAS PAVAS,719,DU06,SECTOR 07,,
LAS PERLAS,R3,,,,,,,
LAS TORRES,R3,994,COLONIA LAS TORRES,2417,DU04,SECTOR 24,,
LAS VEGAS,R3,,,,,,,
LAS VEGAS (FECESITLEH),R3,239,COLONIA LAS VEGAS  FECESITLIH,2137,DU03,SECTOR 21,,
LAURELES REAL,R3,67,RESIDENCIAL LAURELES REAL,1382,DU11,SECTOR 13,,
LEMPIRA,CH/R4,508,BARRIO LEMPIRA,602,DU05,SECTOR 06,,
LINCOLN,R3,946,COLONIA LINCOLN,2509,DU11,SECTOR 25,,
LINDA VISTA,R1,584,COLONIA LINDA VISTA,1009,DU02,SECTOR 10,,
LINTON,R3,818,COLONIA LINTON,225,DU07,,,
LIQUIDAMBAR,R1/R2,676,VILLAS LIQUIDAMBAR,1737,DU02,SECTOR 17,,
LIVERPOOL,R3,945,COLONIA LIVERPOOL,0,DU05,SECTOR 25,,
LLANOS DEL POTRERO,R2,396,LLANO DEL POTRERO,2322,DU04,SECTOR 23,,
LOARQUE,R3,267,COLONIA LOARQUE,9993,DU09,SECTOR 21,,
LOARQUE SUR,R3,269,COLONIA LOARQUE SUR,2104,DU09,SECTOR 21,,
LOMA ALTA,R1,579,COLONIA LOMA ALTA,1026,DU02,SECTOR 10,,
LOMA LINDA NORTE,R1,605,COLONIA  LOMA LINDA NORTE,1109,DU02,SECTOR 11,,
LOMA LINDA SUR,R1,25,COLONIA  LOMA LINDA SUR,1110,DU02,SECTOR 11,,
LOMA SUR,R3,343,COLONIA LOMA SUR,2150,DU03,SECTOR 21,,
LOMA VERDE,R3,207,RESIDENCIAL LOMA VERDE,1927,DU02,SECTOR 19,,
LOMAS DE CARRARA,R3,680,RESIDENCIAL LOMAS DE CARRARA,1729,DU02,SECTOR 17,,
LOMAS DE GERMANIA,R4,888,RESIDENCIAL LOMAS DE GERMANIA,2824,DU10,SECTOR 28,,
LOMAS DE JACALEAPA,R4,187,RESIDENCIAL LOMAS DE JACALEAPA,2007,DU03,SECTOR 20,,
LOMAS DE LA FLORIDA,R4,708,RESIDENCIAL LOMAS DE LA FLORIDA,1648,DU02,SECTOR 16,,
LOMAS DE LA JOYA,R3,331,COLONIA LOMA DE LA JOYA,1931,DU03,SECTOR 19,,
LOMAS DE LAS MINITAS,R3,589,COLONIA LAS MINITAS,1003,DU02,SECTOR 10,,
LOMAS DE LOARQUE,R3,,,,,,,
LOMAS DE MARIA AUXILIADORA,R3,,,,,,,
LOMAS DE MIRAFLORES,R2,222,RESIDENCIAL VILLA LOMAS DE MIRAFLORES,1936,DU03,SECTOR 19,,
LOMAS DE MIRAFLORES SUR,R3,221,RESIDENCIAL LOMAS DE MIRAFLORES SUR,1921,DU03,SECTOR 19,,
LOMAS DE SAN JOSE,R3,190,COLONIA LOMAS DE SAN JOSE  I ETAPA,2018,DU03,SECTOR 20,,
LOMAS DE TILOARQUE (PLAN DE LAS LOMAS),R4,32,COLONIA LOMAS DE TILOARQUE ETAPA I,1208,DU04,SECTOR 12,,
LOMAS DE TILOARQUE ETAPA 1,R3,32,COLONIA LOMAS DE TILOARQUE ETAPA I,1208,DU04,SECTOR 12,,
LOMAS DE TILOARQUE ETAPA 2,R3,32,COLONIA LOMAS DE TILOARQUE ETAPA I,1208,DU04,SECTOR 12,,
LOMAS DE TONCONTIN,R3,909,COLONIA LOMAS DE TONCONTIN I ETAPA,2813,DU10,SECTOR 28,,
LOMAS DEL BOSQUE,R3,819,COLONIA LOMAS DEL BOSQUE,829,DU07,SECTOR 08,,
LOMAS DEL CASTAÑO,R1,587,COLONIA LOMAS DELCASTAÑOS SUR,1018,DU02,SECTOR 10,,
LOMAS DEL CORTIJO,R3,288,COLONIA LOMAS DEL CORTIJO,2213,DU04,SECTOR 22,,
LOMAS DEL COUNTRY,R2,637,COLONIA LOMAS DEL COUNTRY,1336,DU05,SECTOR 13,,
LOMAS DEL DORADO,R4,175,RESIDENCIAL LOMAS EL DORADO,2025,DU09,SECTOR 20,,
LOMAS DEL GUIJARRO,R1,593,COLONIA LOMAS DEL GUIJARRO,1006,DU02,SECTOR 10,,
LOMAS DEL GUIJARRO SUR,R1,594,RESIDENCIAL LOMAS DEL GUIJARRO SUR,1712,DU02,SECTOR 17,,
LOMAS DEL MAYAB,R1,596,COLONIA LOMAS DEL MAYAB,1008,DU02,SECTOR 10,,
LOMAS DEL NAVOO,R3,193,COLONIA BRISAS DE JACALEAPA O LOMAS DE NAVOO I ETAPA,2021,DU03,SECTOR 21,,
LOMAS DEL NORTE,R4,962,COLONIA LOMAS DEL NORTE,2507,DU11,SECTOR 25,,
LOMAS DEL PORTILLO,R3,573,RESIDENCIAL LOMAS DEL MOLINO,946,DU07,SECTOR 09,,
LOMAS DEL PRADO NORTE,R4,739,RESIDENCIAL LOMAS DEL PRADO NORTE,1646,DU08,SECTOR 16,,
LOS ALMENDROS,R1,576,COLONIA LOS ALMENDROS,1010,DU02,SECTOR 10,,
LOS ALPES,R3,348,COLONIA LOS ALPES No.1,2146,DU03,SECTOR 21,,
LOS ALPES DE,R3,249,COLONIA LOS ALPES No.2,2142,DU03,SECTOR 21,,
LOS ANDES,R3,947,COLONIA LOS ANDES,0,DU11,SECTOR 25,,
LOS ANGELES,R1,402,COLONIA LOS ANGELES,2315,DU04,SECTOR 23,,
LOS ANGELES(CATESA),R2,401,RESIDENCIAL CATESA,0,DU04,SECTOR 23,,
LOS DOLORES,CH,461,BARRIO LOS DOLORES,114,DU01,,,
LOS ENCUENTROS,R3,,,,,,,
LOS ENSUEÑOS LLANOS DEL POTRERO (CIRCUITO CERRADO),R2,396,LLANO DEL POTRERO,2322,DU04,SECTOR 23,,
LOS EUCALIPTOS,R4,441,RESIDENCIAL LOS EUCALIPTOS,2351,DU04,SECTOR 23,,
LOS HIDALGOS,R3,444,RESIDENCIAL LOS HIDALGOS,2356,DU10,SECTOR 23,,
LOS HIDALGOS CIRCUITO 1 Y CIRCUITO 2,R3,389,RESIDENCIAL LOS HIDALGOS CIRCUITO I,2356,DU10,SECTOR 23,,
LOS HIGUEROS,R3,154,COLONIA EL HIGUERO,1808,DU08,SECTOR 18,,
LOS JUTES,R4,,,,,,,
LOS JUTES (CASERIO LAS PILITAS),HATILLO,,,,,,,
LOS MANGOS,R3,1,COLONIA MIRAMESI,205,DU07,,Sub,"14.1161815, -87.2083478"
LOS MOLINOS IMPREMA / JOSE MARIA ANDRADE,R4,,,,,,,
LOS PERIODISTAS,R1,416,COLONIA LOS PERIODISTAS,2316,DU04,SECTOR 23,,
LOS PINOS,R4,0,COLONIA LOS PINOS,2032,DU09,SECTOR 20,,
LOS PROCERES,R2,735,COLONIA LOS PROCERES,1609,DU02,SECTOR 16,,
LOS PROFESORES,R3,831,COLONIA LOS PROFESORES,734,DU06,SECTOR 07,,
LOS QUEBRACHOS,R3,,,,,,,
LOS ROBLES,R3,395,COLONIA LOS ROBLES,2303,DU04,SECTOR 23,,
LOS TROZOS,R3,879,LOS TROZOS,2705,DU09,SECTOR 27,,
LOS TULIPANES,R3,225,RESIDENCIAL LOS TULIPANES,1939,DU03,SECTOR 19,,
LOS ZORSALES # 1,R3,289,COLONIA LOS ZORZALES I,2215,DU04,SECTOR 22,,
LOS ZORSALES # 2,R3,290,COLONIA LOS ZORZALES II,2215,DU04,SECTOR 22,,
LOS ZORZALES,R4,751,RESIDENCIAL LOS ZORZALES,0,DU04,SECTOR 22,,
LOTE NUM 9 SAN IGNACIO,R1,161,COLONIA SAN IGNACIO,1802,DU02,SECTOR 18,,
LOTIFICACION CANTERO,HATILLO,,,,,,,
LOTIFICACION SUYAPA,R3,,,,,,,
LOTIFICADORA CERRO AZUL,UR,161,RESIDENCIAL CERRO AZUL,2923,DU08,SECTOR 29,,
LOYOLA SAN IGNACIO (CONDOMINIO HORIZONTAL),R3,161,COLONIA SAN IGNACIO,1802,DU02,SECTOR 18,,
LUIS ANDRES ZUNIGA,R3,987,COLONIA LUIS ANDRES ZUNIGA,2431,DU04,SECTOR 24,,
LUIS CORDOVA,R3,257,COLONIA LUIS FERNANDO CORDOBA,2153,DU03,SECTOR 21,,
MANANTIAL,R3,753,COLONIA MANANTIAL,718,DU06,SECTOR 07,,
MARADIAGA,R1,44,COLONIA MARADIAGA,1215,DU04,SECTOR 12,,
MARIA CRISTINA,R3,40,COLONIA MARIA CRISTINA,1203,DU04,SECTOR 12,,
MARIA JOSE,R4,,,,,,,
MARIA MERCEDES,R3,809,COLONIA MARICHAL,921,DU07,SECTOR 09,,
MARICHAL,R3,809,COLONIA MARICHAL,921,DU07,SECTOR 09,,
MARY FLAKES FLORES,R4,929,COLONIA MARY FLAKES DE FLORES,2535,DU11,SECTOR 25,,
MATAMOROS,R1,475,COLONIA MATAMOROS,409,DU02,SECTOR 04,,
MATUTE,R3,0,COLONIA SECTOR MATUTE,0,DU08,SECTOR 29,,
MAYA,R3,721,RESIDENCIAL MAYA,1629,DU02,SECTOR 16,,
MAYANGLE,R2,630,COLONIA MAYANGLE,1335,DU05,SECTOR 13,,
MEJIA,R3,472,COLONIA MEJIA,315,DU07,SECTOR 03,,
MI CASITA,R3,,,,,,,
MIRADOR (LA TRAVESIA),R3,,,,,,,
MIRADOR DE LA TRAVESIA,R3,406,RESIDENCIAL MIRADOR DE LOS ANGELES,2363,DU10,SECTOR 23,,
MIRADOR DE LOS ANGELES,R3,406,RESIDENCIAL MIRADOR DE LOS ANGELES,2363,DU10,SECTOR 23,,
MIRADOR DEL BOSQUE,R3,4,BARRIO EL BOSQUE,202,DU07,,,
MIRADOR DEL NORTE,R4,72,RESIDENCIAL MIRADOR DEL NORTE,1374,DU11,SECTOR 13,,
MIRADOR SAN ISIDRO,R3,255,COLONIA MIRADOR DE SAN ISIDRO,2122,DU03,SECTOR 21,,
MIRADOR TILOARQUE 2005,R4,51,MIRADOR DE TILOARQUE,1235,DU04,SECTOR 12,,
MIRAFLOR,R3,50,COLONIA MIRAFLOR,1222,DU04,SECTOR 12,,
MIRAFLORES,R2,215,COLONIA MIRAFLORES,1908,DU03,SECTOR 19,,
MIRAFLORES NORTE,R3,359,VILLA MIRAFLORES NORTE,0,DU03,SECTOR 19,,
MIRAFLORES SUR,R2,217,COLONIA MIRAFLORES SUR,1907,DU03,SECTOR 19,,
MIRALAGO,HATILLO,659,RESIDENCIAL MIRALAGO,1514,DU07,SECTOR 15,,
MIRAMESI,CH/R4,1,COLONIA MIRAMESI,205,DU07,,,
MIRAMONTE I ETAPA,R2,602,COLONIA MIRAMONTES,1106,DU02,SECTOR 11,,
MIRAMONTE II ETAPA,R2,602,COLONIA MIRAMONTES,1106,DU02,SECTOR 11,,
MODELO,R2,422,COLONIA MODELO,2318,DU04,SECTOR 23,,
MODESTO RODAS ALVARADO,R3,562,COLONIA MODESTO RODAS ALVARADO,909,DU07,SECTOR 09,,
MONSEÑOR FIALLOS,R3,762,COLONIA MONSE√ëOR FIALLOS,703,DU05,SECTOR 07,,
MONTE CARMELO,R3,633,RESIDENCIAL MONTE CARMELO,1322,DU05,SECTOR 13,,
MONTE FRESCO,R2,865,COLONIA MONTE FRESCO,2605,DU09,SECTOR 26,,
MONTE LOS OLIVOS,R3,917,COLONIA MONTE DE LOS OLIVOS,2534,DU11,SECTOR 25,,
MONTE VERDE,R3,674,COLONIA MONTE VERDE,1715,DU02,SECTOR 17,,
MONTECARLOS,R1,583,COLONIA MONTECARLO,1015,DU02,SECTOR 10,,
MONTEFRESCO / PLANES DE LA LOMA,R3,865,COLONIA MONTE FRESCO,2605,DU09,SECTOR 26,,
MONTELIMAR,R3,285,COLONIA MONTELIMAR,2219,DU04,SECTOR 22,,
MONTERREY,R3,262,COLONIA MONTERREY,2120,DU03,SECTOR 21,,
MONTERREY NORTE,R3,264,COLONIA MONTERREY NORTE,0,DU03,SECTOR 21,,
MONTERREY SUR,R3,,,,,,,
MONTES DE BENDICION,R3,77,COLONIA   MONTES  DE BENDICION,1383,DU11,SECTOR 13,,
MONTES DE SINAI,R3,345,COLONIA MONTES DE SINAI,2112,DU03,SECTOR 21,,
MORAZAN,D3,492,BARRIO MORAZAN,504,DU02,SECTOR 05,,
NORA GUNERA DE MELGAR,R3,235,COLONIA NORA DE MELGAR,0,DU03,SECTOR 19,,
NORTE FRESCO,R3,865,COLONIA MONTE FRESCO,2605,DU09,SECTOR 26,,
NUEVA ALDEA (CASERIO JOCOMICO),R3,,,,,,,
NUEVA AUSTRALIA,R3,916,COLONIA NUEVA AUSTRALIA,2541,DU11,SECTOR 25,,
NUEVA CAPITAL,R4,940,COLONIA NUEVA CAPITAL,2527,DU11,SECTOR 25,,
NUEVA DANLI,R3,934,COLONIA NUEVA DANLI,2526,DU11,SECTOR 25,,
NUEVA ERA,R3,720,COLONIA NUEVA ERA,1616,DU08,SECTOR 16,,
NUEVA ERA TEGUCIGALPA,R4,645,COLONIA NUEVA ERA,1347,DU11,SECTOR 13,,
NUEVA ESPAÑA,R4,81,COLONIA NUEVA ESPA√ëA,1386,DU11,SECTOR 13,,
NUEVA ESPERANZA,R4,30,COLONIA NUEVA ESPERANZA,1221,DU04,SECTOR 12,,
NUEVA GALILEA,R3,80,COLONIA NUEVA GALILEA,1385,DU11,SECTOR 13,,
NUEVA JERUSALEM #2,R3,84,COLONIA NUEVA JERUSALEN No.2,0,DU11,SECTOR 13,,
NUEVA JERUSALEN,R3,56,COLONIA  NUEVA JERUSALEM,1372,DU11,SECTOR 13,,
NUEVA ORIENTAL Y MIRADOR DE ORIENTE,R3,,,,,,,
NUEVA OROCUINA,R4,63,COLONIA NUEVA OROCUINA,1304,DU11,SECTOR 13,,
NUEVA PROVIDENCIA,R4,941,COLONIA NUEVA PROVIDENCIA,2531,DU11,SECTOR 25,,
NUEVA SANTA ROSA,R3,552,COLONIA NUEVA SANTA ROSA,928,DU07,SECTOR 09,,
NUEVA VIERA,R4,724,COLONIA NUEVA VIERA,1630,DU02,SECTOR 16,,
NUEVAS DELICIAS,R3,983,COLONIA NUEVAS DELICIAS,2423,DU04,SECTOR 24,,
NUEVO AMANECER,R3,29,COLONIA NUEVO AMANECER,1217,DU04,SECTOR 12,,
NUEVO EDEN,R3,723,COLONIA NUEVO EDEN,1640,DU02,SECTOR 16,,
NUEVO LOARQUE,R2,376,COLONIA NUEVO LOARQUE,2107,DU09,SECTOR 21,,
NUEVOS HORIZONTES,R3,963,COLONIA NUEVOS HORIZONTES,2510,DU06,SECTOR 25,,
OASIS,R3,,,,,,,
OBELISCO,CH,506,BARRIO EL OBELISCO,612,DU01,SECTOR 06,,
OBRERA,R3,759,COLONIA LA OBRERA,738,DU06,SECTOR 07,,
OLIMPO,R4,,,,,,,
OLIMPUS,R4,734,RESIDENCIAL VILLA OLIMPUS,1645,DU02,SECTOR 16,,
OSCAR A. FLORES,R3,287,COLONIA OSCAR A FLORES,2216,DU04,SECTOR 22,,
OSCAR CASTRO TEJEDA,R3,28,COLONIA OSCAR CASTRO TEJADA,1236,DU04,SECTOR 12,,
PABLO PORTILLO,R3,,,,,,,
PAGODA,D3,496,BARRIO LA PAGODA,505,DU02,SECTOR 05,,
PALERMO,D3,490,COLONIA PALERMO,501,DU02,SECTOR 05,,
PALMA REAL,R3,440,RESIDENCIAL PALMA REAL,2330,DU04,SECTOR 23,,
PALMIRA,D3,488,COLONIA PALMIRA,433,DU02,SECTOR 04,,
PARQUE LOGISTICO AMARATECA (CONDOMINIO HORIZONTAL),D1,,,,,,,
PARQUE NACIONAL ONU,AR,,,,,,,
PARTE JARDINES DE SAN JOSE,R3,286,COLONIAI JARDINES DE SAN JOSE,2207,DU04,SECTOR 22,,
PASEO LAS CAMPANAS,R3,,,,,,,
PASEO LIQUIDAMBAR,R1,,,,,,,
PEDREGALITO,R3,766,COLONIA PEDREGALITO,707,DU05,SECTOR 07,,
PEÑA VIEJA,R3,,,,,,,
PENIEL,R3,,,,,,,
PERITOS MERCANTILES (EL CONTAD),R3,34,COLONIA PERITOS MERCANTILES,1226,DU04,SECTOR 12,,
PERPETUO SOCORRO,R3,504,BARRIO PERPETUO SOCORRO,607,DU05,SECTOR 06,,
PICACHITO,R3,528,COLONIA PICACHITO,801,DU07,SECTOR 08,,
PINARES DE SANTA CRUZ,UR,,,,,,,
PINO VERDE,R3,,,,,,,
PLAN DE LOS PINOS,R3,868,COLONIA PLAN DE LOS PINOS,2601,DU09,SECTOR 26,,
PLANES DEL BERRINCHE O COLONIA SOTO,R3,758,COLONIA SOTO O PLANES DEL BERRINCHE,730,DU06,SECTOR 07,,
PLANES DEL CARRIZAL,R3,,,,,,,
POLICARPO PAZ GARCIA,R4,798,COLONIA POLICARPO PAZ,715,DU05,SECTOR 07,,
POPULAR,R3,346,COLONIA LA POPULAR,2110,DU03,SECTOR 21,,
PORTAL DE AGUA DULCE (CONDOMINIO HORIZONTAL),R4,442,URBANIZACION AGUA DULCE,2328,DU04,SECTOR 23,,
PORTAL DE LAS FLORES (CIRCUITO CERRADO),R1,997,PORTAL DE LAS FLORES,0,DU04,SECTOR 24,,
PORTAL DEL BOSQUE I,R3,394,RESIDENCIAL PORTAL DEL BOSQUE I,2349,DU04,SECTOR 23,,
PORTAL DEL BOSQUE II ETAPA,R4,435,RESIDENCIAL PORTAL DEL BOSQUE II,2367,DU04,SECTOR 23,,
PORTAL DEL CASTAÑO,R1,824,RESIDENCIAL PORTAL DEL CASTAÑOS,0,DU02,SECTOR 10,,
PRADERA,R3,976,COLONIA LA PRADERA,2406,DU04,SECTOR 24,,
PRADERAS DIGNAS I Y II ETAPA,R4,,,,,,,
PRADO,R1,599,COLONIA EL PRADO,1102,DU02,SECTOR 11,,
PRADO VERDE,R4,738,RESIDENCIAL PRADO VERDE,1652,DU08,SECTOR 16,,
PRADOS UNIVERSITARIOS,R4,742,RESIDENCIAL PRADOS UNIVERSITARIOS,1621,DU08,SECTOR 16,,
PREDIOS DEL RECREO,R3,991,COLONIIA PREDIOS DEL RECREO,2430,DU04,SECTOR 24,,
PRIMAVERA,R4,608,COLONIA LA PRIMAVERA,1220,DU04,SECTOR 12,,
PRO PLAZA SAN IGNACIO 2004,R1,161,COLONIA SAN IGNACIO,1802,DU02,SECTOR 18,,
PROFESIONALES,D1,665,COLONIA LOS PROFESIONALES,1706,DU02,SECTOR 17,,
PROGRESO,R3,643,COLONIA EL PROGRESO I,1384,DU05,SECTOR 13,,
PROGRESO # 2,R3,642,COLONIA EL PROGRESO II,1333,DU05,SECTOR 13,,
PROPIEDAD PRIVADA LAS TORRES,R3,994,COLONIA LAS TORRES,2417,DU04,SECTOR 24,,
PROVIDENCIA,R3,274,COLONIA LA PROVIDENCIA,2226,DU04,SECTOR 22,,
PROYECTO KASANDRA,R4,,,,,,,
PROYECTO SUYAPITA,R3,129,RESIDENCIAL SUYAPITA,1819,DU08,SECTOR 18,,
PUEBLO NUEVO,D3,485,BARRIO PUEBLO NUEVO,413,DU02,SECTOR 04,,
PUEBLO NUEVO,R3,61,COLONIA PUEBLO NUEVO,1377,DU11,SECTOR 13,,
PUNTA CALIENTE,R3,2,BARRIO PUNTA CALIENTE,206,DU07,,,
QUEZADA,R2,598,COLONIA QUEZADA,1103,DU02,SECTOR 11,,
QUINTA BELLA,R1,161,COLONIA SAN IGNACIO,1802,DU02,SECTOR 18,,
QUINTA GUAJINIQUIL,UR,,,,,,,
QUINTAS DE ZAMBRANO,UR,,,,,,,
RAFAEL LEONARDO CALLEJAS,R4,767,COLONIA RAFAEL L. CALLEJAS,708,DU05,SECTOR 07,,
RAMON AMAYA AMADOR,R4,76,COLONIA RAMON AMAYA AMADOR,1369,DU11,SECTOR 13,,
REAL DE LAS PALMAS,R4,,,,,,,
REFORMA,R2,24,COLONIA LA REFORMA,305,DU07,SECTOR 03,,
REPARTO MANDOFER,D1,821,COLONIA REPARTO MANDOFER,1024,DU02,SECTOR 10,,
REPARTO POR ARRIBA,R3,547,COLONIA EL REPARTO,902,DU07,SECTOR 09,,
REPARTO POR BAJO,R3,547,COLONIA EL REPARTO,902,DU07,SECTOR 09,,
REPUBLICA DE VENEZUELA,R3,611,COLONIA VENEZUELA,1210,DU11,SECTOR 13,,
RES BUENA VISTA,R3,455,RESIDENCIAL BUENA VISTA,0,DU01,,,
RES LAS UVAS,R2,404,RESIDENCIAL LAS UVAS,2329,DU10,SECTOR 23,,
RES LUIMISA,R1-R2,,,,,,,
RES LUIS LANDA,R2,163,COLONIA LUIS LANDA,1805,DU02,SECTOR 18,,
RES PUERTA DEL SOL,R1,681,RESIDENCIAL PUERTA DEL SOL,1728,DU02,SECTOR 17,,
RES SANTA CECILIA,R4,848,RESIDENCIAL SANTA CECILIA,1329,DU05,SECTOR 13,,
RES. ALCAZAR DEL SUE,R3,,,,,,,
RES. ALTA VISTA,R3,,,,,,,
RES. ALTOS DE LAS HADAS,R2,403,RESIDENCIAL ALTOS DE LAS  HADAS,2333,DU04,SECTOR 23,,
RES. ALTOS DE SANTA ROSA,R3,878,COLONIA ALTOS DE SANTA ROSA,2713,DU09,SECTOR 27,,
RES. CENTROAMERICANA,R3,722,RESIDENCIAL VILLA CENTROAMERICANA,1622,DU02,SECTOR 16,,
RES. CONCEPCION,R3,892,RESIDENCIAL CONCEPCION,2821,DU10,SECTOR 28,,
RES. EL TABLON,R3,861,RESIDENCIAL EL TABLON,2608,DU09,SECTOR 26,,
RES. EL TRAPICHE,R1,90,RESIDENCIAL EL TRAPICHE,1726,DU02,SECTOR 17,,
RES. FRANCISCO MORAZAN,R3,68,RESIDENCIAL FRANCISCO MORAZAN,1354,DU11,SECTOR 13,,
RES. LA ALHAMBRA,HATILLO,660,RESIDENCIAL LA ALHAMBRA,1513,DU07,SECTOR 15,,
RES. LA CAÑADA,R3,344,RESIDENCIAL LA CA√ëADA,2133,DU03,SECTOR 21,,
RES. LAS MARGARITAS,R3,,,,,,,
RES. LOS OLIVOS,R1,,,,,,,
RES. LOS PORTALES,R4,177,RESIDENCIAL LOS PORTALES,2028,DU09,SECTOR 20,,
RES. PINARES,HATILLO,542,RESIDENCIAL PINARES,911,DU07,SECTOR 09,,
RES. RAFAEL BARDALES BUESO INPREMA /COL RIO ALTO,R2-R3,554,COLONIA RIO ALTO,924,DU07,SECTOR 09,,
RES. SAN IGNACIO,R1,161,COLONIA SAN IGNACIO,1802,DU02,SECTOR 18,,
RES. SAN JUAN,R3,145,RESIDENCIAL SAN JUAN,1821,DU08,SECTOR 18,,
RES. TONCONTIN,R3,438,RESIDENCIAL TONCONTIN,2331,DU04,SECTOR 23,,
RES. VIERA,R3,468,COLONIA VIERA,301,DU07,SECTOR 03,,
RES. VILLA DELMY,R3,550,RESIDENCIAL VILLA DELMY,914,DU07,SECTOR 09,,
RES. VILLA ELENA (PARTE),R1,,,,,,,
RES. VILLAS DEL REAL,R3,,,,,,,
RES. VILLAS PALMERAS,R1,89,RESIDENCIAL VILLA PALMERAS,1727,DU02,SECTOR 17,,
RESIDENCIAL - 3410- COL SAN IGNACIO,R3,161,COLONIA SAN IGNACIO,1802,DU02,SECTOR 18,,
RESIDENCIAL 3 CAMINOS,R2,668,COLONIA TRES CAMINOS,1705,DU02,SECTOR 17,,
RESIDENCIAL LAS CANARIAS,R3,388,RESIDENCIAL LAS CANARIAS II ETAPA,2368,DU10,SECTOR 23,,
RESIDENCIAL MAYA,R3,721,RESIDENCIAL MAYA,1629,DU02,SECTOR 16,,
RESIDENCIAL MONTELIMAR,R4,285,COLONIA MONTELIMAR,2219,DU04,SECTOR 22,,
RESIDENCIAL PARIS,R4,380,RESIDENCIAL PARIS,2154,DU09,SECTOR 21,,
RESIDENCIAL PLAZA,R3,200,RESIDENCIAL PLAZA,2017,DU03,SECTOR 20,,
RESIDENCIAL PLAZA CIRCUITO CERRADO SUB DIVISION,R4,200,RESIDENCIAL PLAZA,2017,DU03,SECTOR 20,,
RESIDENCIAL SANTA CRUZ I YII,R3,387,RESIDENCIAL SANTA CRUZ I ETAPA,2357,DU10,SECTOR 23,,
RESIDENCIAL SUYAPITA,R4,129,RESIDENCIAL SUYAPITA,1819,DU08,SECTOR 18,,
RESIDENCIAL YAGUARUNDI,HATILLO,,,,,,,
RIO ALTO 2004,R2,557,COLONIA VILLAS DEL RIO,915,DU07,SECTOR 09,,
RIO GRANDE NORTE,R2,372,COLONIA RIO GRANDE NORTE,2103,DU09,SECTOR 21,,
RIO GRANDE SUR,R3,373,COLONIA RIO GRANDE SUR,0,DU09,SECTOR 21,,
RIVAS,R3,1000,COLONIA RIVAS,2405,DU04,SECTOR 24,,
RIVERA DE LA VEGA,R4,293,COLONIA RIVERAS DE LA VEGA,2220,DU04,SECTOR 22,,
ROBERTO SUAZO CORDOVA NRO. 1,R3,275,COLONIA ROBERTO SUAZO CORDOVA,2203,DU04,SECTOR 22,,
ROBLE ALTO,R3,428,RESIDENCIAL ROBLE ALTO I ETAPA,2304,DU04,SECTOR 23,,
ROBLE ALTO II,R2,428,RESIDENCIAL ROBLE ALTO I ETAPA,2304,DU04,SECTOR 23,,
"ROBLE OESTE I, II, III, IV, V Y VI ETAPA",R3,430,RESIDENCIAL ROBLE OESTE I ETAPA,2346,DU04,SECTOR 23,,
RODIMIRO ZELAYA,R3,,,,,,,
RODRIGUEZ,R3,514,COLONIA RODRIGUEZ,616,DU05,SECTOR 06,,
ROMA,R3,240,COLONIA ROMA,2118,DU03,SECTOR 21,,
ROSALINDA,R3,778,COLONIA ROSALINDA,754,DU06,SECTOR 07,,
RUBEN ANTUNEZ,R1,88,COLONIA RUBEN ANTUNEZ,1707,DU02,SECTOR 17,,
RUBEN DARIO,R1,590,COLONIA RUBEN DARIO,1002,DU02,SECTOR 10,,
SABANA DEL RINCON,R3,,,,,,,
SABANAGRANDE,D1,480,BARRIO SABANAGRANDE,419,DU02,SECTOR 04,,
SAGASTUME,R3,526,COLONIA SAGASTUME,823,DU07,SECTOR 08,,
SAN ANGEL,R4,164,COLONIA SAN ANGEL,2010,DU03,SECTOR 20,,
SAN BUENAVENTURA,R3,57,COLONIA  SAN BUENAVENTURA,1380,DU11,SECTOR 13,,
SAN CARLOS,D3,483,COLONIA SAN CARLOS,407,DU02,SECTOR 04,,
SAN CRISTOBAL,R3,806,COLONIA SAN CRISTOBAL,735,DU05,SECTOR 07,,
SAN FELIPE,D1,482,BARRIO SAN FELIPE,412,DU02,SECTOR 04,,
SAN FRANCISCO,R3,653,COLONIA SAN FRANCISCO,1311,DU11,SECTOR 13,,
SAN IGNACIO FODENOR,R1,161,COLONIA SAN IGNACIO,1802,DU02,SECTOR 18,,
SAN JORGE,R1,609,BARRIO SAN JORGE,1204,DU04,SECTOR 12,,
SAN JOSE,R3,,,,,,,
SAN JOSE DE LA MONTAÑA,R3,453,COLONIA SAN JOSE DE LA MONTA√ëA,208,DU07,,,
SAN JOSE DE LA PEÑA,R3,347,COLONIA SAN JOSE DE LA PE√ëA,2111,DU03,SECTOR 21,,
SAN JOSE DE LA VEGA,R4,,,,,,,
SAN JOSE DE LOARQUE,R3,911,COLONIA  SAN JOSE DE LOARQUE,2308,DU10,SECTOR 28,,
SAN JOSE DE LOS LLANOS,R3,263,COLONIA SAN JOSE DE LOS LLANOS,2119,DU03,SECTOR 21,,
SAN JOSE DE LOS LLANOS,R4,263,COLONIA SAN JOSE DE LOS LLANOS,2119,DU03,SECTOR 21,,
SAN JOSE DEL PEDREGAL,R3,277,COLONIA SAN JOSE DEL PEDREGAL,2205,DU04,SECTOR 22,,
SAN JUAN BOSCO,R3,938,COLONIA SAN JUAN BOSCO,2516,DU11,SECTOR 25,,
SAN JUAN DE DIOS,R3,510,BARRIO SAN JUAN DE DIOS,1339,DU05,SECTOR 13,,
SAN JUAN DE PUNTARENAS,R3,,,,,,,
SAN JUAN DEL NORTE,R4,780,COLONIA SAN JUAN DEL NORTE,0,DU06,SECTOR 07,,
SAN LORENZO,R3,960,COLONIA SAN LORENZO,2532,DU06,SECTOR 25,,
SAN LUIS,R3,984,COLONIA SAN LUIS,2408,DU04,SECTOR 24,,
SAN MARTIN,R3,803,BARRIO SAN MARTIN,740,DU06,SECTOR 07,,
SAN MIGUEL,R3,718,COLONIA SAN MIGUEL,1614,DU02,SECTOR 16,,
SAN MIGUEL 1,R3,718,COLONIA SAN MIGUEL,1614,DU02,SECTOR 16,,
SAN MIGUEL ARCANGEL,R3,,,,,,,
SAN RAFAEL,R1,489,BARRIO SAN RAFAEL,415,DU02,SECTOR 04,,
SAN RAFAEL,R2,603,COLONIA SAN RAFAEL,1105,DU02,SECTOR 11,,
SAN RAFAEL HM,R2,489,BARRIO SAN RAFAEL,415,DU02,SECTOR 04,,
SANTA ANA,R3,,,,,,,
SANTA ANITA O QUEBRACHAL,R3,725,COLONIA SANTA ANITA O QUEBRACHAL,1620,DU02,SECTOR 16,,
SANTA BARBARA,R3,992,COLONIA SANTA BARBARA,2418,DU04,SECTOR 24,,
SANTA CECILIA # 1,R3,614,COLONIA SANTA CECILIA No.1,1326,DU05,SECTOR 13,,
SANTA CECILIA # 2,R3,614,COLONIA SANTA CECILIA No.1,1326,DU05,SECTOR 13,,
SANTA CLARA,R4,872,RESIDENCIAL SANTA CLARA,2717,DU09,SECTOR 27,,
SANTA CRUZ ABAJO (CASERIO EL PORTILLO DEL DURAZNO),R3,843,CASERIO EL PORTILLO,1405,DU06,SECTOR 14,,
SANTA CRUZ ARRIBA (CASERIO SANTA CRUZ ARRIBA),R3,,,,,,,
SANTA CRUZ II ETAPA,R3,386,RESIDENCIAL SANTA CRUZ II ETAPA,2365,DU10,SECTOR 23,,
SANTA CRUZ III ETAPA,R3,445,RESIDENCIAL SANTA CRUZ III ETAPA,2344,DU10,SECTOR 23,,
SANTA EDUVIGES,R3,62,COLONIA SANTA EDUVIGES,1308,DU11,SECTOR 13,,
SANTA FE,R3,765,COLONIA SANTA FE,711,DU05,SECTOR 07,,
SANTA ISABEL,R1,736,COLONIA SANTA ISABEL,1610,DU02,SECTOR 16,,
SANTA ISABEL,R3,776,COLONIA SANTA ISABEL,717,DU06,SECTOR 07,,
SANTA ISABEL,R3,196,COLONIA LAS PALMAS,2004,DU03,SECTOR 20,,
SANTA MARGARITA,R3,563,COLONIA VILLA SANTA MARGARITA,942,DU07,SECTOR 09,,
SANTA MARIA,R3,0,RESIDENCIAL SANTA MARIA,2921,DU08,SECTOR 29,,
SANTA ROSA (CASERIO SANTA ROSA),R3,,,,,,,
SANTO DOMINGO,R3,280,COLONIA SANTO DOMINGO,2209,DU04,SECTOR 22,,
SAUCIQUE,R3,525,BARRIO SAUCIQUE,802,DU07,SECTOR 08,,
SELECTA,D3,,,,,,,
SEMPE,R3,714,COLONIA SEMPE,1606,DU08,SECTOR 16,,
SIPILE,CH/R4,500,BARRIO SIPILE,610,DU06,SECTOR 06,,
SIRIA,R3,,,,,,,
SITIO ARRIBA,R3,537,COLONIA SITIO ARRIBA,927,DU07,SECTOR 09,,
SMITH NO 1,R3,959,COLONIA SMITH No.1,2511,DU06,SECTOR 25,,
SMITH NO 2,R3,964,COLONIA SMITH No.2,2511,DU06,SECTOR 25,,
SUAZO CORDOBA,R4,551,COLONIA ROBERTO SUAZO CORDOVA,919,DU07,SECTOR 09,,
SUB DIVISION DE LOTE CIUDAD LEMPIRA,R4,82,RESIDENCIAL CIUDAD LEMPIRA III ETAPA,1362,DU11,SECTOR 13,,
SUB DIVISION LAS HADAS,R3,414,RESIDENCIAL LAS HADAS,2319,DU04,SECTOR 23,,
SUPERACION,R4,618,COLONIA SUPERACION,1352,DU11,SECTOR 13,,
TIBURCIO CARIAS ANDINO,R3,,,,,,,
TIERRA BLANCA,R3,,,,,,,
TILOARQUE NO. 1,R3,610,COLONIA TILOARQUE,1205,DU04,SECTOR 12,,
TILOARQUE NO. 2,R3,610,COLONIA TILOARQUE,1205,DU04,SECTOR 12,,
TILOARQUE NORTE,R3,27,COLONIA TILOARQUE NORTE,1218,DU04,SECTOR 12,,
TONCONTIN,R3,438,RESIDENCIAL TONCONTIN,2331,DU04,SECTOR 23,,
TONW HOUSE EL PUEBLO SAN IGNACIO,R1,161,COLONIA SAN IGNACIO,1802,DU02,SECTOR 18,,
TOROCAGUA,R3,768,COLONIA TOROCAGUA,710,DU05,SECTOR 07,,
TRAVESIA,R3,0,COLONIA LA TRAVESIA,2913,DU08,SECTOR 16,,
TRAVESIA SECTOR 5,R3,,,,,,,
TRES CAMINOS NORTE,R1,668,COLONIA TRES CAMINOS,1705,DU02,SECTOR 17,,
TRES CAMINOS SUR,R1,668,COLONIA TRES CAMINOS,1705,DU02,SECTOR 17,,
TRINIDAD,R3,711,COLONIA LA TRINIDAD,1603,DU08,SECTOR 16,,
UNAH,G,669,UNAH,0,DU02,SECTOR 17,,
UNIDAD Y FUERZA,R3,923,COLONIA UNIDAD Y FUERZA,2538,DU11,SECTOR 25,,
UNION Y ESFUERZO,R3,,,,,,,
UNIVERSIDAD NORTE,R3,673,COLONIA UNIVERSIDAD NORTE,1701,DU02,SECTOR 17,,
UNIVERSIDAD NORTE ETAPA 1,R3,673,COLONIA UNIVERSIDAD NORTE,1701,DU02,SECTOR 17,,
UNIVERSIDAD NORTE ETAPA 2,R3,673,COLONIA UNIVERSIDAD NORTE,1701,DU02,SECTOR 17,,
UNIVERSIDAD SUYAPA,R3,0,COLONIA UNIVERSIDAD SUYAPA,0,DU08,SECTOR 29,,
URBANIZACION ENMANUEL,R3,876,RESIDENCIAL ENMANUEL,2720,DU09,SECTOR 27,,
URBANIZACION LAS TORRES,R2,994,COLONIA LAS TORRES,2417,DU04,SECTOR 24,,
URBANIZACION LOMAS DEL SUR,R4,,,,,,,
URBANIZACION LOMAS DEL TIZATILLO,R3,870,COLONIA LOMAS DEL TIZATILLO,0,DU09,SECTOR 27,,
VALENCIA,R3,142,RESIDENCIAL VALENCIA,1814,DU02,SECTOR 18,,
VEGAS DE LA JOYA,R3,203,RESIDENCIAL VEGAS DE LA JOYA,2031,DU03,SECTOR 20,,
VEGAS DEL CARRIZAL,R3,950,COLONIA LAS VEGAS DEL CARRIZAL,0,DU11,SECTOR 25,,
VEGAS DEL CONTRY,R3,635,COLONIA VEGAS DEL COUNTRY,1330,DU05,SECTOR 13,,
VEGAS DEL RIO,R4,243,COLONIA VEGAS DEL RIO,2138,DU03,SECTOR 21,,
VENECIA DEL TRAPICHE,R4,95,VENECIA DEL TRAPICHE ETAPA IIA,1733,DU02,SECTOR 17,,
VENECIA ETAPA 1 Y ETAPA 2,R3,379,RESIDENCIAL VENECIA I ETAPA,2151,DU09,SECTOR 21,,
VIA LIA,UR,,,,,,,
VICTOR F ARDON,R4,184,COLONIA VICTOR F ARDON,2008,DU09,SECTOR 20,,
VIEJA SANTA ROSA,R3,553,COLONIA VIEJA SANTA ROSA,913,DU07,SECTOR 09,,
VIENA,R4,185,RESIDENCIAL VIENA,2030,DU09,SECTOR 20,,
VIERA,R1,468,COLONIA VIERA,301,DU07,SECTOR 03,,
VILLA ADELA,R3,515,BARRIO VILLA ADELA,603,DU05,SECTOR 06,,
VILLA ALONDRA,R1,425,VILLAS ALONDRA,0,DU04,SECTOR 23,,
VILLA AURORA,R3,0,VILLA AURORA,2925,DU08,SECTOR 29,,
VILLA BENETO,R3,228,RESIDENCIAL VILLA BENETTON,1930,DU03,SECTOR 19,,
VILLA CAMPESINA,R3,,,,,,,
VILLA COLONIAL,R3,740,RESIDENCIAL VILLA COLONIAL,1647,DU08,SECTOR 16,,
VILLA CRISTINA,R3,229,RESIDENCIAL VILLA SANTA CRISTINA,1938,DU03,SECTOR 19,,
VILLA CRISTINA,R4,777,COLONIA VILLA CRISTINA,745,DU06,SECTOR 07,,
VILLA DE LOS CIRUELOS,R3,733,COLONIA VILLA LOS CIRUELOS,1626,DU02,SECTOR 16,,
VILLA DE ZAMBRANO,R3,,,,,,,
VILLA DELMY,R4,550,RESIDENCIAL VILLA DELMY,914,DU07,SECTOR 09,,
VILLA ELENA,UR,,,,,,,
VILLA ESMERALDA,R3,328,RESIDENCIAL VILLA ESMERALDA I ETAPA,1932,DU03,SECTOR 19,,
VILLA ESMERALDA SEGUNDA ETAPA,R3,328,RESIDENCIAL VILLA ESMERALDA I ETAPA,1932,DU03,SECTOR 19,,
VILLA ESPAÑOLA,R4,47,COLONIA VILLA ESPA√ëOLA,1206,DU04,SECTOR 12,,
VILLA FLORENCIA,R1,332,VILLA FLORENCIA,1738,DU02,SECTOR 17,,
VILLA FRANCA,R3,781,COLONIA VILLA FRANCA,770,DU06,SECTOR 07,,
VILLA LA ESTANZUELA,HATILLO,545,COLONIA VILLA ESTANZUELA,0,DU07,SECTOR 09,,
VILLA LAS HORTENCIAS EL SAUCE II ETAPA (CONDOMINIO HORIZONTAL),R3,897,VILLA LAS HORTENCIAS,2828,DU10,SECTOR 28,,
VILLA LAS ORQUIDEAS EL SAUCE I ETAPA,R3,901,VILLA ORQUIDEAS,2823,DU10,SECTOR 28,,
VILLA LAS PERLAS,R3,,,,,,,
VILLA LOS ALMENDROS EL SAUCE I ETAPA,R3,,,,,,,
VILLA LOS JAZMINES EL SAUCE II ETAPA (CONDOMINIO HORIZONTAL),R3,896,VILLA LOS JAZMINES,2830,DU10,SECTOR 28,,
VILLA LOS LAURELES,R3,65,COLONIA VILLA LOS LAURELES,1378,DU11,SECTOR 13,,
VILLA LOS NARANJOS EL SAUCE III ETAPA (CONDOMINIO HORIZONTAL),R3,894,VILLA LOS NARANJOS,2832,DU10,SECTOR 28,,
VILLA LOS TULIPANES SAUCE II ETAPA (CONDOMINIO HORIZONTAL),R3,898,VILLA LOS TULIPANES,2831,DU10,SECTOR 28,,
VILLA MADRID,R3,,,,,,,
VILLA MILLER,R3,,,,,,,
VILLA NELITA,R4,980,COLONIA VILLA NELITA,2410,DU04,SECTOR 24,,
VILLA NUEVA 7 A-B,R4,0,COLONIA VILLA NUEVA SECTOR 7A,2002,DU09,SECTOR 20,,
VILLA NUEVA NORTE,R3,0,COLONIA VILLA NUEVA SECTOR 3,2002,DU09,SECTOR 20,,
VILLA NUEVA SECTOR 1,R4,0,COLONIA VILLA NUEVA SECTOR 4,2002,DU09,SECTOR 20,,
VILLA NUEVA SECTOR 5,R4,0,COLONIA VILLA NUEVA SECTOR 5,2002,DU09,SECTOR 20,,
VILLA NUEVA SECTOR 6,R4,0,"COLONIA VILLA NUEVA SECTOR 6, ETAPA 1 ( SECTOR ILOVARES )",2002,DU09,SECTOR 20,,
VILLA NUEVA SUR,R3,0,COLONIA VILLA NUEVA SECTOR 3,2002,DU09,SECTOR 20,,
VILLA NUEVA SUYAPA 1,R3,0,COLONIA VILLA NUEVA SECTOR 4,2002,DU09,SECTOR 20,,
VILLA NUEVA SUYAPA 3,R3,0,COLONIA VILLA NUEVA SUYAPA,2901,DU08,SECTOR 29,,
VILLA NUEVA SUYAPA 4,R3,0,COLONIA VILLA NUEVA SUYAPA,2901,DU08,SECTOR 29,,
VILLA NUEVA SUYAPA2,R3,0,COLONIA VILLA NUEVA SUYAPA,2901,DU08,SECTOR 29,,
VILLA OLIMPICA,R3,672,VILLA SUYAPA OLIMPICA,1711,DU02,SECTOR 17,,
VILLA QUEZADA,R4,321,VILLA QUEZADA,0,DU11,SECTOR 13,,
VILLA REYES,R4,625,VILLA REYES I  ETAPA,1328,DU05,SECTOR 13,,
VILLA SAN ANTONIO O BOQUERON,R3,615,COLONIA VILLA SAN ANTONIO O BOQUERON,1325,DU05,SECTOR 13,,
VILLA SAN CARALAMPIO,R3,,,,,,,
VILLA SAN IGNACIO CONDOMINIO HORIZONTAL,R2,161,COLONIA SAN IGNACIO,1802,DU02,SECTOR 18,,
VILLA SAN JORGE,R3,905,RESIDENCIAL VILLA SAN JORGE,2822,DU10,SECTOR 28,,
VILLA SAN JOSE DE CARRIZAL,R3,,,,,,,
VILLA SAN RAFAEL 2003,R3,399,RESIDENCIAL VILLA SAN RAFAEL,2336,DU04,SECTOR 23,,
VILLA SANTA MARGARITA,R3,563,COLONIA VILLA SANTA MARGARITA,942,DU07,SECTOR 09,,
VILLA SANTA MARIA,R2-R3,338,VILLA SANTA MARIA,0,DU03,SECTOR 19,,
VILLA SUYAPA (VILLA OLIMPICA),R4,672,VILLA SUYAPA OLIMPICA,1711,DU02,SECTOR 17,,
VILLA TERRANOVA(COL AMERICA),R3,426,VILLA TERRANOVA,0,DU04,SECTOR 23,,
VILLA TOSCANA,R3,407,RESIDENCIAL VILLA TOSCANA ETAPA I,2364,DU10,SECTOR 23,,
VILLA UNION,R4,787,COLONIA VILLA UNION,769,DU06,SECTOR 07,,
VILLA UNIVERSITARIA,R3,732,RESIDENCIAL VILLA UNIVERSITARIA I ETAPA,1625,DU02,SECTOR 16,,
VILLA VIEJA,R4,,,,,,,
VILLAS ALCALA,R2,,,,,,,
VILLAS COLONIAL,R3,740,RESIDENCIAL VILLA COLONIAL,1647,DU08,SECTOR 16,,
VILLAS COLONIAL,R3,202,RESIDENCIAL VILLA COLONIAL,2034,DU03,SECTOR 20,,
VILLAS CONCEPCION,R3,887,RESIDENCIAL VILLAS LA CONCEPCION,2829,DU10,SECTOR 28,,
VILLAS DE CENTROAMERICA,R3,722,RESIDENCIAL VILLA CENTROAMERICANA,1622,DU02,SECTOR 16,,
VILLAS DE LAS HADAS (CONDOMINIO HORIZONTAL),R2,410,RESIDENCIAL VILLAS DE LAS HADAS,2348,DU04,SECTOR 23,,
VILLAS DE SAN SEBASTIAN,R3,871,RESIDENCIAL VILLAS DE SAN SEBASTIAN,2716,DU09,SECTOR 27,,
VILLAS DE TILOARQUE,R4,36,RESIDENCIAL VILLA DE TILOARQUE I ETAPA,1234,DU04,SECTOR 12,,
VILLAS DEL CAMPO,R3,,,,,,,
VILLAS DEL CAMPO I,R3,,,,,,,
VILLAS DEL CAMPO II,R3,,,,,,,
VILLAS DEL ESTE,R4,741,RESIDENCIAL VILLA D'ESTE,1650,DU08,SECTOR 16,,
VILLAS DEL MOLINO (CONDOMINIO HORIZONTAL),R3,709,CONDOMINIOS RESIDENCIALES VILLAS DEL MOLINO,1651,DU08,SECTOR 16,,
VILLAS DEL REAL / VILLA DE PALMERAS,R3,895,VILLA LAS PALMERAS,2814,DU10,SECTOR 28,,
VILLAS DEL RIO,R4,557,COLONIA VILLAS DEL RIO,915,DU07,SECTOR 09,,
VILLAS ESQUIVEL PEREZ,R1,,,,,,,
VILLAS INTERAMERICANAS 2004,R2,837,RESIDENCIAL VILLA INTERAMERICANA,0,DU05,SECTOR 13,,
VILLAS LAS ACACIAS EL SAUCE I ETAPA,R3,409,VILLA LAS ACACIAS (EL SAUCE),2358,DU10,SECTOR 23,,
VILLAS LOMAS DE MIRAFLORES,R3,221,RESIDENCIAL LOMAS DE MIRAFLORES SUR,1921,DU03,SECTOR 19,,
VILLAS LOS GERANIOS EL SAUCE I ETAPA,R3,899,VILLA LOS GERANIOS,2826,DU10,SECTOR 28,,
VILLAS LOS PINOS EL SAUCE I ETAPA,R3,408,VILLA LOS PINOS (EL SAUCE),2362,DU10,SECTOR 23,,
VILLAS MARIA,R3,424,VILLAS MARIA,0,DU04,SECTOR 23,,
VILLAS MARIA COL LA MODELO,R3,422,COLONIA MODELO,2318,DU04,SECTOR 23,,
VILLAS MILANO,R4,845,RESIDENCIAL VILLAS MILANO,1653,DU02,SECTOR 16,,
VILLAS NUEVA SUYAPA,R4,0,COLONIA VILLA NUEVA SUYAPA,2901,DU08,SECTOR 29,,
VILLAS PALMERA ( SAN IGNACIO),R1,161,COLONIA SAN IGNACIO,1802,DU02,SECTOR 18,,
VILLAS PALMERAS EL SAUCE II ETAPA (CONDOMINIO HORIZONTAL),R3,895,VILLA LAS PALMERAS,2814,DU10,SECTOR 28,,
VILLAS SAN IGNACION - GAUBANA,R2,161,COLONIA SAN IGNACIO,1802,DU02,SECTOR 18,,
VILLAS TELLI,R3,,,,,,,
VILLAS TILOARQUE SEGUNDA ETAPA,R4,36,RESIDENCIAL VILLA DE TILOARQUE I ETAPA,1234,DU04,SECTOR 12,,
VISBELLA (CERRO GRANDE ZONA 8),R3,521,RESIDENCIAL VISBELLA,844,DU06,SECTOR 08,,
VISTA HERMOSA,R3,205,RESIDENCIAL VISTA HERMOSA,2011,DU03,SECTOR 20,,
VISTA HERMOSA,R4,54,COLONIA  VISTA HERMOSA,1312,DU11,SECTOR 13,,
VISTA HERMOSA DEL NORTE,R3,,,,,,,
VISTALI (CERRO GRANDE ZONA 8),R3,521,RESIDENCIAL VISBELLA,844,DU06,SECTOR 08,,
YAGUACIRE (CASERIO EL OJO DE AGUA),R3,885,CASERIO OJO DE AGUA,0,DU10,SECTOR 28,,
YAGUACIRE (CASERIO EL PORTILLO),R3,843,CASERIO EL PORTILLO,1405,DU06,SECTOR 14,,
YAGUACIRE (CASERIO LAS JOYAS),R3,194,ALDEA LA JOYA,2021,DU03,SECTOR 20,,
ZAPOTE 29,R3,0,COLONIA EL ZAPOTE,0,DU08,SECTOR 29,,
ZAPOTE CENTRO,R4,794,COLONIA ZAPOTE CENTRO,724,DU05,SECTOR 07,,
ZAPOTE NORTE,R4,793,COLONIA ZAPOTE NORTE,765,DU05,SECTOR 07,,
ZARAGOZA,R4,10,COLONIA ZARAGOZA,211,DU07,,,
ZARAGOZA NORTE,R2,10,COLONIA ZARAGOZA,211,DU07,,,
ZARAGOZA SUR,R2,10,COLONIA ZARAGOZA,211,DU07,,,
ZARAHEMLA I ETAPA,R3,716,RESIDENCIAL ZARAHEMLA I ETAPA,1654,DU02,SECTOR 16,,
ZARAHEMLA II ETAPA,R3,717,RESIDENCIAL ZARAHEMLA II ETAPA,1656,DU02,SECTOR 16,,
ZONA PUENTE LOARQUE,R3,,,,,,,
ZUNLACAL,R2,423,COLONIA ZUNLACAL,2301,DU04,SECTOR 23,,