neighborhood_uid,Seq,neighborhood,CIUDAD,TIPO O COLONIA,SE CT O R,ZONIFICA CIâˆšÃ¬N,APPROVAL_DATE
01-BRRBJ-001,1,BARRIO ABAJO,TEGUCIGALPA,Barrio/Colonia,1,CH,
01-CNTR-001,2,CENTRO,TEGUCIGALPA,Barrio/Colonia,1,CH,
01-LJSMN-001,3,EL JASMIN,TEGUCIGALPA,Barrio/Colonia,1,CH,
01-LLVD-001,4,EL OLVIDO,TEGUCIGALPA,Barrio/Colonia,1,CH,
01-FNLY-001,5,FINLAY,TEGUCIGALPA,Barrio/Colonia,1,CH,
01-GJC-001,6,GUAJOCO,TEGUCIGALPA,Barrio/Colonia,1,CH,
01-GNCST-001,7,GUANACASTE,TEGUCIGALPA,Barrio/Colonia,1,CH,
01-LCNCR-001,8,LA CONCORDIA,TEGUCIGALPA,Barrio/Colonia,1,CH,
01-LHY-001,9,LA HOYA,TEGUCIGALPA,Barrio/Colonia,1,CH,
01-LMRCD-001,10,LA MERCED,TEGUCIGALPA,Barrio/Colonia,1,CH,
01-LMNCD-001,11,LA MONCADA,TEGUCIGALPA,Barrio/Colonia,1,CH,
01-LPDRR-001,12,LA PEDRERA,TEGUCIGALPA,Barrio/Colonia,1,CH,
01-LPLZL-001,13,LA PLAZUELA,TEGUCIGALPA,Barrio/Colonia,1,CH,
01-LRND-001,14,LA RONDA,TEGUCIGALPA,Barrio/Colonia,1,CH,
01-LSDLR-001,15,LOS DOLORES,TEGUCIGALPA,Barrio/Colonia,1,CH,
02-13DFB-001,16,13 DE FEBRERO,TEGUCIGALPA,Barrio/Colonia,2,R3,
02-LTSDM-001,17,ALTOS DE MIRAMESI,TEGUCIGALPA,Barrio/Colonia,2,R3,
02-BNVST-001,18,BUENA VISTA NORTE,TEGUCIGALPA,Barrio/Colonia,2,R3,
02-BNVST-002,19,BUENA VISTA SUR,TEGUCIGALPA,Barrio/Colonia,2,R3,
02-BNSRS-001,20,BUENOS AIRES,TEGUCIGALPA,Barrio/Colonia,2,CH/R4,1999
02-CLLMS-001,21,COL LOMAS DEL BOSQUE,TEGUCIGALPA,Barrio/Colonia,2,R3,
02-LBSQ-001,22,EL BOSQUE,TEGUCIGALPA,Barrio/Colonia,2,R3,
02-LDN-001,23,EL EDEN,TEGUCIGALPA,Barrio/Colonia,2,R3,
02-LLMBR-001,24,LA ALAMBRA,TEGUCIGALPA,Barrio/Colonia,2,R2,
02-LCBNA-001,25,LA CABA„A,TEGUCIGALPA,Barrio/Colonia,2,CH/R2,1950
02-LFNT-001,26,LA FUENTE,TEGUCIGALPA,Barrio/Colonia,2,CH,
02-LLN-001,27,LA LEONA,TEGUCIGALPA,Barrio/Colonia,2,CH,
02-LLNDL-001,28,LA LEONA DEL RINCON,TEGUCIGALPA,Barrio/Colonia,2,R4,2002
02-LSCNT-001,29,LAS CANTERAS,TEGUCIGALPA,Barrio/Colonia,2,R3,
02-LSDLC-001,30,LAS DELICIAS,TEGUCIGALPA,Barrio/Colonia,2,CH,
02-LNTN-001,31,LINTON,TEGUCIGALPA,Barrio/Colonia,2,R3,
02-LMSDL-001,32,LOMAS DEL BOSQUE,TEGUCIGALPA,Barrio/Colonia,2,R3,
02-LSMNG-001,33,LOS MANGOS,TEGUCIGALPA,Barrio/Colonia,2,R3,
02-MRDRD-001,34,MIRADOR DEL BOSQUE,TEGUCIGALPA,Barrio/Colonia,2,R3,
02-MRMS-001,35,MIRAMESI,TEGUCIGALPA,Barrio/Colonia,2,CH/R4,
02-PNTCL-001,36,PUNTA CALIENTE,TEGUCIGALPA,Barrio/Colonia,2,R3,
02-RSBNV-001,37,RES BUENA VISTA,TEGUCIGALPA,Barrio/Colonia,2,R3,2005
02-SNJSD-001,38,SAN JOSE DE LA MONTA„A,TEGUCIGALPA,Barrio/Colonia,2,R3,
02-ZRGZ-001,39,ZARAGOZA,TEGUCIGALPA,Barrio/Colonia,2,R4,2004
02-ZRGZN-001,40,ZARAGOZA NORTE,TEGUCIGALPA,Barrio/Colonia,2,R2,
02-ZRGZS-001,41,ZARAGOZA SUR,TEGUCIGALPA,Barrio/Colonia,2,R2,
03-BRRNV-001,42,BARRIO NUEVA VIERA,TEGUCIGALPA,Barrio/Colonia,3,R3,
03-CSMT-001,43,CASAMATA,TEGUCIGALPA,Barrio/Colonia,3,R3,
03-CNDMN-001,44,CONDOMINIOS VIERA,TEGUCIGALPA,Barrio/Colonia,3,R1,1961
03-LMNCH-001,45,EL MANCHEN,TEGUCIGALPA,Barrio/Colonia,3,R3,
03-JCRND-001,46,JACARANDA,TEGUCIGALPA,Barrio/Colonia,3,R3,2005
03-JRDND-001,47,JARDIN DE CASAMATA,TEGUCIGALPA,Barrio/Colonia,3,R3,
03-JRDNL-001,48,JARDIN LAS COLINAS,TEGUCIGALPA,Barrio/Colonia,3,R3,
03-JRDNL-002,49,JARDIN LAS MERCEDES,TEGUCIGALPA,Barrio/Colonia,3,R3,
03-JRDNS-001,50,JARDIN SANTA ROSA,TEGUCIGALPA,Barrio/Colonia,3,R3,
03-LCRZ-001,51,LA CRUZ,TEGUCIGALPA,Barrio/Colonia,3,R3,
03-MJ-001,52,MEJIA,TEGUCIGALPA,Barrio/Colonia,3,R3,
03-NVSNT-001,53,NUEVA SANTA ROSA,TEGUCIGALPA,Barrio/Colonia,3,R3,
03-RFRM-001,54,REFORMA,TEGUCIGALPA,Barrio/Colonia,3,R2,
03-RS.VR-001,55,RES. VIERA,TEGUCIGALPA,Barrio/Colonia,3,R3,
03-BRRSN-001,56,BARRIO SAN PABLO,TEGUCIGALPA,Barrio/Colonia,3,R3,
03-SR-001,57,SIRIA,TEGUCIGALPA,Barrio/Colonia,3,R3,
03-VJSNT-001,58,VIEJA SANTA ROSA,TEGUCIGALPA,Barrio/Colonia,3,R3,
03-VR-001,59,VIERA,TEGUCIGALPA,Barrio/Colonia,3,R1,1990
04-RGNTN-001,60,ARGENTINA,TEGUCIGALPA,Barrio/Colonia,4,R2,1976
04-VNDLP-001,61,AVENIDA LA PAZ,TEGUCIGALPA,Barrio/Colonia,4,D1,
04-CMPNR-001,62,CAMPANA ARRIBA,TEGUCIGALPA,Barrio/Colonia,4,R1,
04-CMPNM-001,63,CAMPANA O MAYA CENTRO,TEGUCIGALPA,Barrio/Colonia,4,R1,
04-CLPRC-001,64,COL PARCALTAGUA,TEGUCIGALPA,Barrio/Colonia,4,D1,1985
04-LCSTNO-001,65,EL CASTA„O (LOS CASTANOS),TEGUCIGALPA,Barrio/Colonia,4,R1,
04-FNCVL-001,66,FINCA VALLADARES,TEGUCIGALPA,Barrio/Colonia,4,R1,
04-FRTRN-001,67,FRATERNIDAD,TEGUCIGALPA,Barrio/Colonia,4,R3,
04-JRDNN-001,68,JARDIN NORMA,TEGUCIGALPA,Barrio/Colonia,4,R1,
04-JRDNS-001,69,JARDIN SONIA,TEGUCIGALPA,Barrio/Colonia,4,R1,
04-LCMPâˆš-001,70,LA CAMPA„A,TEGUCIGALPA,Barrio/Colonia,4,R1,2003
04-LR-001,71,LARA,TEGUCIGALPA,Barrio/Colonia,4,R1,
04-LRNRT-001,72,LARA NORTE,TEGUCIGALPA,Barrio/Colonia,4,R1,1953
04-LSPLM-001,73,LAS PALOMAS,TEGUCIGALPA,Barrio/Colonia,4,R1,
04-MTMRS-001,74,MATAMOROS,TEGUCIGALPA,Barrio/Colonia,4,R1,
04-PLMR-001,75,PALMIRA,TEGUCIGALPA,Barrio/Colonia,4,D3,1990
04-PBLNV-001,76,PUEBLO NUEVO,TEGUCIGALPA,Barrio/Colonia,4,D3,
04-SBNGR-001,77,SABANAGRANDE,TEGUCIGALPA,Barrio/Colonia,4,D1,
04-SNCRL-001,78,SAN CARLOS,TEGUCIGALPA,Barrio/Colonia,4,D3,
04-SNFLP-001,79,SAN FELIPE,TEGUCIGALPA,Barrio/Colonia,4,D1,
04-SNRFL-001,80,SAN RAFAEL,TEGUCIGALPA,Barrio/Colonia,4,R1,
04-SNRFL-002,81,SAN RAFAEL HM,TEGUCIGALPA,Barrio/Colonia,4,R2,1991
05-CLXT-001,82,CALIXTO,TEGUCIGALPA,Barrio/Colonia,5,D3,
05-CNTRD-001,83,CENTRO DE RECREACION LA ISLA,COMAYAGâˆšÃºELA,Barrio/Colonia,5,AR/D3,
05-CRRJN-001,84,CERRO JUANA LAINEZ,COMAYAGâˆšÃºELA,Barrio/Colonia,5,AR,
05-LTMR-001,85,ALTAMIRA,COMAYAGâˆšÃºELA,Barrio/Colonia,5,R1,1971
05-LCRML-001,86,EL CARMELO,TEGUCIGALPA,Barrio/Colonia,5,D3,
05-STDNC-001,87,ESTADIO NACIONAL,COMAYAGâˆšÃºELA,Barrio/Colonia,5,AR,
05-GDLP-001,88,GUADALUPE,COMAYAGâˆšÃºELA,Barrio/Colonia,5,D3,
05-LHY-001,89,LA HOYA,TEGUCIGALPA,Barrio/Colonia,5,D3,
05-MRZN-001,90,MORAZAN,COMAYAGâˆšÃºELA,Barrio/Colonia,5,D3,
05-PGD-001,91,PAGODA,COMAYAGâˆšÃºELA,Barrio/Colonia,5,D3,
05-PLRM-001,92,PALERMO,TEGUCIGALPA,Barrio/Colonia,5,D3,
05-SLCT-001,93,SELECTA,TEGUCIGALPA,Barrio/Colonia,5,D3,
06-LTSDL-001,94,ALTOS DE LA PRIMAVERA,COMAYAGâˆšÃºELA,Barrio/Colonia,6,R3,
06-LTSDV-001,95,ALTOS DE VILLA ADELA,COMAYAGâˆšÃºELA,Barrio/Colonia,6,R3,
06-CMGR-001,96,CAMAGUARA,COMAYAGâˆšÃºELA,Barrio/Colonia,6,R3,
06-CMPSN-001,97,CAMPO SONIA,COMAYAGâˆšÃºELA,Barrio/Colonia,6,R3,
06-CNCPC-001,98,CONCEPCION,COMAYAGâˆšÃºELA,Barrio/Colonia,6,CH,
06-LCLVR-001,99,EL CALVARIO,COMAYAGâˆšÃºELA,Barrio/Colonia,6,CH/R4,
06-LCNTR-001,100,EL CENTRO (COMAYAGUELA),COMAYAGâˆšÃºELA,Barrio/Colonia,6,CH,
06-LSCRR-001,101,EL SOCORRO,COMAYAGâˆšÃºELA,Barrio/Colonia,6,R3,
06-JNLND-001,102,JUAN LINDO,COMAYAGâˆšÃºELA,Barrio/Colonia,6,R3,
06-LCHVR-001,103,LA CHIVERA,COMAYAGâˆšÃºELA,Barrio/Colonia,6,R3,
06-LZPLT-001,104,LA ZOPILOTERA,COMAYAGâˆšÃºELA,Barrio/Colonia,6,R3,
06-LMPR-001,105,LEMPIRA,COMAYAGâˆšÃºELA,Barrio/Colonia,6,CH/R4,
06-BLSC-001,106,OBELISCO,COMAYAGâˆšÃºELA,Barrio/Colonia,6,CH,
06-PRPTS-001,107,PERPETUO SOCORRO,COMAYAGâˆšÃºELA,Barrio/Colonia,6,R3,
06-RDRGZ-001,108,RODRIGUEZ,COMAYAGâˆšÃºELA,Barrio/Colonia,6,R3,
06-SPL-001,109,SIPILE,COMAYAGâˆšÃºELA,Barrio/Colonia,6,CH/R4,
06-VLLDL-001,110,VILLA ADELA,COMAYAGâˆšÃºELA,Barrio/Colonia,6,R3,
07-14DFB-001,111,14 DE FEBRERO,COMAYAGâˆšÃºELA,Barrio/Colonia,7,R4,1994
07-LMN-001,112,ALEMANIA,COMAYAGâˆšÃºELA,Barrio/Colonia,7,R3,
07-LTSDL-001,113,ALTOS DEL PEDREGALITO,COMAYAGâˆšÃºELA,Barrio/Colonia,7,R4,1986
07-YSTS-001,114,AYESTAS,COMAYAGâˆšÃºELA,Barrio/Colonia,7,R3,
07-BLN-001,115,BELEN,COMAYAGâˆšÃºELA,Barrio/Colonia,7,R3,
07-BLLVS-001,116,BELLA VISTA,COMAYAGâˆšÃºELA,Barrio/Colonia,7,R3,
07-BRSL-001,117,BRASILIA,COMAYAGâˆšÃºELA,Barrio/Colonia,7,R3,
07-BRSSD-001,118,BRISAS DE LA LAGUNA,COMAYAGâˆšÃºELA,Barrio/Colonia,7,R3,
07-BRSSD-002,119,BRISAS DE OLANCHO,COMAYAGâˆšÃºELA,Barrio/Colonia,7,R4,1998
07-BNSNV-001,120,BUENAS NUEVAS,COMAYAGâˆšÃºELA,Barrio/Colonia,7,R3,
07-CMPCL-001,121,CAMPO CIELO 1,COMAYAGâˆšÃºELA,Barrio/Colonia,7,R3,
07-CMPCL-002,122,CAMPO CIELO 2,COMAYAGâˆšÃºELA,Barrio/Colonia,7,R3,
07-CMPCL-003,123,CAMPO CIELO 3,COMAYAGâˆšÃºELA,Barrio/Colonia,7,R3,
07-CNAD-001,124,CA„ADA,COMAYAGâˆšÃºELA,Barrio/Colonia,7,R3,
07-CSNDR-001,125,CASANDRA,COMAYAGâˆšÃºELA,Barrio/Colonia,7,R3,
07-CFRD-001,126,COFRADIA,COMAYAGâˆšÃºELA,Barrio/Colonia,7,R3,
07-CL3DM-001,127,COL 3 DE MAYO,COMAYAGâˆšÃºELA,Barrio/Colonia,7,R3,
07-CLMLG-001,128,COL MELGAR,COMAYAGâˆšÃºELA,Barrio/Colonia,7,R4,1989
07-CLSNC-001,129,COL SAN CRISTOBAL,COMAYAGâˆšÃºELA,Barrio/Colonia,7,R4,1992
07-DLCNM-001,130,DULCE NOMBRE DE JESUS,COMAYAGâˆšÃºELA,Barrio/Colonia,7,R3,
07-LBRRN-001,131,EL BERRINCHE (PLANES),TEGUCIGALPA,Barrio/Colonia,7,R3,
07-LCRRZ-001,132,EL CARRIZAL NO.2,COMAYAGâˆšÃºELA,Barrio/Colonia,7,R3,
07-LCHL-001,133,EL CHILE,TEGUCIGALPA,Barrio/Colonia,7,R3,
07-LPSTL-001,134,EL PASTEL,COMAYAGâˆšÃºELA,Barrio/Colonia,7,R3,
07-LPRVN-001,135,EL PORVENIR,TEGUCIGALPA,Barrio/Colonia,7,R3,
07-LRSR-001,136,EL ROSARIO,COMAYAGâˆšÃºELA,Barrio/Colonia,7,R3,
07-FLR#1-001,137,FLOR # 1,COMAYAGâˆšÃºELA,Barrio/Colonia,7,R3,
07-FLR#2-001,138,FLOR # 2,COMAYAGâˆšÃºELA,Barrio/Colonia,7,R3,
07-FRTRN-001,139,FRATERNIDAD PESPIRENSE,COMAYAGâˆšÃºELA,Barrio/Colonia,7,R4,2016
07-FRZSR-001,140,FUERZAS ARMADAS,COMAYAGâˆšÃºELA,Barrio/Colonia,7,R3,
07-GRND-001,141,GRANADA,COMAYAGâˆšÃºELA,Barrio/Colonia,7,R3,
07-GMLT-001,142,GUAMILITO,COMAYAGâˆšÃºELA,Barrio/Colonia,7,R4,2004
07-BR-001,143,IBERIA,COMAYAGâˆšÃºELA,Barrio/Colonia,7,R3,
07-NDPND-001,144,INDEPENDENCIA,COMAYAGâˆšÃºELA,Barrio/Colonia,7,R4,2004
07-LCDR-001,145,LA CIDRA,COMAYAGâˆšÃºELA,Barrio/Colonia,7,R3,
07-LSPRN-001,146,LA ESPERANZA,COMAYAGâˆšÃºELA,Barrio/Colonia,7,R3,
07-LHY-001,147,LA HAYA,COMAYAGâˆšÃºELA,Barrio/Colonia,7,R3,
07-LLGN-001,148,LA LAGUNA,COMAYAGâˆšÃºELA,Barrio/Colonia,7,R3,
07-LST-001,149,LA SOTO,TEGUCIGALPA,Barrio/Colonia,7,R3,
07-LSCRC-001,150,LAS CRUCITAS,COMAYAGâˆšÃºELA,Barrio/Colonia,7,R3,
07-LSMRC-001,151,LAS MERCEDES,COMAYAGâˆšÃºELA,Barrio/Colonia,7,R4,1974
07-LSPVS-001,152,LAS PAVAS,COMAYAGâˆšÃºELA,Barrio/Colonia,7,R3,
07-LSPRF-001,153,LOS PROFESORES,COMAYAGâˆšÃºELA,Barrio/Colonia,7,R3,
07-MNNTL-001,154,MANANTIAL,COMAYAGâˆšÃºELA,Barrio/Colonia,7,R3,
07-MCST-001,155,MI CASITA,COMAYAGâˆšÃºELA,Barrio/Colonia,7,R3,
07-MNSNR-001,156,MONSE„OR FIALLOS,COMAYAGâˆšÃºELA,Barrio/Colonia,7,R3,
07-NVMNC-001,157,NUEVO AMANECER,COMAYAGâˆšÃºELA,Barrio/Colonia,7,R3,
07-BRR-001,158,OBRERA,COMAYAGâˆšÃºELA,Barrio/Colonia,7,R3,
07-PDRGL-001,159,PEDREGALITO,COMAYAGâˆšÃºELA,Barrio/Colonia,7,R3,
07-PLNSD-001,160,PLANES DEL BERRINCHE O COLONIA SOTO,COMAYAGâˆšÃºELA,Barrio/Colonia,7,R3,
07-PLNSD-002,161,PLANES DEL CARRIZAL,COMAYAGâˆšÃºELA,Barrio/Colonia,7,R3,
07-PLCRP-001,162,POLICARPO PAZ GARCIA,COMAYAGâˆšÃºELA,Barrio/Colonia,7,R4,1981
07-RFLLN-001,163,RAFAEL LEONARDO CALLEJAS,COMAYAGâˆšÃºELA,Barrio/Colonia,7,R4,2003
07-RSLND-001,164,ROSALINDA,COMAYAGâˆšÃºELA,Barrio/Colonia,7,R3,
07-SNCRS-001,165,SAN CRISTOBAL,COMAYAGâˆšÃºELA,Barrio/Colonia,7,R3,
07-SNJND-001,166,SAN JUAN DE PUNTARENAS,COMAYAGâˆšÃºELA,Barrio/Colonia,7,R3,
07-SNJND-002,167,SAN JUAN DEL NORTE,COMAYAGâˆšÃºELA,Barrio/Colonia,7,R4,2005
07-SNMRT-001,168,SAN MARTIN,COMAYAGâˆšÃºELA,Barrio/Colonia,7,R3,
07-SNTF-001,169,SANTA FE,COMAYAGâˆšÃºELA,Barrio/Colonia,7,R3,
07-SNTSB-001,170,SANTA ISABEL,COMAYAGâˆšÃºELA,Barrio/Colonia,7,R3,
07-TBRCC-001,171,TIBURCIO CARIAS ANDINO,COMAYAGâˆšÃºELA,Barrio/Colonia,7,R3,
07-TRCG-001,172,TOROCAGUA,COMAYAGâˆšÃºELA,Barrio/Colonia,7,R3,
07-VLLFR-001,173,VILLA FRANCA,COMAYAGâˆšÃºELA,Barrio/Colonia,7,R3,
07-VLLNN-001,174,VILLA UNION,COMAYAGâˆšÃºELA,Barrio/Colonia,7,R4,1982
07-VLLCR-001,175,VILLA CRISTINA,COMAYAGâˆšÃºELA,Barrio/Colonia,7,R4,2008
07-ZPT-001,176,ZAPOTE,COMAYAGâˆšÃºELA,Barrio/Colonia,7,R3,
07-ZPTCN-001,177,ZAPOTE CENTRO,COMAYAGâˆšÃºELA,Barrio/Colonia,7,R4,2003
07-ZPTNR-001,178,ZAPOTE NORTE,COMAYAGâˆšÃºELA,Barrio/Colonia,7,R4,
08-BRRVR-001,179,BARRIO VIERA,TEGUCIGALPA,Barrio/Colonia,8,R3,
08-BRSSD-001,180,BRISAS DEL PICACHO/MINA DE AGUA,TEGUCIGALPA,Barrio/Colonia,8,R3,
08-CNTR-001,181,CANTERA,TEGUCIGALPA,Barrio/Colonia,8,HATILLO,
08-CNTR1-001,182,CANTERA 1,TEGUCIGALPA,Barrio/Colonia,8,R3,
08-CNTR2-001,183,CANTERA 2,TEGUCIGALPA,Barrio/Colonia,8,R3,
08-CNTR3-001,184,CANTERA 3,TEGUCIGALPA,Barrio/Colonia,8,R3,
08-CRRLP-001,185,CERRO EL PICACHO,TEGUCIGALPA,Barrio/Colonia,8,AR,
08-CRRGR-001,186,CERRO GRANDE ZONA 4 Y ZONA 5,TEGUCIGALPA,Barrio/Colonia,8,R2,1980
08-CRRGR-002,187,CERRO GRANDE ZONA 2 Y ZONA 6,TEGUCIGALPA,Barrio/Colonia,8,R-4,1980
08-CRRGR-003,188,CERRO GRANDE ZONA 7,TEGUCIGALPA,Barrio/Colonia,8,R-3,1980
08-CRRGR-004,189,CERRO GRANDE ZONA 8,TEGUCIGALPA,Barrio/Colonia,8,R4,2009
08-CRRGR-005,190,"CERRO GRANDE, ZONA 1",TEGUCIGALPA,Barrio/Colonia,8,R1,1980
08-CRRGR-006,191,"CERRO GRANDE, ZONA 3",TEGUCIGALPA,Barrio/Colonia,8,R4,2005
08-LJPN-001,192,EL JAPON,TEGUCIGALPA,Barrio/Colonia,8,R3,
08-STRLL-001,193,ESTRELLA,TEGUCIGALPA,Barrio/Colonia,8,R3,
08-FLRST-001,194,FLORESTA DEL PICACHO,TEGUCIGALPA,Barrio/Colonia,8,HATILLO,2008
08-LFNC-001,195,LA FINCA,TEGUCIGALPA,Barrio/Colonia,8,R3,
08-LSCRC-001,196,LAS CRUCITAS,TEGUCIGALPA,Barrio/Colonia,8,HATILLO,
08-LSCRC-002,197,LAS CRUCITAS #2,TEGUCIGALPA,Barrio/Colonia,8,HATILLO,
08-LTFCC-001,198,LOTIFICACION CANTERO,TEGUCIGALPA,Barrio/Colonia,8,HATILLO,
08-PRQNC-001,199,PARQUE NACIONAL ONU,TEGUCIGALPA,Barrio/Colonia,8,AR,
08-PCCHT-001,200,PICACHITO,TEGUCIGALPA,Barrio/Colonia,8,R3,
08-PRYCT-001,201,PROYECTO KASANDRA,TEGUCIGALPA,Barrio/Colonia,8,R4,1996
08-RDMRZ-001,202,RODIMIRO ZELAYA,TEGUCIGALPA,Barrio/Colonia,8,R3,
08-SGSTM-001,203,SAGASTUME,TEGUCIGALPA,Barrio/Colonia,8,R3,
08-SCQ-001,204,SAUCIQUE,TEGUCIGALPA,Barrio/Colonia,8,R3,
08-VSBLL-001,205,VISBELLA (CERRO GRANDE ZONA 8),TEGUCIGALPA,Barrio/Colonia,8,R3,2012
08-VSTL(-001,206,VISTALI (CERRO GRANDE ZONA 8),TEGUCIGALPA,Barrio/Colonia,8,R3,2012
09-RS.RF-001,207,RES. RAFAEL BARDALES BUESO INPREMA /COL RIO ALTO,TEGUCIGALPA,Barrio/Colonia,9,R2-R3,1991
09-21DCT-001,208,21 DE OCTUBRE,TEGUCIGALPA,Barrio/Colonia,9,R3,
09-BLVR-001,209,BOLIVAR,TEGUCIGALPA,Barrio/Colonia,9,R3,
09-CMNLH-001,210,CAMINO AL HATILLO,TEGUCIGALPA,Barrio/Colonia,9,HATILLO,
09-CNN-001,211,CANAAN,TEGUCIGALPA,Barrio/Colonia,9,R3,
09-CRRTS-001,212,CERRITOS,TEGUCIGALPA,Barrio/Colonia,9,R3,
09-CLNVS-001,213,COL NUEVA SANTA ROSA,TEGUCIGALPA,Barrio/Colonia,9,R4,1982
09-LCHMB-001,214,EL CHIMBO,TEGUCIGALPA,Barrio/Colonia,9,R3,
09-LPLGâˆš-001,215,EL PILIGUâˆšÃ§N (COLONIA EL TRIGO),TEGUCIGALPA,Barrio/Colonia,9,HATILLO,
09-LRPRT-001,216,EL REPARTO,TEGUCIGALPA,Barrio/Colonia,9,R3,
09-LRNCN-001,217,EL RINCON,TEGUCIGALPA,Barrio/Colonia,9,"R3/HATIL
LO",
09-LTRG-001,218,EL TRIGO,TEGUCIGALPA,Barrio/Colonia,9,HATILLO,
09-FRNND-001,219,FERNANDO CALDERON,TEGUCIGALPA,Barrio/Colonia,9,R3,
09-GRSLS-001,220,GIRASOLES,TEGUCIGALPA,Barrio/Colonia,9,R3,2004
09-GLLN-001,221,GUILLEN,TEGUCIGALPA,Barrio/Colonia,9,R3,
09-NDPND-001,222,INDEPENDENCIA PORTILLO,TEGUCIGALPA,Barrio/Colonia,9,R3,
09-JRDN-001,223,JARDIN,TEGUCIGALPA,Barrio/Colonia,9,R3-R4,2006
09-JSSMN-001,224,JOSE SIMON AZCONA,TEGUCIGALPA,Barrio/Colonia,9,R3,
09-LFLRD-001,225,LA FLORIDA,TEGUCIGALPA,Barrio/Colonia,9,R4,2004
09-LJY-001,226,LA JOYA,TEGUCIGALPA,Barrio/Colonia,9,R3,
09-LLNDL-001,227,LA LEONA DEL RINCON,TEGUCIGALPA,Barrio/Colonia,9,R3,
09-LTGR-001,228,LA TIGRA,TEGUCIGALPA,Barrio/Colonia,9,AR,
09-LSJYS-001,229,LAS JOYAS,TEGUCIGALPA,Barrio/Colonia,9,R4,1982
09-LSPVS-001,230,LAS PAVAS,TEGUCIGALPA,Barrio/Colonia,9,R4,1991
09-LMSDL-001,231,LOMAS DE LAS MINITAS,TEGUCIGALPA,Barrio/Colonia,9,R3,
09-MRCHL-001,232,MARICHAL,TEGUCIGALPA,Barrio/Colonia,9,R3,
09-MDSTR-001,233,MODESTO RODAS ALVARADO,TEGUCIGALPA,Barrio/Colonia,9,R3,
09-RPRTP-001,234,REPARTO POR ARRIBA,TEGUCIGALPA,Barrio/Colonia,9,R3,
09-RPRTP-002,235,REPARTO POR BAJO,TEGUCIGALPA,Barrio/Colonia,9,R3,
09-RS.PN-001,236,RES. PINARES,TEGUCIGALPA,Barrio/Colonia,9,HATILLO,
09-RS.VL-001,237,RES. VILLA DELMY,TEGUCIGALPA,Barrio/Colonia,9,R3,
09-RLT20-001,238,RIO ALTO 2004,TEGUCIGALPA,Barrio/Colonia,9,R2,2004
09-SBNDL-001,239,SABANA DEL RINCON,TEGUCIGALPA,Barrio/Colonia,9,R3,
09-SNTMR-001,240,SANTA MARGARITA,TEGUCIGALPA,Barrio/Colonia,9,R3,
09-STRRB-001,241,SITIO ARRIBA,TEGUCIGALPA,Barrio/Colonia,9,R3,
09-SZCRD-001,242,SUAZO CORDOBA,TEGUCIGALPA,Barrio/Colonia,9,R4,2001
09-VLLDL-001,243,VILLA DELMY,TEGUCIGALPA,Barrio/Colonia,9,R4,1998
09-VLLLS-001,244,VILLA LA ESTANZUELA,TEGUCIGALPA,Barrio/Colonia,9,HATILLO,
09-VLLSN-001,245,VILLA SANTA MARGARITA,TEGUCIGALPA,Barrio/Colonia,9,R3,2002
09-VLLSD-001,246,VILLAS DEL RIO,TEGUCIGALPA,Barrio/Colonia,9,R4,1986
10-LMD-001,247,ALAMEDA,TEGUCIGALPA,Barrio/Colonia,10,D3,
10-BLD(S-001,248,BALDIO (SABANAGRANDE),TEGUCIGALPA,Barrio/Colonia,10,R3,
10-BRSSD-001,249,BRISAS DEL VALLE,TEGUCIGALPA,Barrio/Colonia,10,R3,
10-CSTNS-001,250,CASTA„O SUR,TEGUCIGALPA,Barrio/Colonia,10,R1,1955
10-CLLTR-001,251,COL EL TRIANGULO,TEGUCIGALPA,Barrio/Colonia,10,R1,1988
10-CLLMS-001,252,COL LOMAS DEL GUIJARRO,TEGUCIGALPA,Barrio/Colonia,10,R1,2001
10-CLTPY-001,253,COL TEPEYAC,TEGUCIGALPA,Barrio/Colonia,10,R1,
10-CL.PY-001,254,COL. PAYAQUI,TEGUCIGALPA,Barrio/Colonia,10,R1,
10-CRZLR-001,255,CRUZ LARGA,TEGUCIGALPA,Barrio/Colonia,10,D1,1980
10-LRR-001,256,LA AURORA,TEGUCIGALPA,Barrio/Colonia,10,R1,
10-LCMBR-001,257,LA CUMBRE,TEGUCIGALPA,Barrio/Colonia,10,R1,
10-LSMRS-001,258,LAS MARIAS,TEGUCIGALPA,Barrio/Colonia,10,R1,2007
10-LSMNT-001,259,LAS MINITAS,TEGUCIGALPA,Barrio/Colonia,10,R1,
10-LNDVS-001,260,LINDA VISTA,TEGUCIGALPA,Barrio/Colonia,10,R1,
10-LMLT-001,261,LOMA ALTA,TEGUCIGALPA,Barrio/Colonia,10,R1,2002
10-LMSDL-001,262,LOMAS DEL CASTA„O,TEGUCIGALPA,Barrio/Colonia,10,R1,1991
10-LMSDL-003,264,LOMAS DEL GUIJARRO,TEGUCIGALPA,Barrio/Colonia,10,R1,2001
10-LMSDL-004,265,LOMAS DEL MAYAB,TEGUCIGALPA,Barrio/Colonia,10,R1,1992
10-LSLMN-001,266,LOS ALMENDROS,TEGUCIGALPA,Barrio/Colonia,10,R1,
10-MNTCR-001,267,MONTECARLOS,TEGUCIGALPA,Barrio/Colonia,10,R1,
10-PRTLD-001,268,PORTAL DEL CASTA„O,TEGUCIGALPA,Barrio/Colonia,10,R1,2004
10-RPRTM-001,269,REPARTO MANDOFER,TEGUCIGALPA,Barrio/Colonia,10,D1,
10-RBNDR-001,270,RUBEN DARIO,TEGUCIGALPA,Barrio/Colonia,10,R1,
10-SBNGR-001,271,SABANAGRANDE,TEGUCIGALPA,Barrio/Colonia,10,R3,
10-VLLRR-001,272,VILLA AURORA,TEGUCIGALPA,Barrio/Colonia,10,R3,2003
11-LTSDM-001,273,ALTOS DE MIRAMONTES,COMAYAGâˆšÃºELA,Barrio/Colonia,11,R1,2002
11-CLPRZ-001,274,COL PEREZ,COMAYAGâˆšÃºELA,Barrio/Colonia,11,R1,1983
11-CMPLJ-001,275,COMPLEJO HABITACIONAL LA HUMUYA (CONDOMINIO HORIZONTAL),COMAYAGâˆšÃºELA,Barrio/Colonia,11,R3,
11-LVL-001,276,ELVEL,TEGUCIGALPA/ COMAYAGUELA,Barrio/Colonia,11,R2,1990
11-HMY-001,277,HUMUYA,COMAYAGâˆšÃºELA,Barrio/Colonia,11,R3,2016
11-LMLND-001,278,LOMA LINDA NORTE,TEGUCIGALPA/ COMAYAGUELA,Barrio/Colonia,11,R1,1977
11-LMLND-002,279,LOMA LINDA SUR,TEGUCIGALPA/ COMAYAGUELA,Barrio/Colonia,11,R1,
11-MRMNT-001,280,MIRAMONTE I ETAPA,TEGUCIGALPA/ COMAYAGUELA,Barrio/Colonia,11,R2,
11-MRMNT-002,281,MIRAMONTE II ETAPA,TEGUCIGALPA/ COMAYAGUELA,Barrio/Colonia,11,R2,
11-PRD-001,282,PRADO,COMAYAGâˆšÃºELA,Barrio/Colonia,11,R1,
11-QZD-001,283,QUEZADA,TEGUCIGALPA/ COMAYAGUELA,Barrio/Colonia,11,R2,
11-SNRFL-001,284,SAN RAFAEL,TEGUCIGALPA/ COMAYAGUELA,Barrio/Colonia,11,R2,
12-LM-001,285,ALAMO,COMAYAGâˆšÃºELA,Barrio/Colonia,12,R3,
12-LTSDL-001,286,ALTOS DE LA GRANJA,COMAYAGâˆšÃºELA,Barrio/Colonia,12,R4,1995
12-LTSDT-001,287,ALTOS DE TILOARQUE,COMAYAGâˆšÃºELA,Barrio/Colonia,12,R3,
12-TLNTC-001,288,ATLANTIC,COMAYAGâˆšÃºELA,Barrio/Colonia,12,R3,
12-BRRLM-001,289,BARRIO EL MIRADOR,COMAYAGâˆšÃºELA,Barrio/Colonia,12,R3,
12-CMPCC-001,290,CAMPO COCA COLA,COMAYAGâˆšÃºELA,Barrio/Colonia,12,R3,
12-CSRTL-001,291,CASERIO TILOARQUE,COMAYAGâˆšÃºELA,Barrio/Colonia,12,R3,
12-CLNVM-001,292,COL NUEVO AMANECER,COMAYAGâˆšÃºELA,Barrio/Colonia,12,R3,
12-CLSCR-001,293,COL OSCAR CASTRO,COMAYAGâˆšÃºELA,Barrio/Colonia,12,R4,2013
12-CL.MR-001,294,COL. MARIA CRISTINA,COMAYAGâˆšÃºELA,Barrio/Colonia,12,R4,1985
12-CNTDR-001,295,CONTADOR,COMAYAGâˆšÃºELA,Barrio/Colonia,12,R4,1985
12-LTRBL-001,296,EL TREBOL,COMAYAGâˆšÃºELA,Barrio/Colonia,12,R2,1981
12-GCRQ-001,297,GUACERIQUE,COMAYAGâˆšÃºELA,Barrio/Colonia,12,R3,
12-LBLS-001,298,LA BOLSA,COMAYAGâˆšÃºELA,Barrio/Colonia,12,R3,
12-LGRNJ-001,299,LA GRANJA,COMAYAGâˆšÃºELA,Barrio/Colonia,12,R1,
12-LPRDR-001,300,LA PRADERA,COMAYAGâˆšÃºELA,Barrio/Colonia,12,R3,
12-LPRMV-001,301,LA PRIMAVERA,COMAYAGâˆšÃºELA,Barrio/Colonia,12,R1,
12-LMSDT-001,302,LOMAS DE TILOARQUE (PLAN DE LAS LOMAS),COMAYAGâˆšÃºELA,Barrio/Colonia,12,R4,1999
12-LMSDT-002,303,LOMAS DE TILOARQUE ETAPA 1,COMAYAGâˆšÃºELA,Barrio/Colonia,12,R3,
12-LMSDT-003,304,LOMAS DE TILOARQUE ETAPA 2,COMAYAGâˆšÃºELA,Barrio/Colonia,12,R3,
12-MRDG-001,305,MARADIAGA,COMAYAGâˆšÃºELA,Barrio/Colonia,12,R1,1964
12-MRCRS-001,306,MARIA CRISTINA,COMAYAGâˆšÃºELA,Barrio/Colonia,12,R3,
12-MRDRT-001,307,MIRADOR TILOARQUE 2005,COMAYAGâˆšÃºELA,Barrio/Colonia,12,R4,2005
12-MRFLR-001,308,MIRAFLOR,COMAYAGâˆšÃºELA,Barrio/Colonia,12,R3,
12-NVSPR-001,309,NUEVA ESPERANZA,COMAYAGâˆšÃºELA,Barrio/Colonia,12,R4,1999
12-NVMNC-001,310,NUEVO AMANECER,COMAYAGâˆšÃºELA,Barrio/Colonia,12,R3,
12-SCRCS-001,311,OSCAR CASTRO TEJEDA,COMAYAGâˆšÃºELA,Barrio/Colonia,12,R3,
12-PRTSM-001,312,PERITOS MERCANTILES (EL CONTAD),COMAYAGâˆšÃºELA,Barrio/Colonia,12,R3,
12-PRMVR-001,313,PRIMAVERA,COMAYAGâˆšÃºELA,Barrio/Colonia,12,R4,1981
12-RPBLC-001,314,REPUBLICA DE VENEZUELA,COMAYAGâˆšÃºELA,Barrio/Colonia,12,R3,
12-SNJRG-001,315,SAN JORGE,COMAYAGâˆšÃºELA,Barrio/Colonia,12,R1,
12-TLRQN-001,316,TILOARQUE NO. 1,COMAYAGâˆšÃºELA,Barrio/Colonia,12,R3,
12-TLRQN-002,317,TILOARQUE NO. 2,COMAYAGâˆšÃºELA,Barrio/Colonia,12,R3,
12-TLRQN-003,318,TILOARQUE NORTE,COMAYAGâˆšÃºELA,Barrio/Colonia,12,R3,
12-VLLSP-001,319,VILLA ESPA„OLA,COMAYAGâˆšÃºELA,Barrio/Colonia,12,R4,1985
12-VLLSD-001,320,VILLAS DE TILOARQUE,COMAYAGâˆšÃºELA,Barrio/Colonia,12,R4,2003
12-VLLST-001,321,VILLAS TILOARQUE SEGUNDA ETAPA,COMAYAGâˆšÃºELA,Barrio/Colonia,12,R4,2005
13-19DSP-001,322,19 DE SEPTIEMBRE,COMAYAGâˆšÃºELA,Barrio/Colonia,13,R3,
13-21DFB-001,323,21 DE FEBRERO,COMAYAGâˆšÃºELA,Barrio/Colonia,13,R3,
13-23DJN-001,324,23 DE JUNIO,COMAYAGâˆšÃºELA,Barrio/Colonia,13,R3,
13-25DNR-001,325,25 DE ENERO,COMAYAGâˆšÃºELA,Barrio/Colonia,13,R3,
13-LTSDL-001,326,ALTOS DE LA DIVANNA,COMAYAGâˆšÃºELA,Barrio/Colonia,13,R3,
13-LTSDL-002,327,ALTOS DE LA MAYANGLE,COMAYAGâˆšÃºELA,Barrio/Colonia,13,R3,
13-LTSDL-003,328,ALTOS DE LA SOLEDAD,COMAYAGâˆšÃºELA,Barrio/Colonia,13,R3,
13-LTSDL-004,329,ALTOS DE LOS LAURELES,COMAYAGâˆšÃºELA,Barrio/Colonia,13,R4,2005
13-LTSDS-001,330,ALTOS DE SAN FRANCISCO,COMAYAGâˆšÃºELA,Barrio/Colonia,13,R4,1990
13-LTSDL-005,331,ALTOS DEL MILAGRO,COMAYAGâˆšÃºELA,Barrio/Colonia,13,R3,
13-RCRY1-001,332,ARCIERY 1,COMAYAGâˆšÃºELA,Barrio/Colonia,13,R3,
13-RCRY2-001,333,ARCIERY 2,COMAYAGâˆšÃºELA,Barrio/Colonia,13,R3,
13-RTRQZ-001,334,ARTURO QUEZADA,COMAYAGâˆšÃºELA,Barrio/Colonia,13,R4,1990
13-BRRLS-001,335,BARRIO LA SOLEDAD,COMAYAGâˆšÃºELA,Barrio/Colonia,13,R3,
13-BNDCK-001,336,BENDECK,COMAYAGâˆšÃºELA,Barrio/Colonia,13,R3,
13-BRSSD-001,337,BRISAS DEL MOGOTE,COMAYAGâˆšÃºELA,Barrio/Colonia,13,R3,
13-CMNTR-001,338,CEMENTERIO SANTA ANITA,COMAYAGâˆšÃºELA,Barrio/Colonia,13,R3,
13-CNTRM-001,339,CENTROAMERICA ESTE TODAS LAS ETAPAS,COMAYAGâˆšÃºELA,Barrio/Colonia,13,R4,1987
13-CNTRM-002,340,CENTROAMERICA OESTE TODAS LAS ETAPAS,COMAYAGâˆšÃºELA,Barrio/Colonia,13,R4,1996
13-CNTRM-003,341,CENTROAMERICANA,COMAYAGâˆšÃºELA,Barrio/Colonia,13,R3,
13-CNTRM-004,342,CENTROAMERICANA FECOVIL,COMAYAGâˆšÃºELA,Barrio/Colonia,13,R3,
13-CNTRM-005,343,CENTRO AMERICA OESTE BLOQUE Y-Y,COMAYAGâˆšÃºELA,Barrio/Colonia,13,R3,2012
13-CDDLM-001,344,CIUDAD LEMPIRA,COMAYAGâˆšÃºELA,Barrio/Colonia,13,R4,1959
13-CDDLM-002,345,CIUDAD LEMPIRA II ETAPA,COMAYAGâˆšÃºELA,Barrio/Colonia,13,R3,
13-CL14D-001,346,COL 14 DE ENERO,COMAYAGâˆšÃºELA,Barrio/Colonia,13,R3,
13-CL19D-001,347,COL 19 DE SEPTIEMBRE,COMAYAGâˆšÃºELA,Barrio/Colonia,13,R4,2005
13-CL1RD-001,348,COL 1ERO DE DICIEMBRE,COMAYAGâˆšÃºELA,Barrio/Colonia,13,R4,2004
13-CL23D-001,349,COL 23 DE JUNIO,COMAYAGâˆšÃºELA,Barrio/Colonia,13,R4,2005
13-CL25D-001,350,COL 25 DE ENERO,COMAYAGâˆšÃºELA,Barrio/Colonia,13,R4,2006
13-CLBR-001,351,COL IBERIA,COMAYAGâˆšÃºELA,Barrio/Colonia,13,R4,2003
13-CLSNT-001,352,COL SANTA EDUVIGES,COMAYAGâˆšÃºELA,Barrio/Colonia,13,R4,2002
13-CLVNZ-001,353,COL VENEZUELA,COMAYAGâˆšÃºELA,Barrio/Colonia,13,R3,
13-CLNDM-001,354,COLINA DE MAYANGLE,COMAYAGâˆšÃºELA,Barrio/Colonia,13,R2,1989
13-CLMBS-001,355,COLUMBUS STALDI,COMAYAGâˆšÃºELA,Barrio/Colonia,13,R3,
13-CNTRY-001,356,COUNTRY CLUB,COMAYAGâˆšÃºELA,Barrio/Colonia,13,R2,2004
13-CRSTB-001,357,CRISTOBAL DIAZ,COMAYAGâˆšÃºELA,Barrio/Colonia,13,R3,
13-DVDBT-001,358,DAVID BETANCOURTH,COMAYAGâˆšÃºELA,Barrio/Colonia,13,R3,
13-DVNN-001,359,DIVANNA,COMAYAGâˆšÃºELA,Barrio/Colonia,13,R4,1994
13-LDNN1-001,360,EL EDEN NO 1,COMAYAGâˆšÃºELA,Barrio/Colonia,13,R3,
13-LPRGR-001,361,EL PROGRESO # 1,COMAYAGâˆšÃºELA,Barrio/Colonia,13,R3,
13-LRTR-001,362,EL RETIRO,COMAYAGâˆšÃºELA,Barrio/Colonia,13,R4,1989
13-MBLSD-001,363,EMBALSE DE LA REPRESA LAURELES,COMAYAGâˆšÃºELA,Barrio/Colonia,13,AR,
13-SPRTS-001,364,ESPIRITU SANTO,COMAYAGâˆšÃºELA,Barrio/Colonia,13,R3,
13-FTMNR-001,365,FATIMA NRO. 1,COMAYAGâˆšÃºELA,Barrio/Colonia,13,R3,
13-FTMNR-002,366,FATIMA NRO. 2,COMAYAGâˆšÃºELA,Barrio/Colonia,13,R3,
13-FNTDV-001,367,FUENTE DE VIDA (NUEVA ALDEA),COMAYAGâˆšÃºELA,Barrio/Colonia,13,R3,
13-HLLWD-001,368,HOLLIWOOD,COMAYAGâˆšÃºELA,Barrio/Colonia,13,R3,
13-NSTLC-001,369,INSTALACIONES DEL SANAA,COMAYAGâˆšÃºELA,Barrio/Colonia,13,R3,
13-NTRMR-001,370,INTERAMERICANA,COMAYAGâˆšÃºELA,Barrio/Colonia,13,R2,2004
13-SRL-001,371,ISRAEL,COMAYAGâˆšÃºELA,Barrio/Colonia,13,R4,1990
13-SRLNR-001,372,ISRAEL NORTE,COMAYAGâˆšÃºELA,Barrio/Colonia,13,R4,2003
13-SRLSR-001,373,ISRAEL SUR,COMAYAGâˆšÃºELA,Barrio/Colonia,13,R4,2002
13-LNTRD-001,374,LA ENTRADA CENTROAMERICA,COMAYAGâˆšÃºELA,Barrio/Colonia,13,R4,2002
13-LFTM-001,375,LA FATIMA,COMAYAGâˆšÃºELA,Barrio/Colonia,13,R4,1993
13-LFNT-001,376,LA FUENTE,COMAYAGâˆšÃºELA,Barrio/Colonia,13,R3,
13-LFNTN-001,377,LA FUENTE No 2,COMAYAGâˆšÃºELA,Barrio/Colonia,13,R4,1997
13-LHRT-001,378,LA HUERTA,COMAYAGâˆšÃºELA,Barrio/Colonia,13,R3,
13-LSLDD-001,379,LA SOLEDAD,COMAYAGâˆšÃºELA,Barrio/Colonia,13,R3,
13-LRLSR-001,380,LAURELES REAL,COMAYAGâˆšÃºELA,Barrio/Colonia,13,R3,2012
13-LVRPL-001,381,LIVERPOOL,COMAYAGâˆšÃºELA,Barrio/Colonia,13,R3,
13-LMSDL-001,382,LOMAS DEL COUNTRY,COMAYAGâˆšÃºELA,Barrio/Colonia,13,R2,
13-MYNGL-001,383,MAYANGLE,COMAYAGâˆšÃºELA,Barrio/Colonia,13,R2,
13-MRDRD-001,384,MIRADOR DEL NORTE,COMAYAGâˆšÃºELA,Barrio/Colonia,13,R4,2006
13-MNTCR-001,385,MONTE CARMELO,COMAYAGâˆšÃºELA,Barrio/Colonia,13,R3,1988
13-MNTLS-001,386,MONTE LOS OLIVOS,COMAYAGâˆšÃºELA,Barrio/Colonia,13,R3,
13-MNTSD-001,387,MONTES DE BENDICION,COMAYAGâˆšÃºELA,Barrio/Colonia,13,R3,
13-NRTFR-001,388,NORTE FRESCO,COMAYAGâˆšÃºELA,Barrio/Colonia,13,R3,2009
13-NVRTG-001,389,NUEVA ERA TEGUCIGALPA,COMAYAGâˆšÃºELA,Barrio/Colonia,13,R4,1999
13-NVSPNA-001,390,NUEVA ESPA„A,COMAYAGâˆšÃºELA,Barrio/Colonia,13,R4,2005
13-NVGLL-001,391,NUEVA GALILEA,COMAYAGâˆšÃºELA,Barrio/Colonia,13,R3,2005
13-NVJRS-001,392,NUEVA JERUSALEM # 2,COMAYAGâˆšÃºELA,Barrio/Colonia,13,R3,
13-NVJRS-002,393,NUEVA JERUSALEN,COMAYAGâˆšÃºELA,Barrio/Colonia,13,R3,
13-NVRCN-001,394,NUEVA OROCUINA,COMAYAGâˆšÃºELA,Barrio/Colonia,13,R4,2005
13-PRGRS-001,395,PROGRESO,COMAYAGâˆšÃºELA,Barrio/Colonia,13,R3,
13-PRGRS-002,396,PROGRESO # 2,COMAYAGâˆšÃºELA,Barrio/Colonia,13,R3,
13-PBLNV-001,397,PUEBLO NUEVO,COMAYAGâˆšÃºELA,Barrio/Colonia,13,R3,
13-RMNMY-001,398,RAMON AMAYA AMADOR,COMAYAGâˆšÃºELA,Barrio/Colonia,13,R4,2003
13-RSSNT-001,399,RES SANTA CECILIA,COMAYAGâˆšÃºELA,Barrio/Colonia,13,R4,1987
13-RS.FR-001,400,RES. FRANCISCO MORAZAN,COMAYAGâˆšÃºELA,Barrio/Colonia,13,R3,
13-SNBNV-001,401,SAN BUENAVENTURA,COMAYAGâˆšÃºELA,Barrio/Colonia,13,R3,
13-SNFRN-001,402,SAN FRANCISCO,COMAYAGâˆšÃºELA,Barrio/Colonia,13,R3,
13-SNJND-001,403,SAN JUAN DE DIOS,COMAYAGâˆšÃºELA,Barrio/Colonia,13,R3,
13-SNTCC-001,404,SANTA CECILIA # 1,COMAYAGâˆšÃºELA,Barrio/Colonia,13,R3,
13-SNTCC-002,405,SANTA CECILIA # 2,COMAYAGâˆšÃºELA,Barrio/Colonia,13,R3,
13-SNTDV-001,406,SANTA EDUVIGES,COMAYAGâˆšÃºELA,Barrio/Colonia,13,R3,
13-SBDVS-001,407,SUB DIVISION DE LOTE CIUDAD LEMPIRA,COMAYAGâˆšÃºELA,Barrio/Colonia,13,R4,2008
13-SPRCN-001,408,SUPERACION,COMAYAGâˆšÃºELA,Barrio/Colonia,13,R4,1990
13-VGSDL-001,409,VEGAS DEL CONTRY,COMAYAGâˆšÃºELA,Barrio/Colonia,13,R3,
13-VLLLS-001,410,VILLA LOS LAURELES,COMAYAGâˆšÃºELA,Barrio/Colonia,13,R3,2017
13-VLLQZ-001,411,VILLA QUEZADA,COMAYAGâˆšÃºELA,Barrio/Colonia,13,R4,2007
13-VLLRY-001,412,VILLA REYES,COMAYAGâˆšÃºELA,Barrio/Colonia,13,R4,1995
13-VLLSN-001,413,VILLA SAN ANTONIO O BOQUERON,COMAYAGâˆšÃºELA,Barrio/Colonia,13,R3,
13-VLLSN-002,414,VILLAS INTERAMERICANAS 2004,COMAYAGâˆšÃºELA,Barrio/Colonia,13,R2,2004
13-VSTHR-001,415,VISTA HERMOSA,COMAYAGâˆšÃºELA,Barrio/Colonia,13,R4,2005
14-LDCRR-001,416,ALDEA CERRO GRANDE,TEGUCIGALPA/ COMAYAGUELA,Barrio/Colonia,14,UR/R3,
14-LDLDR-001,417,ALDEA EL DURAZNO,COMAYAGâˆšÃºELA,Barrio/Colonia,14,UR,
14-LDLCS-001,418,ALDEA LA CUESTA,COMAYAGâˆšÃºELA,Barrio/Colonia,14,UR,
14-LLL-001,419,EL LOLO,COMAYAGâˆšÃºELA,Barrio/Colonia,14,R3,
14-LPRTL-001,420,EL PORTILLO,TEGUCIGALPA,Barrio/Colonia,14,R3,
14-LCST-001,421,LA CUESTA,COMAYAGâˆšÃºELA,Barrio/Colonia,14,R3,
14-LCSTN-001,422,LA CUESTA No. 2 (CASERIO EL DURAZNO),COMAYAGâˆšÃºELA,Barrio/Colonia,14,R3,
14-LCSTN-002,423,"LA CUESTA NO. 2 (CASERIO EL LOLO, LA CUESTA No. 2)",COMAYAGâˆšÃºELA,Barrio/Colonia,14,R3,
14-SNTCR-001,424,SANTA CRUZ ABAJO (CASERIO EL PORTILLO DEL DURAZNO),TEGUCIGALPA,Barrio/Colonia,14,R3,
14-SNTCR-002,425,SANTA CRUZ ARRIBA (CASERIO SANTA CRUZ ARRIBA),TEGUCIGALPA,Barrio/Colonia,14,R3,
15-LDLHT-001,426,ALDEA EL HATILLO,TEGUCIGALPA,Barrio/Colonia,15,HATILLO,
15-LDLPL-001,427,ALDEA EL PILIGUIN,TEGUCIGALPA,Barrio/Colonia,15,HATILLO,
15-LDLTR-001,428,ALDEA EL TRIGO,TEGUCIGALPA,Barrio/Colonia,15,HATILLO,
15-LDLSJ-001,429,ALDEA LOS JUTES,TEGUCIGALPA,Barrio/Colonia,15,HATILLO,
15-BLD(L-001,430,BALDIO (ALDEA LOS JUTES),TEGUCIGALPA,Barrio/Colonia,15,HATILLO,
15-LCRPN-001,431,EL CARPINTERO,TEGUCIGALPA,Barrio/Colonia,15,HATILLO,
15-LHTLL-001,432,EL HATILLO,TEGUCIGALPA,Barrio/Colonia,15,HATILLO,
15-NTRPN-001,433,ENTRE PINOS,TEGUCIGALPA,Barrio/Colonia,15,HATILLO,2016
15-GRNMR-001,434,GRAN MIRADOR,TEGUCIGALPA,Barrio/Colonia,15,R1,1988
15-HTLL-001,435,HATILLO,TEGUCIGALPA,Barrio/Colonia,15,HATILLO/ R3,2006
15-LSJTS-001,436,LOS JUTES (CASERIO LAS PILITAS),TEGUCIGALPA,Barrio/Colonia,15,HATILLO,
15-MRLG-001,437,MIRALAGO,TEGUCIGALPA,Barrio/Colonia,15,HATILLO,2017
15-RS.LL-001,438,RES. LA ALHAMBRA,TEGUCIGALPA,Barrio/Colonia,15,HATILLO,
15-RSDNC-001,439,RESIDENCIAL YAGUARUNDI,TEGUCIGALPA,Barrio/Colonia,15,HATILLO,2017
16-13DJL-001,440,13 DE JULIO,TEGUCIGALPA,Barrio/Colonia,16,R3,
16-28DMR-001,441,28 DE MARZO,TEGUCIGALPA,Barrio/Colonia,16,R3,
16-30DNV-001,442,30 DE NOVIEMBRE,TEGUCIGALPA,Barrio/Colonia,16,R3,
16-LTSDL-001,443,ALTOS DE LA TRAVESIA,TEGUCIGALPA,Barrio/Colonia,16,R3,2012
16-NXLFR-001,444,ANEXO LA FRATERNIDAD,TEGUCIGALPA,Barrio/Colonia,16,R3,
16-RMNDC-001,445,ARMANDO CALIDONIO,TEGUCIGALPA,Barrio/Colonia,16,R4,1995
16-BRSSD-001,446,BRISAS DEL VALLE,TEGUCIGALPA,Barrio/Colonia,16,R4,
16-CL13D-001,447,COL 13 DE JULIO,TEGUCIGALPA,Barrio/Colonia,16,R3,
16-CL28D-001,448,COL 28 DE MARZO,TEGUCIGALPA,Barrio/Colonia,16,R4,1980
16-CLZGR-001,449,COL IZAGUIRRE,TEGUCIGALPA,Barrio/Colonia,16,R4,1991
16-CLLSP-001,450,COL LA ESPERANZA,TEGUCIGALPA,Barrio/Colonia,16,R4,1989
16-CLLTR-001,451,COL LA TRINIDAD,TEGUCIGALPA,Barrio/Colonia,16,R3,
16-CLNST-001,452,COLONIA ESTADOS UNIDOS,TEGUCIGALPA,Barrio/Colonia,16,R4,2001
16-CLNNV-001,453,COLONIA NUEVA EDEN,TEGUCIGALPA,Barrio/Colonia,16,R3,
16-CMPLJ-001,454,COMPLEJO INDUSTRIAL SAN MIGUEL 1,TEGUCIGALPA,Barrio/Colonia,16,ZI,
16-CMPLJ-002,455,COMPLEJO INDUSTRIAL SAN MIGUEL 2,TEGUCIGALPA,Barrio/Colonia,16,ZI,
16-LMLN-001,456,EL MOLINO,TEGUCIGALPA,Barrio/Colonia,16,R3,2000
16-LMLNN-001,457,EL MOLINON,TEGUCIGALPA,Barrio/Colonia,16,R4,2006
16-HCNDL-001,458,HACIENDA EL MOLINO,TEGUCIGALPA,Barrio/Colonia,16,R3,
16-LRR-001,459,LA AURORA,TEGUCIGALPA,Barrio/Colonia,16,R3,
16-LRN1-001,460,LA ERA N1,TEGUCIGALPA,Barrio/Colonia,16,R3,
16-LLM-001,461,LA LOMA,TEGUCIGALPA,Barrio/Colonia,16,R3,
16-LNN-001,462,LA UNION,TEGUCIGALPA,Barrio/Colonia,16,R3,
16-LSNNS-001,463,LAS ANONAS,TEGUCIGALPA,Barrio/Colonia,16,R1,1990
16-LMSDL-001,464,LOMAS DE LA FLORIDA,TEGUCIGALPA,Barrio/Colonia,16,R4,2004
16-LMSDL-002,465,LOMAS DEL PRADO NORTE,TEGUCIGALPA,Barrio/Colonia,16,R4,2004
16-LSPRC-001,466,LOS PROCERES,TEGUCIGALPA,Barrio/Colonia,16,R2,
16-MY-001,467,MAYA,TEGUCIGALPA,Barrio/Colonia,16,R3,
16-MRDRD-001,468,MIRADOR DE LA TRAVESIA,TEGUCIGALPA,Barrio/Colonia,16,R3,
16-NVR-001,469,NUEVA ERA,TEGUCIGALPA,Barrio/Colonia,16,R3,
16-NVVR-001,470,NUEVA VIERA,TEGUCIGALPA,Barrio/Colonia,16,R4,1990
16-NVDN-001,471,NUEVO EDEN,TEGUCIGALPA,Barrio/Colonia,16,R3,
16-LMP-001,472,OLIMPO,TEGUCIGALPA,Barrio/Colonia,16,R4,1980
16-LMPS-001,473,OLIMPUS,TEGUCIGALPA,Barrio/Colonia,16,R4,2004
16-PRDVR-001,474,PRADO VERDE,TEGUCIGALPA,Barrio/Colonia,16,R4,2007
16-PRDSN-001,475,PRADOS UNIVERSITARIOS,TEGUCIGALPA,Barrio/Colonia,16,R4,1994
16-RS.CN-001,476,RES. CENTROAMERICANA,TEGUCIGALPA,Barrio/Colonia,16,R3,
16-RSDNC-001,477,RESIDENCIAL MAYA,TEGUCIGALPA,Barrio/Colonia,16,R3,1995
16-SBNGR-001,478,SABANAGRANDE,TEGUCIGALPA,Barrio/Colonia,16,R3,
16-SNMGL-001,479,SAN MIGUEL,TEGUCIGALPA,Barrio/Colonia,16,R3,
16-SNMGL-002,480,SAN MIGUEL 1,TEGUCIGALPA,Barrio/Colonia,16,R3,
16-SNTN-001,481,SANTA ANA,TEGUCIGALPA,Barrio/Colonia,16,R3,
16-SNTNT-001,482,SANTA ANITA O QUEBRACHAL,TEGUCIGALPA,Barrio/Colonia,16,R3,
16-SNTSB-001,483,SANTA ISABEL,TEGUCIGALPA,Barrio/Colonia,16,R1,
16-SMP-001,484,SEMPE,TEGUCIGALPA,Barrio/Colonia,16,R3,
16-TRVS-001,485,TRAVESIA,TEGUCIGALPA,Barrio/Colonia,16,R3,
16-VLLCL-001,486,VILLA COLONIAL,TEGUCIGALPA,Barrio/Colonia,16,R3,
16-VLLDL-001,487,VILLA DE LOS CIRUELOS,TEGUCIGALPA,Barrio/Colonia,16,R3,
16-VLLNV-001,488,VILLA UNIVERSITARIA,TEGUCIGALPA,Barrio/Colonia,16,R3,1989
16-VLLSC-001,489,VILLAS COLONIAL,TEGUCIGALPA,Barrio/Colonia,16,R3,
16-VLLSD-001,490,VILLAS DE CENTROAMERICA,TEGUCIGALPA,Barrio/Colonia,16,R3,2002
16-VLLSD-002,491,VILLAS DEL ESTE,TEGUCIGALPA,Barrio/Colonia,16,R4,2005
16-VLLSD-003,492,VILLAS DEL MOLINO (CONDOMINIO HORIZONTAL),TEGUCIGALPA,Barrio/Colonia,16,R3,2013
16-VLLSM-001,493,VILLAS MILANO,TEGUCIGALPA,Barrio/Colonia,16,R4,2008
16-ZRHML-001,494,ZARAHEMLA I ETAPA,TEGUCIGALPA,Barrio/Colonia,16,R3,2011
16-ZRHML-002,495,ZARAHEMLA II ETAPA,TEGUCIGALPA,Barrio/Colonia,16,R3,2014
17-LTSDL-001,496,ALTOS DE LA HACIENDA,TEGUCIGALPA,Barrio/Colonia,17,R1,
17-LTSDL-002,497,ALTOS DE LAS LOMAS,TEGUCIGALPA,Barrio/Colonia,17,R1,1989
17-CHLTF-001,498,CHALET FRANCES,TEGUCIGALPA,Barrio/Colonia,17,R1,2004
17-CHLTS-001,499,CHALET SUIZO,TEGUCIGALPA,Barrio/Colonia,17,R1,2004
17-CLRBN-001,500,COL RUBEN ANTUNEZ,TEGUCIGALPA,Barrio/Colonia,17,R2,1981
17-CNDMN-001,501,CONDOMINIOS EL MIRADOR,TEGUCIGALPA,Barrio/Colonia,17,R4,2005
17-FLRNC-001,502,FLORENCIA NORTE,TEGUCIGALPA,Barrio/Colonia,17,R1,1958
17-FLRNC-002,503,FLORENCIA OESTE,TEGUCIGALPA,Barrio/Colonia,17,R1,
17-FLRNC-003,504,FLORENCIA SUR,TEGUCIGALPA,Barrio/Colonia,17,R1-R2,
17-HCNDL-001,505,HACIENDA EL TRAPICHE,TEGUCIGALPA,Barrio/Colonia,17,R1,
17-HCNDH-001,506,HACIENDA HATO DE EN MEDIO,TEGUCIGALPA,Barrio/Colonia,17,R1,
17-LHCND-001,507,LA HACIENDA,TEGUCIGALPA,Barrio/Colonia,17,R1,1995
17-LSBGN-001,508,LAS BEGONIAS SAN IGNACIO (CONDOMINIO HORIZONTAL),TEGUCIGALPA,Barrio/Colonia,17,R2,2016
17-LQDMB-001,509,LIQUIDAMBAR,TEGUCIGALPA,Barrio/Colonia,17,R1/R2,2012
17-LMSDC-001,510,LOMAS DE CARRARA,TEGUCIGALPA,Barrio/Colonia,17,R3,2004
17-LMSDL-001,511,LOMAS DEL GUIJARRO SUR,TEGUCIGALPA,Barrio/Colonia,17,R1,1980
17-LTFCC-001,512,LOTIFICACION SUYAPA,TEGUCIGALPA,Barrio/Colonia,17,R3,1956
17-MNTVR-001,513,MONTE VERDE,TEGUCIGALPA,Barrio/Colonia,17,R3,2001
17-MNTFR-001,514,MONTEFRESCO / PLANES DE LA LOMA,TEGUCIGALPA,Barrio/Colonia,17,R3,
17-PSLQD-001,515,PASEO LIQUIDAMBAR,TEGUCIGALPA,Barrio/Colonia,17,R1,
17-PRFSN-001,516,PROFESIONALES,TEGUCIGALPA,Barrio/Colonia,17,D1,
17-RSPRT-001,517,RES PUERTA DEL SOL,TEGUCIGALPA,Barrio/Colonia,17,R1,2007
17-RS.LT-001,518,RES. EL TRAPICHE,TEGUCIGALPA,Barrio/Colonia,17,R1,
17-RS.LS-001,519,RES. LOS OLIVOS,TEGUCIGALPA,Barrio/Colonia,17,R1,
17-RSDNC-001,520,RESIDENCIAL 3 CAMINOS,TEGUCIGALPA,Barrio/Colonia,17,R2,1984
17-RBNNT-001,521,RUBEN ANTUNEZ,TEGUCIGALPA,Barrio/Colonia,17,R1,
17-TRSCM-001,522,TRES CAMINOS NORTE,TEGUCIGALPA,Barrio/Colonia,17,R1,
17-TRSCM-002,523,TRES CAMINOS SUR,TEGUCIGALPA,Barrio/Colonia,17,R1,
17-NH-001,524,UNAH,TEGUCIGALPA,Barrio/Colonia,17,G,
17-NVRSD-001,525,UNIVERSIDAD NORTE,TEGUCIGALPA,Barrio/Colonia,17,R3,2005
17-NVRSD-002,526,UNIVERSIDAD NORTE ETAPA 1,TEGUCIGALPA,Barrio/Colonia,17,R3,
17-NVRSD-003,527,UNIVERSIDAD NORTE ETAPA 2,TEGUCIGALPA,Barrio/Colonia,17,R3,
17-VNCDL-001,528,VENECIA DEL TRAPICHE,TEGUCIGALPA,Barrio/Colonia,17,R4,2001
17-VLLFL-001,529,VILLA FLORENCIA,TEGUCIGALPA,Barrio/Colonia,17,R1,2013
17-VLLLM-001,530,VILLA OLIMPICA FOSOVI,TEGUCIGALPA,Barrio/Colonia,17,R3,
17-VLLSY-001,531,VILLA SUYAPA (VILLA OLIMPICA),TEGUCIGALPA,Barrio/Colonia,17,R4,2006
17-VLLSS-001,532,VILLAS ESQUIVEL PEREZ,TEGUCIGALPA,Barrio/Colonia,17,R1,2007
18-17DSP-001,533,17 DE SEPTIEMBRE,TEGUCIGALPA,Barrio/Colonia,18,R3,
18-GFM-001,534,AGAFAM,TEGUCIGALPA,Barrio/Colonia,18,AR,
18-LTSDL-001,535,ALTOS DEL TRAPICHE ETAPA VI (CONDOMINIO HORIZONTAL),TEGUCIGALPA,Barrio/Colonia,18,R3,2013
18-LTSDL-002,536,"ALTOS DEL TRAPICHE ETAPA 1 , 2, 3, 4 Y 5",TEGUCIGALPA,Barrio/Colonia,18,R4,2002
18-BLLRN-001,537,BELLA ORIENTE,TEGUCIGALPA,Barrio/Colonia,18,R2,1983
18-BRSSD-001,538,BRISAS DE SUYAPA,TEGUCIGALPA,Barrio/Colonia,18,R3,
18-CSVL-001,539,CASAVOLA,TEGUCIGALPA,Barrio/Colonia,18,R1,1988
18-CVSPL-001,540,COVESPUL,TEGUCIGALPA,Barrio/Colonia,18,R4,1994
18-LZNCD-001,541,EL ZANCUDO,TEGUCIGALPA,Barrio/Colonia,18,R3,
18-GLRDS-001,542,GLORIA A DIOS,TEGUCIGALPA,Barrio/Colonia,18,R4,1986
18-HTDNM-001,543,HATO DE EN MEDIO FOSOVI,TEGUCIGALPA,Barrio/Colonia,18,R4,2003
18-HTSNG-001,544,HATO O SAN IGNACIO,TEGUCIGALPA,Barrio/Colonia,18,R1,
18-LLBRT-001,545,LA LIBERTAD(SECTOR VILLANUEVA SUYAPA),TEGUCIGALPA,Barrio/Colonia,18,R3,
18-LSHGR-001,546,LOS HIGUEROS,TEGUCIGALPA,Barrio/Colonia,18,R3,
18-LTNM9-001,547,LOTE NUM 9 SAN IGNACIO,TEGUCIGALPA,Barrio/Colonia,18,R1,2005
18-PRPLZ-001,548,PRO PLAZA SAN IGNACIO 2004,TEGUCIGALPA,Barrio/Colonia,18,R1,2004
18-PRYCT-001,549,PROYECTO SUYAPITA,TEGUCIGALPA,Barrio/Colonia,18,R3,1994
18-QNTBL-001,550,QUINTA BELLA,TEGUCIGALPA,Barrio/Colonia,18,R1,2007
18-RSLSL-001,551,RES LUIS LANDA,TEGUCIGALPA,Barrio/Colonia,18,R2,
18-RS.SN-001,552,RES. SAN IGNACIO,TEGUCIGALPA,Barrio/Colonia,18,R1,
18-RS.SN-002,553,RES. SAN JUAN,TEGUCIGALPA,Barrio/Colonia,18,R3,
18-RS.VL-001,554,RES. VILLAS PALMERAS,TEGUCIGALPA,Barrio/Colonia,18,R1,
18-LYLSN-001,555,LOYOLA SAN IGNACIO (CONDOMINIO HORIZONTAL),TEGUCIGALPA,Barrio/Colonia,18,R3,2017
18-RSDNC-001,556,RESIDENCIAL - 3410- COL SAN IGNACIO,TEGUCIGALPA,Barrio/Colonia,18,R3,2016
18-RSDNC-002,557,RESIDENCIAL SUYAPITA,TEGUCIGALPA,Barrio/Colonia,18,R4,1995
18-SNGNC-001,558,SAN IGNACIO FODENOR,TEGUCIGALPA,Barrio/Colonia,18,R1,2004
18-TNWHS-001,559,TONW HOUSE EL PUEBLO SAN IGNACIO,TEGUCIGALPA,Barrio/Colonia,18,R1,2004
18-VLNC-001,560,VALENCIA,TEGUCIGALPA,Barrio/Colonia,18,R3,
18-VLLSN-001,561,VILLA SAN CARALAMPIO,TEGUCIGALPA,Barrio/Colonia,18,R3,
18-VLLSN-002,562,VILLA SAN IGNACIO CONDOMINIO HORIZONTAL,TEGUCIGALPA,Barrio/Colonia,18,R2,2015
18-VLLSP-001,563,VILLAS PALMERA ( SAN IGNACIO),TEGUCIGALPA,Barrio/Colonia,18,R1,2007
18-VLLSS-001,564,VILLAS SAN IGNACION - GAUBANA,TEGUCIGALPA,Barrio/Colonia,18,R2,
19-LDLJY-001,565,ALDEA LA JOYA,TEGUCIGALPA,Barrio/Colonia,19,R3,
19-LTSDL-001,566,ALTOS DE LA JOYA,TEGUCIGALPA,Barrio/Colonia,19,R4,1998
19-LTSDL-002,567,ALTOS DE LAS COLINAS,COMAYAGâˆšÃºELA,Barrio/Colonia,19,R2,1985
19-LTSDM-001,568,ALTOS DE MIRAFLORES LOTE 32,TEGUCIGALPA,Barrio/Colonia,19,R2,
19-LTSDM-002,569,ALTOS DE MIRAFLORES SUR ETAPA 1,TEGUCIGALPA,Barrio/Colonia,19,R3,2003
19-LTSDM-003,570,ALTOS DE MIRAFLORES SUR LOTE 01 (CONDOMINIO HORIZONTAL),TEGUCIGALPA,Barrio/Colonia,19,R3,
19-LTSDM-004,571,ALTOS DE MIRAFLORES SUR LOTE 33 (CONDOMINIO HORIZONTAL),TEGUCIGALPA,Barrio/Colonia,19,R3,
19-LTSDM-005,572,ALTOS DE MIRAFLORES SUR BLOQUE 37,TEGUCIGALPA,Barrio/Colonia,19,R3,2008
19-LTSDM-006,573,ALTOS DE MIRAFLORES SUR ETAPA 2,TEGUCIGALPA,Barrio/Colonia,19,R3-R4,2003
19-BTN-001,574,BETANIA,COMAYAGâˆšÃºELA,Barrio/Colonia,19,R3,
19-CNTRC-001,575,CENTRO CIVICO GUBERNAMENTAL,COMAYAGâˆšÃºELA,Barrio/Colonia,19,G,
19-CLLJY-001,576,COL LA JOYA,TEGUCIGALPA,Barrio/Colonia,19,R4,2007
19-CLNRD-001,577,COL NORA DE MELGAR S/A,TEGUCIGALPA,Barrio/Colonia,19,R3,
19-CLDLJ-001,578,COL DE LA JOYA,TEGUCIGALPA,Barrio/Colonia,19,R3,
19-LDRD-001,579,EL DORADO,TEGUCIGALPA,Barrio/Colonia,19,R2,
19-LHGR-001,580,EL HOGAR,TEGUCIGALPA,Barrio/Colonia,19,R2,
19-QPMNT-001,581,EQUIPAMIENTO GUBERNAMENTAL,TEGUCIGALPA,Barrio/Colonia,19,G,
19-JRDNS-001,582,JARDINES DE MIRAFLORES,TEGUCIGALPA,Barrio/Colonia,19,R2,1988
19-JYSDL-001,583,"JOYAS DEL DORADO EXP. 1649-13, 4326-13",TEGUCIGALPA,Barrio/Colonia,19,R3,2014
19-LJYFS-001,584,LA JOYA FOSOVI,TEGUCIGALPA,Barrio/Colonia,19,R3,
19-LSBRS-001,585,LAS BRISAS,COMAYAGâˆšÃºELA,Barrio/Colonia,19,R3,
19-LSBRS-002,586,LAS BRISAS BETANIA,COMAYAGâˆšÃºELA,Barrio/Colonia,19,R3,
19-LSCLN-001,587,LAS COLINAS,TEGUCIGALPA,Barrio/Colonia,19,R2,1980
19-LMVRD-001,588,LOMA VERDE,TEGUCIGALPA,Barrio/Colonia,19,R3,1989
19-LMSDL-001,589,LOMAS DE LA JOYA,TEGUCIGALPA,Barrio/Colonia,19,R3,1999
19-LMSDM-001,590,LOMAS DE MIRAFLORES,TEGUCIGALPA,Barrio/Colonia,19,R2,1993
19-LMSDM-002,591,LOMAS DE MIRAFLORES SUR,TEGUCIGALPA,Barrio/Colonia,19,R3,
19-LSTLP-001,592,LOS TULIPANES,TEGUCIGALPA,Barrio/Colonia,19,R3,
19-MRFLR-001,593,MIRAFLORES,TEGUCIGALPA,Barrio/Colonia,19,R2,
19-MRFLR-002,594,MIRAFLORES NORTE,TEGUCIGALPA,Barrio/Colonia,19,R3,1983
19-MRFLR-003,595,MIRAFLORES SUR,TEGUCIGALPA,Barrio/Colonia,19,R2,2000
19-NRGNR-001,596,NORA GUNERA DE MELGAR,TEGUCIGALPA,Barrio/Colonia,19,R3,
19-VLLBN-001,597,VILLA BENETO,TEGUCIGALPA,Barrio/Colonia,19,R3,2000
19-VLLCR-001,598,VILLA CRISTINA,TEGUCIGALPA,Barrio/Colonia,19,R3,
19-VLLSM-001,599,VILLA ESMERALDA,COMAYAGâˆšÃºELA,Barrio/Colonia,19,R3,2002
19-VLLSM-002,600,VILLA ESMERALDA SEGUNDA ETAPA,COMAYAGâˆšÃºELA,Barrio/Colonia,19,R3,2003
19-VLLSL-001,601,VILLAS LOMAS DE MIRAFLORES,TEGUCIGALPA,Barrio/Colonia,19,R3,2009
20-LDDJC-001,602,ALDEA DE JACALEAPA,TEGUCIGALPA,Barrio/Colonia,20,R3,
20-LTSDL-001,603,ALTOS DE LOS PINOS,TEGUCIGALPA,Barrio/Colonia,20,R4,2001
20-LTSDV-001,604,ALTOS DE VILLA VIEJA,TEGUCIGALPA,Barrio/Colonia,20,R4,2005
20-BRNRD-001,605,BERNARDO DAZZI ETAPA 3,TEGUCIGALPA,Barrio/Colonia,20,R3,2003
20-BTHL-001,606,BETHEL,TEGUCIGALPA,Barrio/Colonia,20,R3,
20-BRSSD-001,607,BRISAS DE JACALEAPA,TEGUCIGALPA,Barrio/Colonia,20,R3,
20-BRSSD-002,608,BRISAS DE ORIENTE,TEGUCIGALPA,Barrio/Colonia,20,R3,
20-CDDJR-001,609,CIUDAD JARDIN,TEGUCIGALPA,Barrio/Colonia,20,R3,2006
20-CLGYM-001,610,COL GUAYMURA,TEGUCIGALPA,Barrio/Colonia,20,R4,1987
20-CLSNT-001,611,COL SANTA ISABEL(RECIBE NOMBRE PALMAS),TEGUCIGALPA,Barrio/Colonia,20,R3,
20-DSPRV-001,612,DIOS PROVEERA,TEGUCIGALPA,Barrio/Colonia,20,R4,1999
20-HMBRG-001,613,HAMBURGO,TEGUCIGALPA,Barrio/Colonia,20,R3,
20-HNDRS-001,614,HONDURAS,TEGUCIGALPA,Barrio/Colonia,20,R4,1993
20-JSRBR-001,615,JOSE ROBERTO MOLINA MURILLO FONEDOR,TEGUCIGALPA,Barrio/Colonia,20,R3,
20-KNNDY-001,616,KENNEDY FOSOVI,TEGUCIGALPA,Barrio/Colonia,20,R3,
20-KNNDY-002,617,KENNEDY NORTE,TEGUCIGALPA,Barrio/Colonia,20,R4,2002
20-LSPLM-001,618,LAS PALMAS,TEGUCIGALPA,Barrio/Colonia,20,R3,
20-LMSDJ-001,619,LOMAS DE JACALEAPA,TEGUCIGALPA,Barrio/Colonia,20,R4,2004
20-LMSDS-001,620,LOMAS DE SAN JOSE,TEGUCIGALPA,Barrio/Colonia,20,R3,
20-LMSDL-001,621,LOMAS DEL DORADO,TEGUCIGALPA,Barrio/Colonia,20,R4,2002
20-LSPNS-001,622,LOS PINOS,TEGUCIGALPA,Barrio/Colonia,20,R4,
20-RS.LS-001,623,RES. LOS PORTALES,TEGUCIGALPA,Barrio/Colonia,20,R4,2007
20-RLDLS-001,624,REAL DE LAS PALMAS,TEGUCIGALPA,Barrio/Colonia,20,R4,2007
20-RSDNC-001,625,RESIDENCIAL PLAZA,TEGUCIGALPA,Barrio/Colonia,20,R3,2004
20-RSDNC-002,626,RESIDENCIAL PLAZA CIRCUITO CERRADO SUB DIVISION,TEGUCIGALPA,Barrio/Colonia,20,R4,2007
20-SNJSD-001,627,SAN JOSE DE LOS LLANOS,TEGUCIGALPA,Barrio/Colonia,20,R4,1986
20-SNTSB-001,628,SANTA ISABEL,TEGUCIGALPA,Barrio/Colonia,20,R3,
20-TRRBL-001,629,TIERRA BLANCA,TEGUCIGALPA,Barrio/Colonia,20,R3,
20-VGSDL-001,630,VEGAS DE LA JOYA,TEGUCIGALPA,Barrio/Colonia,20,R3,2013
20-VCTRF-001,631,VICTOR F ARDON,TEGUCIGALPA,Barrio/Colonia,20,R4,2007
20-VN-001,632,VIENA,TEGUCIGALPA,Barrio/Colonia,20,R4,2007
20-VLLNV-001,633,VILLA NUEVA NORTE,TEGUCIGALPA,Barrio/Colonia,20,R3,
20-VLLNV-002,634,VILLA NUEVA SUR,TEGUCIGALPA,Barrio/Colonia,20,R3,
20-VLLVJ-001,635,VILLA VIEJA,TEGUCIGALPA,Barrio/Colonia,20,R4,1951
20-VLLSC-001,636,VILLAS COLONIAL,TEGUCIGALPA,Barrio/Colonia,20,R3,2012
20-VSTHR-001,637,VISTA HERMOSA,TEGUCIGALPA,Barrio/Colonia,20,R3,
21-LDJCL-001,638,ALDEA JACALEAPA (CASERIO LA CA„ADA No. 2),TEGUCIGALPA,Barrio/Colonia,21,R3,
21-LDLCND-001,639,ALDEA LA CA„ADA,TEGUCIGALPA,Barrio/Colonia,21,R3,
21-LMN-001,640,ALEMAN,TEGUCIGALPA,Barrio/Colonia,21,R3,
21-LPS-001,641,ALPES,TEGUCIGALPA,Barrio/Colonia,21,R3,
21-LTSDJ-001,642,ALTOS DE JARDINES LOARQUE,TEGUCIGALPA,Barrio/Colonia,21,R3,
21-LTSDL-001,643,ALTOS DE LAS VEGAS,TEGUCIGALPA,Barrio/Colonia,21,R3,
21-LTSDL-002,644,ALTOS DE LOARQUE,TEGUCIGALPA,Barrio/Colonia,21,R3,1993
21-LTSDS-001,645,ALTOS DE SAN ISIDRO,TEGUCIGALPA,Barrio/Colonia,21,R3,
21-LTSDV-001,646,ALTOS DE VENECIA ETAPA 3 (CONDOMINIO HORIZONTAL),TEGUCIGALPA,Barrio/Colonia,21,R3,2005
21-LTSDV-002,647,ALTOS DE VENECIA ETAPA 1 Y ETAPA 2,TEGUCIGALPA,Barrio/Colonia,21,R3,2012
21-NXLSV-001,648,ANEXO LAS VEGAS,TEGUCIGALPA,Barrio/Colonia,21,R3,
21-BRSSD-001,649,BRISAS DE JACALEAPA,TEGUCIGALPA,Barrio/Colonia,21,R3/R4,2002
21-BRSSD-002,650,BRISAS DE JACALEAPA 4 ETAPA,TEGUCIGALPA,Barrio/Colonia,21,R4,2002
21-CLPLS-001,651,CALPULES,TEGUCIGALPA,Barrio/Colonia,21,R4,1987
21-CSCLF-001,652,CASO COL FALDAS DEL PEDREGAL,TEGUCIGALPA,Barrio/Colonia,21,R3,
21-CL14D-001,653,COL 14 DE MARZO,TEGUCIGALPA,Barrio/Colonia,21,R3,
21-CLPPL-001,654,COL POPULAR NUM 1 COMAYAGUELA,TEGUCIGALPA,Barrio/Colonia,21,R3,
21-CLSNJ-001,655,COL SAN JOSE DEL PEDREGAL,TEGUCIGALPA,Barrio/Colonia,21,R3,
21-CLLCN-001,656,COL LA CANADA,TEGUCIGALPA,Barrio/Colonia,21,R3,
21-CLLPâˆš-001,657,COL LA PEâˆšÃ«A,TEGUCIGALPA,Barrio/Colonia,21,R4,1999
21-CMNDD-001,658,COMUNIDAD SOCIAL,TEGUCIGALPA,Barrio/Colonia,21,R3,
21-CVDPR-001,659,COVIDEPROL / LA ROMA,TEGUCIGALPA,Barrio/Colonia,21,R3,1988
21-LMLN-001,660,EL MOLINO,TEGUCIGALPA,Barrio/Colonia,21,R3,
21-RNDD(-001,661,ERENDIDA (LAS VEGAS),TEGUCIGALPA,Barrio/Colonia,21,R4,1990
21-FBRCT-001,662,FABRICA TEXTILES RIO LINDO,TEGUCIGALPA,Barrio/Colonia,21,ZI,
21-JRDNS-001,663,JARDINES DE LOARQUE,TEGUCIGALPA,Barrio/Colonia,21,R2,
21-JSSGL-001,664,JESUS AGUILAR PAZ / OROPEL,TEGUCIGALPA,Barrio/Colonia,21,R3,1995
21-LCâˆšÃ‹D-001,665,LA CAâˆšÃ«ADA,TEGUCIGALPA,Barrio/Colonia,21,R4,2011
21-LCNG-001,666,LA CIENEGA,TEGUCIGALPA,Barrio/Colonia,21,R3,
21-LSGRN-001,667,LAS GRANJITAS,TEGUCIGALPA,Barrio/Colonia,21,R3,
21-LSVGS-001,668,LAS VEGAS,TEGUCIGALPA,Barrio/Colonia,21,R3,
21-LSVGS-002,669,LAS VEGAS (FECESITLEH),TEGUCIGALPA,Barrio/Colonia,21,R3,
21-LRQ-001,670,LOARQUE,TEGUCIGALPA,Barrio/Colonia,21,R3,1998
21-LRQSR-001,671,LOARQUE SUR,TEGUCIGALPA,Barrio/Colonia,21,R3,1991
21-LMSR-001,672,LOMA SUR,TEGUCIGALPA,Barrio/Colonia,21,R3,2006
21-LMSDL-001,673,LOMAS DE LOARQUE,TEGUCIGALPA,Barrio/Colonia,21,R3,
21-LMSDL-002,674,LOMAS DEL NAVOO,TEGUCIGALPA,Barrio/Colonia,21,R3,
21-LSLPS-001,675,LOS ALPES,TEGUCIGALPA,Barrio/Colonia,21,R3,
21-LSNCN-001,676,LOS ENCUENTROS,TEGUCIGALPA,Barrio/Colonia,21,R3,
21-LSMLN-001,677,LOS MOLINOS IMPREMA / JOSE MARIA ANDRADE,TEGUCIGALPA,Barrio/Colonia,21,R4,2006
21-LSCRD-001,678,LUIS CORDOVA,TEGUCIGALPA,Barrio/Colonia,21,R3,
21-MRDRD-001,679,MIRADOR DEL LOARQUE,TEGUCIGALPA,Barrio/Colonia,21,R3,
21-MRDRS-001,680,MIRADOR SAN ISIDRO,TEGUCIGALPA,Barrio/Colonia,21,R3,
21-MNTRR-001,681,MONTERREY,TEGUCIGALPA,Barrio/Colonia,21,R3,
21-MNTRR-002,682,MONTERREY NORTE,TEGUCIGALPA,Barrio/Colonia,21,R3,
21-MNTRR-003,683,MONTERREY SUR,TEGUCIGALPA,Barrio/Colonia,21,R3,
21-MNTSD-001,684,MONTES DE SINAI,TEGUCIGALPA,Barrio/Colonia,21,R3,
21-NVLRQ-001,685,NUEVO LOARQUE,TEGUCIGALPA,Barrio/Colonia,21,R2,
21-PâˆšÃ‹VJ-001,686,PEâˆšÃ«A VIEJA,TEGUCIGALPA,Barrio/Colonia,21,R3,
21-PPLR-001,687,POPULAR,TEGUCIGALPA,Barrio/Colonia,21,R3,
21-RS.LT-001,688,RES. ALTA VISTA,TEGUCIGALPA,Barrio/Colonia,21,R3,
21-RS.LC-001,689,RES. LA CAâˆšÃ«ADA,TEGUCIGALPA,Barrio/Colonia,21,R3,
21-RSDNC-001,690,RESIDENCIAL PARIS,TEGUCIGALPA,Barrio/Colonia,21,R4,2012
21-RGRND-001,691,RIO GRANDE NORTE,TEGUCIGALPA,Barrio/Colonia,21,R2,
21-RGRND-002,692,RIO GRANDE SUR,TEGUCIGALPA,Barrio/Colonia,21,R3,1996
21-RM-001,693,ROMA,TEGUCIGALPA,Barrio/Colonia,21,R3,
21-SNNGL-001,694,SAN ANGEL,TEGUCIGALPA,Barrio/Colonia,21,R4,2005
21-SNJSD-001,695,SAN JOSE DE LA PEâˆšÃ«A,TEGUCIGALPA,Barrio/Colonia,21,R3,
21-SNJSD-002,696,SAN JOSE DE LA VEGA,TEGUCIGALPA,Barrio/Colonia,21,R4,1990
21-SNJSD-003,697,SAN JOSE DE LOS LLANOS,TEGUCIGALPA,Barrio/Colonia,21,R3,
21-VGSDL-001,698,VEGAS DEL RIO,TEGUCIGALPA,Barrio/Colonia,21,R4,2005
21-VNCTP-001,699,VENECIA ETAPA 1 Y ETAPA 2,TEGUCIGALPA,Barrio/Colonia,21,R3,2013
21-VSTHR-001,700,VISTA HERMOSA,TEGUCIGALPA,Barrio/Colonia,21,R3,
21-ZNPNT-001,701,ZONA PUENTE LOARQUE,TEGUCIGALPA,Barrio/Colonia,21,R3,
22-RPRTT-001,702,AEROPUERTO TONCONTIN,TEGUCIGALPA/ COMAYAGUELA,Barrio/Colonia,22,G,
22-LTSDS-001,703,ALTOS DE SAN JOSE,COMAYAGâˆšÃºELA,Barrio/Colonia,22,R3,
22-BRSSD-001,704,BRISAS DEL CORTIJO,COMAYAGâˆšÃºELA,Barrio/Colonia,22,R3,
22-BRSSD-002,705,BRISAS DEL RIO,COMAYAGâˆšÃºELA,Barrio/Colonia,22,R3,
22-CLPRV-001,706,COL PROVIDENCIA,COMAYAGâˆšÃºELA,Barrio/Colonia,22,R3,
22-CLSTL-001,707,COL SATELITE,TEGUCIGALPA,Barrio/Colonia,22,R2,1972
22-LCRRZ-001,708,EL CARRIZAL,,Barrio/Colonia,22,R3,
22-LCC-001,709,EL COCO,COMAYAGâˆšÃºELA,Barrio/Colonia,22,R3,
22-FBRCT-001,710,FABRICA TEXTILES RIO LINDO,COMAYAGâˆšÃºELA,Barrio/Colonia,22,ZI,
22-FRNCS-001,711,FRANCISCO MURILLO SOTO,COMAYAGâˆšÃºELA,Barrio/Colonia,22,R3,
22-JRDNS-001,712,JARDINES DE SAN JOSE,COMAYAGâˆšÃºELA,Barrio/Colonia,22,R3,
22-JRDNS-002,713,JARDINES DE TONCONTIN,COMAYAGâˆšÃºELA,Barrio/Colonia,22,R3,
22-LMSDL-001,714,LOMAS DEL CORTIJO,COMAYAGâˆšÃºELA,Barrio/Colonia,22,R3,1984
22-LSZRS-001,715,LOS ZORSALES # 1,COMAYAGâˆšÃºELA,Barrio/Colonia,22,R3,
22-LSZRS-002,716,LOS ZORSALES # 2,COMAYAGâˆšÃºELA,Barrio/Colonia,22,R3,
22-LSZRZ-001,717,LOS ZORZALES,COMAYAGâˆšÃºELA,Barrio/Colonia,22,R4,1987
22-MNTLM-001,718,MONTELIMAR,COMAYAGâˆšÃºELA,Barrio/Colonia,22,R3,
22-SCR.F-001,719,OSCAR A. FLORES,COMAYAGâˆšÃºELA,Barrio/Colonia,22,R3,
22-PRTJR-001,720,PARTE JARDINES DE SAN JOSE,COMAYAGâˆšÃºELA,Barrio/Colonia,22,R3,
22-PRVDN-001,721,PROVIDENCIA,COMAYAGâˆšÃºELA,Barrio/Colonia,22,R3,
22-RSDNC-001,722,RESIDENCIAL MONTELIMAR,COMAYAGâˆšÃºELA,Barrio/Colonia,22,R4,1985
22-RVRDL-001,723,RIVERA DE LA VEGA,COMAYAGâˆšÃºELA,Barrio/Colonia,22,R4,2001
22-RBRTS-001,724,ROBERTO SUAZO CORDOVA NRO. 1,COMAYAGâˆšÃºELA,Barrio/Colonia,22,R3,
22-SNJS-001,725,SAN JOSE,COMAYAGâˆšÃºELA,Barrio/Colonia,22,R3,
22-SNJSD-001,726,SAN JOSE DEL PEDREGAL,COMAYAGâˆšÃºELA,Barrio/Colonia,22,R3,
22-SNTDM-001,727,SANTO DOMINGO,COMAYAGâˆšÃºELA,Barrio/Colonia,22,R3,
22-TRNDD-001,728,TRINIDAD,COMAYAGâˆšÃºELA,Barrio/Colonia,22,R3,
23-15DSP-001,729,15 DE SEPTIEMBRE,TEGUCIGALPA/ COMAYAGâˆšÃºELA,Barrio/Colonia,23,R2,1990
23-RPRT-001,730,AEROPUERTO,TEGUCIGALPA,Barrio/Colonia,23,R2,1987
23-GDLC-001,731,AGUA DULCE,TEGUCIGALPA,Barrio/Colonia,23,R3,2002
23-GDLCS-001,732,AGUA DULCE SIN DESARROLLO,TEGUCIGALPA,Barrio/Colonia,23,R3,
23-LDGDL-001,733,ALDEA AGUA DULCE,TEGUCIGALPA,Barrio/Colonia,23,UR,
23-LDLSC-001,734,ALDEA LAS CASITAS,TEGUCIGALPA/ COMAYAGUELA,Barrio/Colonia,23,UR,
23-LSS-001,735,ALESSA,TEGUCIGALPA/ COMAYAGâˆšÃºELA,Barrio/Colonia,23,R3,
23-LTSDL-001,736,ALTOS DE LAS HADAS,TEGUCIGALPA,Barrio/Colonia,23,R3,2001
23-MRC-001,737,AMERICA,TEGUCIGALPA,Barrio/Colonia,23,R2,
23-CSSVR-001,738,CASAS VERDES,TEGUCIGALPA,Barrio/Colonia,23,R3,2008
23-CSCD-001,739,CASCADA,TEGUCIGALPA,Barrio/Colonia,23,R2,1989
23-CSCDS-001,740,CASCADAS SEGUNDA ETAPA,TEGUCIGALPA,Barrio/Colonia,23,R3,2004
23-CTS-001,741,CATESA,TEGUCIGALPA,Barrio/Colonia,23,R1,
23-CLGDY-001,742,COL GODOY,TEGUCIGALPA,Barrio/Colonia,23,R2,
23-CL.MR-001,743,COL. AMERICA,TEGUCIGALPA,Barrio/Colonia,23,R2,1954
23-CNDMN-001,744,CONDOMINIOS TONCONTIN,TEGUCIGALPA,Barrio/Colonia,23,R3,2003
23-LDRLC-001,745,EL DORAL CON EXP 5640-11,TEGUCIGALPA,Barrio/Colonia,23,R2,2011
23-LSC-001,746,EL SAUCE,TEGUCIGALPA,Barrio/Colonia,23,R3,
23-JRDNS-001,747,JARDINES DE LOARQUE,TEGUCIGALPA,Barrio/Colonia,23,R2,
23-LGRNV-001,748,LA GRAN VILLA,TEGUCIGALPA,Barrio/Colonia,23,R2,
23-LSCST-001,749,LAS CASITAS (CASERIO LAS CASITAS),TEGUCIGALPA,Barrio/Colonia,23,R3,
23-LSCST-002,750,LAS CASITAS (COLONIA FELICIDAD),TEGUCIGALPA,Barrio/Colonia,23,R3,
23-LSHDS-001,751,LAS HADAS,TEGUCIGALPA,Barrio/Colonia,23,R3,2001
23-LSHDS-002,752,LAS HADAS FECOVIL,TEGUCIGALPA,Barrio/Colonia,23,R3,2002
23-LSHDS-003,753,LAS HADAS SOGERIN,TEGUCIGALPA,Barrio/Colonia,23,R2,2002
23-LLNSD-001,754,LLANOS DEL POTRERO,TEGUCIGALPA,Barrio/Colonia,23,R2,2007
23-LSNGL-001,755,LOS ANGELES,TEGUCIGALPA,Barrio/Colonia,23,R1,1989
23-LSNGL-002,756,LOS ANGELES(CATESA),TEGUCIGALPA,Barrio/Colonia,23,R2,
23-LSNSâˆš-001,757,LOS ENSUEâˆšÃ«OS LLANOS DEL POTRERO (CIRCUITO CERRADO),TEGUCIGALPA,Barrio/Colonia,23,R2,2007
23-LSCLP-001,758,LOS EUCALIPTOS,TEGUCIGALPA,Barrio/Colonia,23,R4,2006
23-LSHDL-001,759,LOS HIDALGOS,TEGUCIGALPA,Barrio/Colonia,23,R3,
23-LSHDL-002,760,LOS HIDALGOS CIRCUITO 1 Y CIRCUITO 2,TEGUCIGALPA,Barrio/Colonia,23,R3,2014
23-LSPRD-001,761,LOS PERIODISTAS,TEGUCIGALPA,Barrio/Colonia,23,R1,
23-LSRBL-001,762,LOS ROBLES,TEGUCIGALPA,Barrio/Colonia,23,R3,1988
23-MRDRD-001,763,MIRADOR DE LOS ANGELES,TEGUCIGALPA,Barrio/Colonia,23,R3,2014
23-MDL-001,764,MODELO,TEGUCIGALPA,Barrio/Colonia,23,R2,
23-PLMRL-001,765,PALMA REAL,TEGUCIGALPA,Barrio/Colonia,23,R3,1998
23-PRTLD-001,766,PORTAL DE AGUA DULCE (CONDOMINIO HORIZONTAL),TEGUCIGALPA,Barrio/Colonia,23,R4,2016
23-PRTLD-002,767,PORTAL DEL BOSQUE I,TEGUCIGALPA,Barrio/Colonia,23,R3,2015
23-PRTLD-003,768,PORTAL DEL BOSQUE II ETAPA,TEGUCIGALPA,Barrio/Colonia,23,R4,2018
23-RSLSV-001,769,RES LAS UVAS,TEGUCIGALPA,Barrio/Colonia,23,R2,1999
23-RSLMS-001,770,RES LUIMISA,TEGUCIGALPA,Barrio/Colonia,23,R1-R2,1989
23-RS.LT-001,771,RES. ALTOS DE LAS HADAS,TEGUCIGALPA,Barrio/Colonia,23,R2,
23-RS.LS-001,772,RES. LAS MARGARITAS,TEGUCIGALPA,Barrio/Colonia,23,R3,
23-RS.TN-001,773,RES. TONCONTIN,TEGUCIGALPA,Barrio/Colonia,23,R3,
23-RS.VL-001,774,RES. VILLAS DEL REAL,TEGUCIGALPA,Barrio/Colonia,23,R3,
23-RSDNC-001,775,RESIDENCIAL LAS CANARIAS,TEGUCIGALPA,Barrio/Colonia,23,R3,
23-RSDNC-002,776,RESIDENCIAL SANTA CRUZ I YII,TEGUCIGALPA,Barrio/Colonia,23,R3,2016
23-RBLLT-001,777,ROBLE ALTO,TEGUCIGALPA,Barrio/Colonia,23,R3,
23-RBLLT-002,778,ROBLE ALTO II,TEGUCIGALPA,Barrio/Colonia,23,R2,
23-RBLST-001,779,"ROBLE OESTE I, II, III, IV, V Y VI ETAPA",TEGUCIGALPA,Barrio/Colonia,23,R3,2010
23-SNJSD-001,780,SAN JOSE DE LOARQUE,TEGUCIGALPA,Barrio/Colonia,23,R3,
23-SNTCR-001,781,SANTA CRUZ II ETAPA,TEGUCIGALPA,Barrio/Colonia,23,R3,2011
23-SNTCR-002,782,SANTA CRUZ III ETAPA,TEGUCIGALPA,Barrio/Colonia,23,R3,2016
23-SBDVS-001,783,SUB DIVISION LAS HADAS,TEGUCIGALPA,Barrio/Colonia,23,R3,2007
23-TNCNT-001,784,TONCONTIN,TEGUCIGALPA,Barrio/Colonia,23,R3,2000
23-VL-001,785,VIA LIA,TEGUCIGALPA,Barrio/Colonia,23,UR,1999
23-VLLLN-001,786,VILLA ALONDRA,TEGUCIGALPA,Barrio/Colonia,23,R1,2007
23-VLLSN-001,787,VILLA SAN JORGE,TEGUCIGALPA,Barrio/Colonia,23,R3,2005
23-VLLSN-002,788,VILLA SAN RAFAEL 2003,TEGUCIGALPA,Barrio/Colonia,23,R3,
23-VLLTR-001,789,VILLA TERRANOVA(COL AMERICA),TEGUCIGALPA,Barrio/Colonia,23,R3,2001
23-VLLTS-001,790,VILLA TOSCANA,TEGUCIGALPA,Barrio/Colonia,23,R3,2012
23-VLLSD-001,791,VILLAS DE LAS HADAS (CONDOMINIO HORIZONTAL),TEGUCIGALPA,Barrio/Colonia,23,R2,2005
23-VLLSD-002,792,VILLAS DEL REAL / VILLA DE PALMERAS,TEGUCIGALPA,Barrio/Colonia,23,R3,2006
23-VLLSM-001,793,VILLAS MARIA,TEGUCIGALPA,Barrio/Colonia,23,R3,
23-VLLSM-002,794,VILLAS MARIA COL LA MODELO,TEGUCIGALPA,Barrio/Colonia,23,R3,2002
23-VLLSL-001,795,VILLAS LOS PINOS EL SAUCE I ETAPA,TEGUCIGALPA,Barrio/Colonia,23,R3,2008
23-VLLSL-002,796,VILLAS LAS ACACIAS EL SAUCE I ETAPA,TEGUCIGALPA,Barrio/Colonia,23,R3,2008
23-VLLST-001,797,VILLAS TELLI,TEGUCIGALPA,Barrio/Colonia,23,R3,
23-ZNLCL-001,798,ZUNLACAL,TEGUCIGALPA/ COMAYAGâˆšÃºELA,Barrio/Colonia,23,R2,
24-BLVR-001,799,BOLIVAR,COMAYAGâˆšÃºELA,Barrio/Colonia,24,R3,
24-CDDNV-001,800,CIUDAD NUEVA,COMAYAGâˆšÃºELA,Barrio/Colonia,24,R1,1959
24-LSTQR-001,801,EL ESTIQUIRIN,COMAYAGâˆšÃºELA,Barrio/Colonia,24,R4,1956
24-FLRDL-001,802,FLOR DEL CAMPO (LAS DELICIAS),COMAYAGâˆšÃºELA,Barrio/Colonia,24,R3,
24-HNRYM-001,803,HENRY MERRIAN,COMAYAGâˆšÃºELA,Barrio/Colonia,24,R3,
24-NSTRZ-001,804,INESTROZA,TEGUCIGALPA/ COMAYAGâˆšÃºELA,Barrio/Colonia,24,R3,
24-JRDNS-001,805,JARDINES DE TONCONTIN,COMAYAGâˆšÃºELA,Barrio/Colonia,24,R3,2001
24-LBRRR-001,806,LA BURRERA,COMAYAGâˆšÃºELA,Barrio/Colonia,24,R3,
24-LCâˆšÃ‹D-001,807,LA CAâˆšÃ«ADA,COMAYAGâˆšÃºELA,Barrio/Colonia,24,R3,
24-LPRDR-001,808,LA PRADERA,COMAYAGâˆšÃºELA,Barrio/Colonia,24,R3,
24-LRS-001,809,LA ROSA,COMAYAGâˆšÃºELA,Barrio/Colonia,24,R4,1982
24-LSTRR-001,810,LAS TORRES,TEGUCIGALPA/ COMAYAGUELA,Barrio/Colonia,24,R3,
24-LSNDR-001,811,LUIS ANDRES ZUNIGA,COMAYAGâˆšÃºELA,Barrio/Colonia,24,R3,
24-MDSTR-001,812,MODESTO RODAS ALVARADO,COMAYAGâˆšÃºELA,Barrio/Colonia,24,R3,
24-NVSDL-001,813,NUEVAS DELICIAS,COMAYAGâˆšÃºELA,Barrio/Colonia,24,R3,
24-PRTLD-001,814,PORTAL DE LAS FLORES (CIRCUITO CERRADO),COMAYAGâˆšÃºELA,Barrio/Colonia,24,R1,2005
24-PRDR-001,815,PRADERA,COMAYAGâˆšÃºELA,Barrio/Colonia,24,R3,
24-PRDSD-001,816,PREDIOS DEL RECREO,COMAYAGâˆšÃºELA,Barrio/Colonia,24,R3,
24-PRPDD-001,817,PROPIEDAD PRIVADA LAS TORRES,COMAYAGâˆšÃºELA,Barrio/Colonia,24,R3,
24-RVS-001,818,RIVAS,COMAYAGâˆšÃºELA,Barrio/Colonia,24,R3,
24-SNLS-001,819,SAN LUIS,COMAYAGâˆšÃºELA,Barrio/Colonia,24,R3,
24-SNTBR-001,820,SANTA BARBARA,COMAYAGâˆšÃºELA,Barrio/Colonia,24,R3,
24-TRNDD-001,821,TRINIDAD,COMAYAGâˆšÃºELA,Barrio/Colonia,24,R3,
24-RBNZC-001,822,URBANIZACION LAS TORRES,COMAYAGâˆšÃºELA,Barrio/Colonia,24,R2,1991
24-VLLNL-001,823,VILLA NELITA,COMAYAGâˆšÃºELA,Barrio/Colonia,24,R4,1998
24-VLLSL-001,824,VILLAS ALCALA,COMAYAGâˆšÃºELA,Barrio/Colonia,24,R2,2007
25-14DNR-001,825,14 DE ENERO,COMAYAGâˆšÃºELA,Barrio/Colonia,25,R3,
25-LDLCS-001,826,ALDEA LA CUESTA,COMAYAGâˆšÃºELA,Barrio/Colonia,25,R3,
25-LDLCS-002,827,ALDEA LA CUESTA (BALDIO),COMAYAGâˆšÃºELA,Barrio/Colonia,25,UR,
25-LDLSL-001,828,ALDEA LA SOLEDAD,COMAYAGâˆšÃºELA,Barrio/Colonia,25,R4,1980
25-LDLSL-002,829,ALDEA LA SOLEDAD NO 2,COMAYAGâˆšÃºELA,Barrio/Colonia,25,R3,
25-LTSDL-001,830,ALTOS DE LA CENTROAMERICA,COMAYAGâˆšÃºELA,Barrio/Colonia,25,R3,
25-LTSDL-002,831,ALTOS DE LA LAGUNA,COMAYAGâˆšÃºELA,Barrio/Colonia,25,R4,2005
25-LTSDL-003,832,ALTOS DEL PARAISO,COMAYAGâˆšÃºELA,Barrio/Colonia,25,R4,1992
25-STRL-001,833,AUSTRALIA,COMAYAGâˆšÃºELA,Barrio/Colonia,25,R4,2005
25-BRRLC-001,834,BARRIO LA CUESTA NO1,COMAYAGâˆšÃºELA,Barrio/Colonia,25,R3,
25-BRSSD-001,835,BRISAS DEL NORTE,COMAYAGâˆšÃºELA,Barrio/Colonia,25,R4,1995
25-CNTRR-001,836,CANTARERO LOPEZ,COMAYAGâˆšÃºELA,Barrio/Colonia,25,R3,
25-CRRZL-001,837,CARRIZAL ZONA QUEBRACHOS,COMAYAGâˆšÃºELA,Barrio/Colonia,25,R3,
25-CSRLP-001,838,CASERIO EL PEDREGAL,COMAYAGâˆšÃºELA,Barrio/Colonia,25,R3,
25-CMNTR-001,839,CEMENTERIO DIVINO PARAISO,COMAYAGâˆšÃºELA,Barrio/Colonia,25,R3,
25-CNTNN-001,840,CENTENO NRO. 1,COMAYAGâˆšÃºELA,Barrio/Colonia,25,R3,
25-CNTNN-002,841,CENTENO NRO. 2,COMAYAGâˆšÃºELA,Barrio/Colonia,25,R3,
25-CLNVS-001,842,COL NUEVOS HORIZONTES,COMAYAGâˆšÃºELA,Barrio/Colonia,25,R3,1992
25-CLSMT-001,843,COL SMITH,COMAYAGâˆšÃºELA,Barrio/Colonia,25,R4,1980
25-CLSMT-002,844,COL SMITH NUM 2,COMAYAGâˆšÃºELA,Barrio/Colonia,25,R4,2005
25-CLNBR-001,845,COLONIA BERLIN,COMAYAGâˆšÃºELA,Barrio/Colonia,25,R3,
25-CLNSN-001,846,COLONIA SIN IDENTIFOCAR,COMAYAGâˆšÃºELA,Barrio/Colonia,25,R3,
25-CNTNN-003,847,CONTINENTAL,COMAYAGâˆšÃºELA,Barrio/Colonia,25,R3,
25-LCRRZ-001,848,EL CARRIZAL NO.2,COMAYAGâˆšÃºELA,Barrio/Colonia,25,R3,
25-LCRRZ-002,849,EL CARRIZAL ZONA 3,COMAYAGâˆšÃºELA,Barrio/Colonia,25,R3,
25-LCRRZ-003,850,EL CARRIZAL ZONA 4,COMAYAGâˆšÃºELA,Barrio/Colonia,25,R3,
25-LPDRN-001,851,EL PEDERNAL,COMAYAGâˆšÃºELA,Barrio/Colonia,25,R3,
25-LCTRC-001,852,ELECTROCENTRO,COMAYAGâˆšÃºELA,Barrio/Colonia,25,R3,
25-FRNCS-001,853,FRANCISCO MORAZAN,COMAYAGâˆšÃºELA,Barrio/Colonia,25,R4,2007
25-FRZSN-001,854,FUERZAS UNIDAS,COMAYAGâˆšÃºELA,Barrio/Colonia,25,R3,
25-GNRCN-001,855,GENERACION 2000,COMAYAGâˆšÃºELA,Barrio/Colonia,25,R3,
25-GRCSD-001,856,GRACIAS A DIOS,COMAYAGâˆšÃºELA,Barrio/Colonia,25,R3,
25-GZMN-001,857,GUZMAN,COMAYAGâˆšÃºELA,Barrio/Colonia,25,R3,
25-JRDNS-001,858,JARDINES DEL CARRIZAL,COMAYAGâˆšÃºELA,Barrio/Colonia,25,R4,2002
25-JRDNS-002,859,JARDINES DEL NORTE,COMAYAGâˆšÃºELA,Barrio/Colonia,25,R3,
25-JSDRT-001,860,JOSE A DUARTE,COMAYAGâˆšÃºELA,Barrio/Colonia,25,R4,2005
25-JSNGL-001,861,JOSE ANGEL ULLOA,COMAYAGâˆšÃºELA,Barrio/Colonia,25,R4,2003
25-JSRTR-001,862,JOSE ARTURO DUARTE,COMAYAGâˆšÃºELA,Barrio/Colonia,25,R3,
25-LSLDD-001,863,LA SOLEDAD,COMAYAGâˆšÃºELA,Barrio/Colonia,25,R3,
25-LSCCS-001,864,LAS ACACIAS,COMAYAGâˆšÃºELA,Barrio/Colonia,25,R3,2006
25-LNCLN-001,865,LINCOLN,COMAYAGâˆšÃºELA,Barrio/Colonia,25,R3,
25-LMSDL-001,866,LOMAS DEL NORTE,COMAYAGâˆšÃºELA,Barrio/Colonia,25,R4,2002
25-LSNDS-001,867,LOS ANDES,COMAYAGâˆšÃºELA,Barrio/Colonia,25,R3,
25-MRYFL-001,868,MARY FLAKES FLORES,COMAYAGâˆšÃºELA,Barrio/Colonia,25,R4,2005
25-NVLD(-001,869,NUEVA ALDEA (CASERIO JOCOMICO),COMAYAGâˆšÃºELA,Barrio/Colonia,25,R3,
25-NVSTR-001,870,NUEVA AUSTRALIA,COMAYAGâˆšÃºELA,Barrio/Colonia,25,R3,
25-NVCPT-001,871,NUEVA CAPITAL,COMAYAGâˆšÃºELA,Barrio/Colonia,25,R4,2005
25-NVDNL-001,872,NUEVA DANLI,COMAYAGâˆšÃºELA,Barrio/Colonia,25,R3,
25-NVPRV-001,873,NUEVA PROVIDENCIA,COMAYAGâˆšÃºELA,Barrio/Colonia,25,R4,1988
25-NVSHR-001,874,NUEVOS HORIZONTES,COMAYAGâˆšÃºELA,Barrio/Colonia,25,R3,
25-SNJNB-001,875,SAN JUAN BOSCO,COMAYAGâˆšÃºELA,Barrio/Colonia,25,R3,
25-SNLRN-001,876,SAN LORENZO,COMAYAGâˆšÃºELA,Barrio/Colonia,25,R3,
25-SMTHN-001,877,SMITH NO 1,COMAYAGâˆšÃºELA,Barrio/Colonia,25,R3,
25-SMTHN-002,878,SMITH NO 2,COMAYAGâˆšÃºELA,Barrio/Colonia,25,R3,
25-NDDYF-001,879,UNIDAD Y FUERZA,COMAYAGâˆšÃºELA,Barrio/Colonia,25,R3,2001
25-NNYSF-001,880,UNION Y ESFUERZO,COMAYAGâˆšÃºELA,Barrio/Colonia,25,R3,
25-VGSDL-001,881,VEGAS DEL CARRIZAL,COMAYAGâˆšÃºELA,Barrio/Colonia,25,R3,
25-VSTHR-001,882,VISTA HERMOSA DEL NORTE,COMAYAGâˆšÃºELA,Barrio/Colonia,25,R3,
26-LDLTB-001,883,ALDEA EL TABLON,TEGUCIGALPA,Barrio/Colonia,26,UR,
26-LTBLN-001,884,EL TABLON,TEGUCIGALPA,Barrio/Colonia,26,R4,2008
26-HMBRG-001,885,HAMBURGO,TEGUCIGALPA,Barrio/Colonia,26,R3,2011
26-JCLP(-001,886,JACALEAPA (CASERIO EL JICARO),TEGUCIGALPA,Barrio/Colonia,26,R3,
26-MNTFR-001,887,MONTE FRESCO,TEGUCIGALPA,Barrio/Colonia,26,R2,1996
26-PSLSC-001,888,PASEO LAS CAMPANAS,TEGUCIGALPA,Barrio/Colonia,26,R3,2011
26-PLNDL-001,889,PLAN DE LOS PINOS,TEGUCIGALPA,Barrio/Colonia,26,R3,
26-RS.LT-001,890,RES. EL TABLON,TEGUCIGALPA,Barrio/Colonia,26,R3,
27-LDDGR-001,891,ALDEA DE GERMANIA,TEGUCIGALPA,Barrio/Colonia,27,R3,
27-LDDGR-002,892,ALDEA DE GERMANIA (BALDIO),TEGUCIGALPA,Barrio/Colonia,27,UR,
27-LDLSJ-001,893,ALDEA LOS JUTES,TEGUCIGALPA,Barrio/Colonia,27,UR,
27-LTSDS-001,894,ALTOS DE SANTA ROSA,TEGUCIGALPA,Barrio/Colonia,27,R3,
27-CRZRJ-001,895,CRUZ ROJA,TEGUCIGALPA,Barrio/Colonia,27,R4,2006
27-NMNL-001,896,ENMANUEL,TEGUCIGALPA,Barrio/Colonia,27,R3,
27-FLRNT-001,897,FLORENTINOS,TEGUCIGALPA,Barrio/Colonia,27,R3,2013
27-GRMN(-001,898,"GERMANIA (CASERIOS GERMANIA, LOS JUTES Y PASO ANCH",TEGUCIGALPA,Barrio/Colonia,27,SECTOR 27,
27-JCLP(-001,899,JACALEAPA (LA CIENEGA),TEGUCIGALPA,Barrio/Colonia,27,R3,
27-LSPRL-001,900,LAS PERLAS,TEGUCIGALPA,Barrio/Colonia,27,R3,2013
27-LMSDG-001,901,LOMAS DE GERMANIA,TEGUCIGALPA,Barrio/Colonia,27,R4,2008
27-LSJTS-001,902,LOS JUTES,TEGUCIGALPA,Barrio/Colonia,27,R4,1988
27-LSTRZ-001,903,LOS TROZOS,TEGUCIGALPA,Barrio/Colonia,27,R3,
27-RS.LT-001,904,RES. ALTOS DE SANTA ROSA,TEGUCIGALPA,Barrio/Colonia,27,R3,
27-VLLSD-001,905,VILLAS DE SAN SEBASTIAN,TEGUCIGALPA,Barrio/Colonia,27,R3,2009
27-SNTCL-001,906,SANTA CLARA,TEGUCIGALPA,Barrio/Colonia,27,R4,2008
27-SNTRS-001,907,SANTA ROSA (CASERIO SANTA ROSA),TEGUCIGALPA,Barrio/Colonia,27,R3,
27-RBNZC-001,908,URBANIZACION ENMANUEL,TEGUCIGALPA,Barrio/Colonia,27,R3,
27-RBNZC-002,909,URBANIZACION LOMAS DEL TIZATILLO,TEGUCIGALPA,Barrio/Colonia,27,R3,
27-VLLLS-001,910,VILLA LAS PERLAS,TEGUCIGALPA,Barrio/Colonia,27,R3,2013
28-LDDYG-001,911,ALDEA DE YAGUASIRE,TEGUCIGALPA,Barrio/Colonia,28,R3,
28-LDLSP-001,912,ALDEA EL ESPINAL,TEGUCIGALPA,Barrio/Colonia,28,UR,
28-LDLLR-001,913,ALDEA EL LOARQUE (BALDIO),TEGUCIGALPA,Barrio/Colonia,28,UR,
28-LDLSC-001,914,ALDEA EL SAUCE,TEGUCIGALPA,Barrio/Colonia,28,R3,
28-LTSDT-001,915,ALTOS DE TONCONTIN,TEGUCIGALPA,Barrio/Colonia,28,R3,1991
28-CNTRD-001,916,CANTERA DE SANTOS Y COMPAâˆšÃ«IA,TEGUCIGALPA,Barrio/Colonia,28,ZI,
28-LPRTL-001,917,EL PORTILLO,TEGUCIGALPA,Barrio/Colonia,28,R3,2012
28-LCNCP-001,918,LA CONCEPCION,TEGUCIGALPA,Barrio/Colonia,28,R3,
28-LLM-001,919,LA LIMA,TEGUCIGALPA,Barrio/Colonia,28,R3,
28-LMSDT-001,920,LOMAS DE TONCONTIN,TEGUCIGALPA,Barrio/Colonia,28,R3,2003
28-LMSDL-001,921,LOMAS DEL PORTILLO,TEGUCIGALPA,Barrio/Colonia,28,R3,2017
28-RS.CN-001,922,RES. CONCEPCION,TEGUCIGALPA,Barrio/Colonia,28,R3,
28-SNJSD-001,923,SAN JOSE DEL LOARQUE,TEGUCIGALPA,Barrio/Colonia,28,R3,
28-VLLLS-001,924,VILLA LAS ORQUIDEAS EL SAUCE I ETAPA,TEGUCIGALPA,Barrio/Colonia,28,R3,2008
28-VLLLS-002,925,VILLA LOS ALMENDROS EL SAUCE I ETAPA,TEGUCIGALPA,Barrio/Colonia,28,R3,
28-VLLSL-001,926,VILLAS LOS GERANIOS EL SAUCE I ETAPA,TEGUCIGALPA,Barrio/Colonia,28,R3,2008
28-VLLLS-003,927,VILLA LAS HORTENCIAS EL SAUCE II ETAPA (CONDOMINIO HORIZONTAL),TEGUCIGALPA,Barrio/Colonia,28,R3,2012
28-VLLSP-001,928,VILLAS PALMERAS EL SAUCE II ETAPA (CONDOMINIO HORIZONTAL),TEGUCIGALPA,Barrio/Colonia,28,R3,2015
28-VLLLS-004,929,VILLA LOS JAZMINES EL SAUCE II ETAPA (CONDOMINIO HORIZONTAL),TEGUCIGALPA,Barrio/Colonia,28,R3,2013
28-VLLLS-005,930,VILLA LOS TULIPANES SAUCE II ETAPA (CONDOMINIO HORIZONTAL),TEGUCIGALPA,Barrio/Colonia,28,R3,2014
28-VLLLS-006,931,VILLA LOS NARANJOS EL SAUCE III ETAPA (CONDOMINIO HORIZONTAL),TEGUCIGALPA,Barrio/Colonia,28,R3,2015
28-VLLSC-001,932,VILLAS CONCEPCION,TEGUCIGALPA,Barrio/Colonia,28,R3,2015
28-YGCR(-001,933,YAGUACIRE (CASERIO EL OJO DE AGUA),TEGUCIGALPA,Barrio/Colonia,28,R3,
28-YGCR(-002,934,YAGUACIRE (CASERIO EL PORTILLO),TEGUCIGALPA,Barrio/Colonia,28,R3,
28-YGCR(-003,935,YAGUACIRE (CASERIO LAS JOYAS),TEGUCIGALPA,Barrio/Colonia,28,R3,
29-GBLNC-001,936,AGUA BLANCA,TEGUCIGALPA,Barrio/Colonia,29,R3,
29-LDDSY-001,937,ALDEA DE SUYAPA,TEGUCIGALPA,Barrio/Colonia,29,R3,
29-LDDSY-002,938,ALDEA DE SUYAPA (BALDIO),TEGUCIGALPA,Barrio/Colonia,29,UR,
29-BNSRS-001,939,BUENOS AIRES ORIENTE,TEGUCIGALPA,Barrio/Colonia,29,R4,
29-LNFRN-001,940,EL INFIERNITO,TEGUCIGALPA,Barrio/Colonia,29,R3,
29-LST-001,941,EL SITIO,TEGUCIGALPA,Barrio/Colonia,29,R3,
29-LSTRR-001,942,EL SITIO ARRIBA,TEGUCIGALPA,Barrio/Colonia,29,R3,
29-LST/9-001,943,EL SITIO/98,TEGUCIGALPA,Barrio/Colonia,29,R4,2001
29-R#1-001,944,ERA #1,TEGUCIGALPA,Barrio/Colonia,29,R3,
29-R#1-002,945,ERA #1,TEGUCIGALPA,Barrio/Colonia,29,R3,
29-FHCVL-001,946,FEHCOVIL,TEGUCIGALPA,Barrio/Colonia,29,R3,
29-FLRSD-001,947,FLORES DE ORIENTE,TEGUCIGALPA,Barrio/Colonia,29,R3,
29-LSS-001,948,LA SOSA,TEGUCIGALPA,Barrio/Colonia,29,R5,2000
29-LRR-001,949,LA AURORA,TEGUCIGALPA,Barrio/Colonia,29,R3,
29-LSSNR-001,950,LA SOSA NORTE,TEGUCIGALPA,Barrio/Colonia,29,R3,
29-LSSSR-001,951,LA SOSA SUR,TEGUCIGALPA,Barrio/Colonia,29,R3,
29-LTRVS-001,952,LA TRAVESIA,TEGUCIGALPA,Barrio/Colonia,29,R3,2012
29-LSLPS-001,953,LOS ALPES DE ORIENTE,TEGUCIGALPA,Barrio/Colonia,29,R3,
29-LSQBR-001,954,LOS QUEBRACHOS,TEGUCIGALPA,Barrio/Colonia,29,R3,
29-LTFCD-001,955,LOTIFICADORA CERRO AZUL,TEGUCIGALPA,Barrio/Colonia,29,UR,
29-MTT-001,956,MATUTE,TEGUCIGALPA,Barrio/Colonia,29,R3,
29-MRDR(-001,957,MIRADOR (LA TRAVESIA),TEGUCIGALPA,Barrio/Colonia,29,R3,2006
29-MNTSD-001,958,MONTES DE SINAI,TEGUCIGALPA,Barrio/Colonia,29,R4,2003
29-PBLPR-001,959,PABLO PORTILLO,TEGUCIGALPA,Barrio/Colonia,29,R3,
29-SNTMR-001,960,SANTA MARIA,TEGUCIGALPA,Barrio/Colonia,29,R3,
29-NVRSD-001,961,UNIVERSIDAD SUYAPA,TEGUCIGALPA,Barrio/Colonia,29,R3,
29-VLLNV-001,962,VILLA NUEVA SUYAPA 1,TEGUCIGALPA,Barrio/Colonia,29,R3,
29-VLLNV-002,963,VILLA NUEVA SUYAPA 2,TEGUCIGALPA,Barrio/Colonia,29,R3,
29-VLLNV-003,964,VILLA NUEVA SUYAPA 3,TEGUCIGALPA,Barrio/Colonia,29,R3,
29-VLLNV-004,965,VILLA NUEVA SUYAPA 4,TEGUCIGALPA,Barrio/Colonia,29,R3,
29-VLLSN-001,966,VILLAS NUEVA SUYAPA,TEGUCIGALPA,Barrio/Colonia,29,R4,2001
29-VSTHR-001,967,VISTA HERMOSA,TEGUCIGALPA,Barrio/Colonia,29,R3,
29-ZPT-001,968,ZAPOTE,TEGUCIGALPA,Barrio/Colonia,29,R3,
32-BSQSD-001,969,BOSQUES DE ALTAMIRA,TEGUCIGALPA,Barrio/Colonia,32,R3,2007
32-BRSSD-001,970,BRISAS DE ORIENTE,TEGUCIGALPA,Barrio/Colonia,32,R4,2004
32-NVRNT-001,971,NUEVA ORIENTAL Y MIRADOR DE ORIENTE,TEGUCIGALPA,Barrio/Colonia,32,R3,2011
32-VLLSD-001,972,VILLAS DEL CAMPO,TEGUCIGALPA,Barrio/Colonia,32,R3,
32-VLLSD-002,973,VILLAS DEL CAMPO I,TEGUCIGALPA,Barrio/Colonia,32,R3,
32-VLLSD-003,974,VILLAS DEL CAMPO II,TEGUCIGALPA,Barrio/Colonia,32,R3,
34-RS.LC-001,975,RES. ALCAZAR DEL SUR,TEGUCIGALPA,Barrio/Colonia,34,R3,
35-LTSDS-001,976,ALTOS DE SANTA ROSA,TEGUCIGALPA,Barrio/Colonia,35,R3,2000
35-CDDTâˆš-001,977,CIUDAD TâˆšÃ¢CNOLâˆšÃ¬GICA ROSA DE LOBO (ALCAZAR DEL SUR),TEGUCIGALPA,Barrio/Colonia,35,R3,2013
35-CNCPC-001,978,CONCEPCION II ETAPA,TEGUCIGALPA,Barrio/Colonia,35,R3,2016
35-LSMRG-001,979,LAS MARGARITAS,TEGUCIGALPA,Barrio/Colonia,35,R3,
35-LMSDM-001,980,LOMAS DE MARIA AUXILIADORA,TEGUCIGALPA,Barrio/Colonia,35,R3,2016
35-MRMRC-001,981,MARIA MERCEDES,TEGUCIGALPA,Barrio/Colonia,35,R3,2016
35-PRDRS-001,982,PRADERAS DIGNAS I Y II ETAPA,TEGUCIGALPA,Barrio/Colonia,35,R4,2017
35-RBNZC-001,983,URBANIZACION LOMAS DEL SUR,TEGUCIGALPA,Barrio/Colonia,35,R4,2008
36-HCNDR-001,984,HACIENDA REAL I ETAPA,TEGUCIGALPA,Barrio/Colonia,36,R3,2015
36-HCNDR-002,985,HACIENDA REAL II ETAPA PARTE - A - Y PARTE -B-,TEGUCIGALPA,Barrio/Colonia,36,R3,2016
36-LRBLD-001,986,LA ARBOLEDA,TEGUCIGALPA,Barrio/Colonia,36,R4,2017
36-LSCST-001,987,LAS CASITAS RESIDENCIAL,TEGUCIGALPA,Barrio/Colonia,36,R3,2013
36-PNVRD-001,988,PINO VERDE,TEGUCIGALPA,Barrio/Colonia,36,R3,2013
38-LTSDM-001,989,ALTOS DE MONTE REAL,TEGUCIGALPA,Barrio/Colonia,38,R1,1992
41-CMPVR-001,990,CAMPO VERDE,TEGUCIGALPA,Barrio/Colonia,41,R3,
41-CDDSP-001,991,CIUDAD ESPA„A,TEGUCIGALPA,Barrio/Colonia,41,R3,2010
41-DVNPR-001,992,DIVINA PROVIDENCIA,TEGUCIGALPA,Barrio/Colonia,41,R3,2011
41-LSTBY-001,993,EL STIBYS / ECO URBANIZACIONES,TEGUCIGALPA,Barrio/Colonia,41,R/R4,2008
41-PRQLG-001,994,PARQUE LOGISTICO AMARATECA (CONDOMINIO HORIZONTAL),TEGUCIGALPA,Barrio/Colonia,41,D1,2017
42-QNTSD-001,995,QUINTAS DE ZAMBRANO,TEGUCIGALPA,Barrio/Colonia,42,UR,
42-VLLDZ-001,996,VILLA DE ZAMBRANO,TEGUCIGALPA,Barrio/Colonia,42,R3,
45-QNTGJ-001,997,QUINTA GUAJINIQUIL,TEGUCIGALPA,Barrio/Colonia,45,UR,1999
54-LDSNT-001,998,ALDEA SANTA CRUZ,TEGUCIGALPA,Barrio/Colonia,54,R3,
54-BRCNO-001,999,BRICE„O,TEGUCIGALPA,Barrio/Colonia,54,R3,2009
54-LPDRR-001,1000,LA PEDRERA,TEGUCIGALPA,Barrio/Colonia,54,R3,
54-MRJS-001,1001,MARIA JOSE,TEGUCIGALPA,Barrio/Colonia,54,R4,2015
54-SNMGL-001,1002,SAN MIGUEL ARCANGEL,TEGUCIGALPA,Barrio/Colonia,54,R3,
54-VLLL-001,1003,VILLA LIA,TEGUCIGALPA,Barrio/Colonia,54,UR,1999
55-SS-001,1004,OASIS,TEGUCIGALPA,Barrio/Colonia,55,UR,2007
55-PNRSD-001,1005,PINARES DE SANTA CRUZ,TEGUCIGALPA,Barrio/Colonia,55,UR,2003
55-RS.VL-001,1006,RES. VILLA ELENA (PARTE),TEGUCIGALPA,Barrio/Colonia,55,R1,
55-SNJS-001,1007,SAN JOSE,TEGUCIGALPA,Barrio/Colonia,55,R3,2017
55-VLLLN-001,1008,VILLA ELENA,TEGUCIGALPA,Barrio/Colonia,55,UR,1991
55-VLLSN-001,1009,VILLA SAN JOSE DEL CARRIZAL,TEGUCIGALPA,Barrio/Colonia,55,R3,2012
56-CDDSP-001,1010,CIUDAD ESPERANZA /EXP -6500-15 / 4251-15,TEGUCIGALPA,Barrio/Colonia,56,R3,
56-PNL-001,1011,PENIEL,TEGUCIGALPA,Barrio/Colonia,56,R3,
56-VLLMD-001,1012,VILLA MADRID,TEGUCIGALPA,Barrio/Colonia,56,R3,2005
56-VLLML-001,1013,VILLA MILLER,TEGUCIGALPA,Barrio/Colonia,56,R3,
58-CRPNT-001,1014,CARPINTERO(CASERIOASERRADERO EL PINO),TEGUCIGALPA,Barrio/Colonia,58,HATILLO,
58-CRPNT-002,1015,CARPINTERO (VILLA CAMPESINA),TEGUCIGALPA,Barrio/Colonia,58,HATILLO,
58-VLLCM-001,1016,VILLA CAMPESINA,TEGUCIGALPA,Barrio/Colonia,58,R3,
16/29-TRVSS-001,1017,TRAVESIA SECTOR 5,TEGUCIGALPA,Barrio/Colonia,16/29,R3,2007
18/20-VLLNV-001,1018,VILLA NUEVA 7 A-B,TEGUCIGALPA,Barrio/Colonia,18/20,R4,2004
18/21-VLLNV-001,1019,VILLA NUEVA SECTOR 1,TEGUCIGALPA,Barrio/Colonia,18/21,R4,1996
18/22-VLLNV-001,1020,VILLA NUEVA SECTOR 5,TEGUCIGALPA,Barrio/Colonia,18/22,R4,2006
18/23-VLLNV-001,1021,VILLA NUEVA SECTOR 6,TEGUCIGALPA,Barrio/Colonia,18/23,R4,2005
18/29-VLLSN-001,1022,VILLA SANTA MARIA,TEGUCIGALPA,Barrio/Colonia,18/29,R3,2003
"46/47-LMP,C-001",1023,"ILAMAPA, CIUDAD SATELITE",TEGUCIGALPA,Barrio/Colonia,46/47,R4,2006